All calculations,Busbar WTG1 HV,Busbar WTG1 LV,Busbar WTG2 HV,Busbar WTG2 LV,Busbar WTG3 HV,Busbar WTG3 LV,Drilling AC SWBD\Drilling AC Bus A,Drilling AC SWBD\Drilling AC Bus B,Main SWBD\Main Bus A,Main SWBD\Main Bus B,SG Terminal 1,SG Terminal 2,SG Terminal 3,Terminal AC High Drilling A,Terminal AC High Drilling B,Terminal AC High PEC_VSDc_GEX_01,Terminal AC High PEC_VSDc_GEX_02,Terminal AC High PEC_VSDc_GEX_03,Terminal AC High PEC_VSDc_OEX_01,Terminal AC High PEC_VSDc_OEX_02,Terminal AC High PEC_VSDc_REC,Terminal AC High PEC_VSDc_WIN_01,Terminal AC High PEC_VSDc_WIN_02,Terminal AC Low Drilling A,Terminal AC Low Drilling B,Terminal AC Low PEC_VSDc_GEX_01,Terminal AC Low PEC_VSDc_GEX_02,Terminal AC Low PEC_VSDc_GEX_03,Terminal AC Low PEC_VSDc_OEX_01,Terminal AC Low PEC_VSDc_OEX_02,Terminal AC Low PEC_VSDc_REC,Terminal AC Low PEC_VSDc_WIN_01,Terminal AC Low PEC_VSDc_WIN_02,Terminal AC Low PEC_VSDc_WIN_03,Terminal ACO_01,Terminal ACO_02,Terminal SWL_01,Terminal TRA_UTL400_01,Terminal TRA_UTL400_02,Terminal TRA_UTL690_01,Terminal TRA_UTL690_02,Terminal WindPark,Utility400 SWBD/BusA,Utility400 SWBD/BusB,Utility690 SWBD\Utility690 Bus A,Utility690 SWBD\Utility690 Bus B
"Time in s","Voltage, Magnitude in p.u.","Voltage, Magnitude in p.u.","Voltage, Magnitude in p.u.","Voltage, Magnitude in p.u.","Voltage, Magnitude in p.u.","Voltage, Magnitude in p.u.","Voltage, Magnitude in p.u.","Voltage, Magnitude in p.u.","Voltage, Magnitude in p.u.","Voltage, Magnitude in p.u.","Voltage, Magnitude in p.u.","Voltage, Magnitude in p.u.","Voltage, Magnitude in p.u.","Voltage, Magnitude in p.u.","Voltage, Magnitude in p.u.","Voltage, Magnitude in p.u.","Voltage, Magnitude in p.u.","Voltage, Magnitude in p.u.","Voltage, Magnitude in p.u.","Voltage, Magnitude in p.u.","Voltage, Magnitude in p.u.","Voltage, Magnitude in p.u.","Voltage, Magnitude in p.u.","Voltage, Magnitude in p.u.","Voltage, Magnitude in p.u.","Voltage, Magnitude in p.u.","Voltage, Magnitude in p.u.","Voltage, Magnitude in p.u.","Voltage, Magnitude in p.u.","Voltage, Magnitude in p.u.","Voltage, Magnitude in p.u.","Voltage, Magnitude in p.u.","Voltage, Magnitude in p.u.","Voltage, Magnitude in p.u.","Voltage, Magnitude in p.u.","Voltage, Magnitude in p.u.","Voltage, Magnitude in p.u.","Voltage, Magnitude in p.u.","Voltage, Magnitude in p.u.","Voltage, Magnitude in p.u.","Voltage, Magnitude in p.u.","Voltage, Magnitude in p.u.","Voltage, Magnitude in p.u.","Voltage, Magnitude in p.u.","Voltage, Magnitude in p.u.","Voltage, Magnitude in p.u."
0.0000,1.0246,1.0245,1.0247,1.0245,1.0247,1.0245,1.0199,1.0199,1.0199,1.0199,1.0200,1.0200,1.0200,1.0199,1.0199,1.0196,1.0183,1.0183,1.0198,1.0197,1.0189,1.0193,1.0193,1.0198,1.0198,1.0166,1.0154,1.0154,1.0180,1.0179,1.0153,1.0163,1.0163,1.0163,1.0196,1.0196,1.0197,0.9852,0.9854,1.0194,1.0195,1.0241,0.9762,0.9763,0.9932,0.9933
0.0100,1.0246,1.0245,1.0247,1.0245,1.0247,1.0245,1.0199,1.0199,1.0199,1.0199,1.0200,1.0200,1.0200,1.0199,1.0199,1.0196,1.0183,1.0183,1.0198,1.0197,1.0189,1.0193,1.0193,1.0198,1.0198,1.0166,1.0154,1.0154,1.0180,1.0179,1.0153,1.0163,1.0163,1.0163,1.0196,1.0196,1.0197,0.9852,0.9854,1.0194,1.0195,1.0241,0.9762,0.9763,0.9932,0.9933
0.0200,1.0246,1.0245,1.0247,1.0245,1.0247,1.0245,1.0199,1.0199,1.0199,1.0199,1.0200,1.0200,1.0200,1.0199,1.0199,1.0196,1.0183,1.0183,1.0198,1.0197,1.0189,1.0193,1.0193,1.0198,1.0198,1.0166,1.0154,1.0154,1.0180,1.0179,1.0153,1.0163,1.0163,1.0163,1.0196,1.0196,1.0197,0.9852,0.9854,1.0194,1.0195,1.0241,0.9762,0.9763,0.9932,0.9933
0.0300,1.0246,1.0245,1.0247,1.0245,1.0247,1.0245,1.0199,1.0199,1.0199,1.0199,1.0200,1.0200,1.0200,1.0199,1.0199,1.0196,1.0183,1.0183,1.0198,1.0197,1.0189,1.0193,1.0193,1.0198,1.0198,1.0166,1.0154,1.0154,1.0180,1.0179,1.0153,1.0163,1.0163,1.0163,1.0196,1.0196,1.0197,0.9852,0.9854,1.0194,1.0195,1.0241,0.9762,0.9763,0.9932,0.9933
0.0400,1.0246,1.0245,1.0247,1.0245,1.0247,1.0245,1.0199,1.0199,1.0199,1.0199,1.0200,1.0200,1.0200,1.0199,1.0199,1.0196,1.0183,1.0183,1.0198,1.0197,1.0189,1.0193,1.0193,1.0198,1.0198,1.0166,1.0154,1.0154,1.0180,1.0179,1.0153,1.0163,1.0163,1.0163,1.0196,1.0196,1.0197,0.9852,0.9854,1.0194,1.0195,1.0241,0.9762,0.9763,0.9932,0.9933
0.0500,1.0246,1.0245,1.0247,1.0245,1.0247,1.0245,1.0199,1.0199,1.0199,1.0199,1.0200,1.0200,1.0200,1.0199,1.0199,1.0196,1.0183,1.0183,1.0198,1.0197,1.0189,1.0193,1.0193,1.0198,1.0198,1.0166,1.0154,1.0154,1.0180,1.0179,1.0153,1.0163,1.0163,1.0163,1.0196,1.0196,1.0197,0.9852,0.9854,1.0194,1.0195,1.0241,0.9762,0.9763,0.9932,0.9933
0.0600,1.0246,1.0245,1.0247,1.0245,1.0247,1.0245,1.0199,1.0199,1.0199,1.0199,1.0200,1.0200,1.0200,1.0199,1.0199,1.0196,1.0183,1.0183,1.0198,1.0197,1.0189,1.0193,1.0193,1.0198,1.0198,1.0166,1.0154,1.0154,1.0180,1.0179,1.0153,1.0163,1.0163,1.0163,1.0196,1.0196,1.0197,0.9852,0.9854,1.0194,1.0195,1.0241,0.9762,0.9763,0.9932,0.9933
0.0700,1.0246,1.0245,1.0247,1.0245,1.0247,1.0245,1.0199,1.0199,1.0199,1.0199,1.0200,1.0200,1.0200,1.0199,1.0199,1.0196,1.0183,1.0183,1.0198,1.0197,1.0189,1.0193,1.0193,1.0198,1.0198,1.0166,1.0154,1.0154,1.0180,1.0179,1.0153,1.0163,1.0163,1.0163,1.0196,1.0196,1.0197,0.9852,0.9854,1.0194,1.0195,1.0241,0.9762,0.9763,0.9932,0.9933
0.0800,1.0246,1.0245,1.0247,1.0245,1.0247,1.0245,1.0199,1.0199,1.0199,1.0199,1.0200,1.0200,1.0200,1.0199,1.0199,1.0196,1.0183,1.0183,1.0198,1.0197,1.0189,1.0193,1.0193,1.0198,1.0198,1.0166,1.0154,1.0154,1.0180,1.0179,1.0153,1.0163,1.0163,1.0163,1.0196,1.0196,1.0197,0.9852,0.9854,1.0194,1.0195,1.0241,0.9762,0.9763,0.9932,0.9933
0.0900,1.0246,1.0245,1.0247,1.0245,1.0247,1.0245,1.0199,1.0199,1.0199,1.0199,1.0200,1.0200,1.0200,1.0199,1.0199,1.0196,1.0183,1.0183,1.0198,1.0197,1.0189,1.0193,1.0193,1.0198,1.0198,1.0166,1.0154,1.0154,1.0180,1.0179,1.0153,1.0163,1.0163,1.0163,1.0196,1.0196,1.0197,0.9852,0.9854,1.0194,1.0195,1.0241,0.9762,0.9763,0.9932,0.9933
0.1000,1.0246,1.0245,1.0247,1.0245,1.0247,1.0245,1.0199,1.0199,1.0199,1.0199,1.0200,1.0200,1.0200,1.0199,1.0199,1.0196,1.0183,1.0183,1.0198,1.0197,1.0189,1.0193,1.0193,1.0198,1.0198,1.0166,1.0154,1.0154,1.0180,1.0179,1.0153,1.0163,1.0163,1.0163,1.0196,1.0196,1.0197,0.9852,0.9854,1.0194,1.0195,1.0241,0.9762,0.9763,0.9932,0.9933
0.1100,1.0246,1.0245,1.0247,1.0245,1.0247,1.0245,1.0199,1.0199,1.0199,1.0199,1.0200,1.0200,1.0200,1.0199,1.0199,1.0196,1.0183,1.0183,1.0198,1.0197,1.0189,1.0193,1.0193,1.0198,1.0198,1.0166,1.0154,1.0154,1.0180,1.0179,1.0153,1.0163,1.0163,1.0163,1.0196,1.0196,1.0197,0.9852,0.9854,1.0194,1.0195,1.0241,0.9762,0.9763,0.9932,0.9933
0.1200,1.0246,1.0245,1.0247,1.0245,1.0247,1.0245,1.0199,1.0199,1.0199,1.0199,1.0200,1.0200,1.0200,1.0199,1.0199,1.0196,1.0183,1.0183,1.0198,1.0197,1.0189,1.0193,1.0193,1.0198,1.0198,1.0166,1.0154,1.0154,1.0180,1.0179,1.0153,1.0163,1.0163,1.0163,1.0196,1.0196,1.0197,0.9852,0.9854,1.0194,1.0195,1.0241,0.9762,0.9763,0.9932,0.9933
0.1300,1.0246,1.0245,1.0247,1.0245,1.0247,1.0245,1.0199,1.0199,1.0199,1.0199,1.0200,1.0200,1.0200,1.0199,1.0199,1.0196,1.0183,1.0183,1.0198,1.0197,1.0189,1.0193,1.0193,1.0198,1.0198,1.0166,1.0154,1.0154,1.0180,1.0179,1.0153,1.0163,1.0163,1.0163,1.0196,1.0196,1.0197,0.9852,0.9854,1.0194,1.0195,1.0241,0.9762,0.9763,0.9932,0.9933
0.1400,1.0246,1.0245,1.0247,1.0245,1.0247,1.0245,1.0199,1.0199,1.0199,1.0199,1.0200,1.0200,1.0200,1.0199,1.0199,1.0196,1.0183,1.0183,1.0198,1.0197,1.0189,1.0193,1.0193,1.0198,1.0198,1.0166,1.0154,1.0154,1.0180,1.0179,1.0153,1.0163,1.0163,1.0163,1.0196,1.0196,1.0197,0.9852,0.9854,1.0194,1.0195,1.0241,0.9762,0.9763,0.9932,0.9933
0.1500,1.0246,1.0245,1.0247,1.0245,1.0247,1.0245,1.0199,1.0199,1.0199,1.0199,1.0200,1.0200,1.0200,1.0199,1.0199,1.0196,1.0183,1.0183,1.0198,1.0197,1.0189,1.0193,1.0193,1.0198,1.0198,1.0166,1.0154,1.0154,1.0180,1.0179,1.0153,1.0163,1.0163,1.0163,1.0196,1.0196,1.0197,0.9852,0.9854,1.0194,1.0195,1.0241,0.9762,0.9763,0.9932,0.9933
0.1600,1.0246,1.0245,1.0247,1.0245,1.0247,1.0245,1.0199,1.0199,1.0199,1.0199,1.0200,1.0200,1.0200,1.0199,1.0199,1.0196,1.0183,1.0183,1.0198,1.0197,1.0189,1.0193,1.0193,1.0198,1.0198,1.0166,1.0154,1.0154,1.0180,1.0179,1.0153,1.0163,1.0163,1.0163,1.0196,1.0196,1.0197,0.9852,0.9854,1.0194,1.0195,1.0241,0.9762,0.9763,0.9932,0.9933
0.1700,1.0246,1.0245,1.0247,1.0245,1.0247,1.0245,1.0199,1.0199,1.0199,1.0199,1.0200,1.0200,1.0200,1.0199,1.0199,1.0196,1.0183,1.0183,1.0198,1.0197,1.0189,1.0193,1.0193,1.0198,1.0198,1.0166,1.0154,1.0154,1.0180,1.0179,1.0153,1.0163,1.0163,1.0163,1.0196,1.0196,1.0197,0.9852,0.9854,1.0194,1.0195,1.0241,0.9762,0.9763,0.9932,0.9933
0.1800,1.0246,1.0245,1.0247,1.0245,1.0247,1.0245,1.0199,1.0199,1.0199,1.0199,1.0200,1.0200,1.0200,1.0199,1.0199,1.0196,1.0183,1.0183,1.0198,1.0197,1.0189,1.0193,1.0193,1.0198,1.0198,1.0166,1.0154,1.0154,1.0180,1.0179,1.0153,1.0163,1.0163,1.0163,1.0196,1.0196,1.0197,0.9852,0.9854,1.0194,1.0195,1.0241,0.9762,0.9763,0.9932,0.9933
0.1900,1.0246,1.0245,1.0247,1.0245,1.0247,1.0245,1.0199,1.0199,1.0199,1.0199,1.0200,1.0200,1.0200,1.0199,1.0199,1.0196,1.0183,1.0183,1.0198,1.0197,1.0189,1.0193,1.0193,1.0198,1.0198,1.0166,1.0154,1.0154,1.0180,1.0179,1.0153,1.0163,1.0163,1.0163,1.0196,1.0196,1.0197,0.9852,0.9854,1.0194,1.0195,1.0241,0.9762,0.9763,0.9932,0.9933
0.2000,1.0246,1.0245,1.0247,1.0245,1.0247,1.0245,1.0199,1.0199,1.0199,1.0199,1.0200,1.0200,1.0200,1.0199,1.0199,1.0196,1.0183,1.0183,1.0198,1.0197,1.0189,1.0193,1.0193,1.0198,1.0198,1.0166,1.0154,1.0154,1.0180,1.0179,1.0153,1.0163,1.0163,1.0163,1.0196,1.0196,1.0197,0.9852,0.9854,1.0194,1.0195,1.0241,0.9762,0.9763,0.9932,0.9933
0.2100,1.0246,1.0245,1.0247,1.0245,1.0247,1.0245,1.0199,1.0199,1.0199,1.0199,1.0200,1.0200,1.0200,1.0199,1.0199,1.0196,1.0183,1.0183,1.0198,1.0197,1.0189,1.0193,1.0193,1.0198,1.0198,1.0166,1.0154,1.0154,1.0180,1.0179,1.0153,1.0163,1.0163,1.0163,1.0196,1.0196,1.0197,0.9852,0.9854,1.0194,1.0195,1.0241,0.9762,0.9763,0.9932,0.9933
0.2200,1.0246,1.0245,1.0247,1.0245,1.0247,1.0245,1.0199,1.0199,1.0199,1.0199,1.0200,1.0200,1.0200,1.0199,1.0199,1.0196,1.0183,1.0183,1.0198,1.0197,1.0189,1.0193,1.0193,1.0198,1.0198,1.0166,1.0154,1.0154,1.0180,1.0179,1.0153,1.0163,1.0163,1.0163,1.0196,1.0196,1.0197,0.9852,0.9854,1.0194,1.0195,1.0241,0.9762,0.9763,0.9932,0.9933
0.2300,1.0246,1.0245,1.0247,1.0245,1.0247,1.0245,1.0199,1.0199,1.0199,1.0199,1.0200,1.0200,1.0200,1.0199,1.0199,1.0196,1.0183,1.0183,1.0198,1.0197,1.0189,1.0193,1.0193,1.0198,1.0198,1.0166,1.0154,1.0154,1.0180,1.0179,1.0153,1.0163,1.0163,1.0163,1.0196,1.0196,1.0197,0.9852,0.9854,1.0194,1.0195,1.0241,0.9762,0.9763,0.9932,0.9933
0.2400,1.0246,1.0245,1.0247,1.0245,1.0247,1.0245,1.0199,1.0199,1.0199,1.0199,1.0200,1.0200,1.0200,1.0199,1.0199,1.0196,1.0183,1.0183,1.0198,1.0197,1.0189,1.0193,1.0193,1.0198,1.0198,1.0166,1.0154,1.0154,1.0180,1.0179,1.0153,1.0163,1.0163,1.0163,1.0196,1.0196,1.0197,0.9852,0.9854,1.0194,1.0195,1.0241,0.9762,0.9763,0.9932,0.9933
0.2500,1.0246,1.0245,1.0247,1.0245,1.0247,1.0245,1.0199,1.0199,1.0199,1.0199,1.0200,1.0200,1.0200,1.0199,1.0199,1.0196,1.0183,1.0183,1.0198,1.0197,1.0189,1.0193,1.0193,1.0198,1.0198,1.0166,1.0154,1.0154,1.0180,1.0179,1.0153,1.0163,1.0163,1.0163,1.0196,1.0196,1.0197,0.9852,0.9854,1.0194,1.0195,1.0241,0.9762,0.9763,0.9932,0.9933
0.2600,1.0246,1.0245,1.0247,1.0245,1.0247,1.0245,1.0199,1.0199,1.0199,1.0199,1.0200,1.0200,1.0200,1.0199,1.0199,1.0196,1.0183,1.0183,1.0198,1.0197,1.0189,1.0193,1.0193,1.0198,1.0198,1.0166,1.0154,1.0154,1.0180,1.0179,1.0153,1.0163,1.0163,1.0163,1.0196,1.0196,1.0197,0.9852,0.9854,1.0194,1.0195,1.0241,0.9762,0.9763,0.9932,0.9933
0.2700,1.0246,1.0245,1.0247,1.0245,1.0247,1.0245,1.0199,1.0199,1.0199,1.0199,1.0200,1.0200,1.0200,1.0199,1.0199,1.0196,1.0183,1.0183,1.0198,1.0197,1.0189,1.0193,1.0193,1.0198,1.0198,1.0166,1.0154,1.0154,1.0180,1.0179,1.0153,1.0163,1.0163,1.0163,1.0196,1.0196,1.0197,0.9852,0.9854,1.0194,1.0195,1.0241,0.9762,0.9763,0.9932,0.9933
0.2800,1.0246,1.0245,1.0247,1.0245,1.0247,1.0245,1.0199,1.0199,1.0199,1.0199,1.0200,1.0200,1.0200,1.0199,1.0199,1.0196,1.0183,1.0183,1.0198,1.0197,1.0189,1.0193,1.0193,1.0198,1.0198,1.0166,1.0154,1.0154,1.0180,1.0179,1.0153,1.0163,1.0163,1.0163,1.0196,1.0196,1.0197,0.9852,0.9854,1.0194,1.0195,1.0241,0.9762,0.9763,0.9932,0.9933
0.2900,1.0246,1.0245,1.0247,1.0245,1.0247,1.0245,1.0199,1.0199,1.0199,1.0199,1.0200,1.0200,1.0200,1.0199,1.0199,1.0196,1.0183,1.0183,1.0198,1.0197,1.0189,1.0193,1.0193,1.0198,1.0198,1.0166,1.0154,1.0154,1.0180,1.0179,1.0153,1.0163,1.0163,1.0163,1.0196,1.0196,1.0197,0.9852,0.9854,1.0194,1.0195,1.0241,0.9762,0.9763,0.9932,0.9933
0.3000,1.0246,1.0245,1.0247,1.0245,1.0247,1.0245,1.0199,1.0199,1.0199,1.0199,1.0200,1.0200,1.0200,1.0199,1.0199,1.0196,1.0183,1.0183,1.0198,1.0197,1.0189,1.0193,1.0193,1.0198,1.0198,1.0166,1.0154,1.0154,1.0180,1.0179,1.0153,1.0163,1.0163,1.0163,1.0196,1.0196,1.0197,0.9852,0.9854,1.0194,1.0195,1.0241,0.9762,0.9763,0.9932,0.9933
0.3100,1.0246,1.0245,1.0247,1.0245,1.0247,1.0245,1.0199,1.0199,1.0199,1.0199,1.0200,1.0200,1.0200,1.0199,1.0199,1.0196,1.0183,1.0183,1.0198,1.0197,1.0189,1.0193,1.0193,1.0198,1.0198,1.0166,1.0154,1.0154,1.0180,1.0179,1.0153,1.0163,1.0163,1.0163,1.0196,1.0196,1.0197,0.9852,0.9854,1.0194,1.0195,1.0241,0.9762,0.9763,0.9932,0.9933
0.3200,1.0246,1.0245,1.0247,1.0245,1.0247,1.0245,1.0199,1.0199,1.0199,1.0199,1.0200,1.0200,1.0200,1.0199,1.0199,1.0196,1.0183,1.0183,1.0198,1.0197,1.0189,1.0193,1.0193,1.0198,1.0198,1.0166,1.0154,1.0154,1.0180,1.0179,1.0153,1.0163,1.0163,1.0163,1.0196,1.0196,1.0197,0.9852,0.9854,1.0194,1.0195,1.0241,0.9762,0.9763,0.9932,0.9933
0.3300,1.0246,1.0245,1.0247,1.0245,1.0247,1.0245,1.0199,1.0199,1.0199,1.0199,1.0200,1.0200,1.0200,1.0199,1.0199,1.0196,1.0183,1.0183,1.0198,1.0197,1.0189,1.0193,1.0193,1.0198,1.0198,1.0166,1.0154,1.0154,1.0180,1.0179,1.0153,1.0163,1.0163,1.0163,1.0196,1.0196,1.0197,0.9852,0.9854,1.0194,1.0195,1.0241,0.9762,0.9763,0.9932,0.9933
0.3400,1.0246,1.0245,1.0247,1.0245,1.0247,1.0245,1.0199,1.0199,1.0199,1.0199,1.0200,1.0200,1.0200,1.0199,1.0199,1.0196,1.0183,1.0183,1.0198,1.0197,1.0189,1.0193,1.0193,1.0198,1.0198,1.0166,1.0154,1.0154,1.0180,1.0179,1.0153,1.0163,1.0163,1.0163,1.0196,1.0196,1.0197,0.9852,0.9854,1.0194,1.0195,1.0241,0.9762,0.9763,0.9932,0.9933
0.3500,1.0246,1.0245,1.0247,1.0245,1.0247,1.0245,1.0199,1.0199,1.0199,1.0199,1.0200,1.0200,1.0200,1.0199,1.0199,1.0196,1.0183,1.0183,1.0198,1.0197,1.0189,1.0193,1.0193,1.0198,1.0198,1.0166,1.0154,1.0154,1.0180,1.0179,1.0153,1.0163,1.0163,1.0163,1.0196,1.0196,1.0197,0.9852,0.9854,1.0194,1.0195,1.0241,0.9762,0.9763,0.9932,0.9933
0.3600,1.0246,1.0245,1.0247,1.0245,1.0247,1.0245,1.0199,1.0199,1.0199,1.0199,1.0200,1.0200,1.0200,1.0199,1.0199,1.0196,1.0183,1.0183,1.0198,1.0197,1.0189,1.0193,1.0193,1.0198,1.0198,1.0166,1.0154,1.0154,1.0180,1.0179,1.0153,1.0163,1.0163,1.0163,1.0196,1.0196,1.0197,0.9852,0.9854,1.0194,1.0195,1.0241,0.9762,0.9763,0.9932,0.9933
0.3700,1.0246,1.0245,1.0247,1.0245,1.0247,1.0245,1.0199,1.0199,1.0199,1.0199,1.0200,1.0200,1.0200,1.0199,1.0199,1.0196,1.0183,1.0183,1.0198,1.0197,1.0189,1.0193,1.0193,1.0198,1.0198,1.0166,1.0154,1.0154,1.0180,1.0179,1.0153,1.0163,1.0163,1.0163,1.0196,1.0196,1.0197,0.9852,0.9854,1.0194,1.0195,1.0241,0.9762,0.9763,0.9932,0.9933
0.3800,1.0246,1.0245,1.0247,1.0245,1.0247,1.0245,1.0199,1.0199,1.0199,1.0199,1.0200,1.0200,1.0200,1.0199,1.0199,1.0196,1.0183,1.0183,1.0198,1.0197,1.0189,1.0193,1.0193,1.0198,1.0198,1.0166,1.0154,1.0154,1.0180,1.0179,1.0153,1.0163,1.0163,1.0163,1.0196,1.0196,1.0197,0.9852,0.9854,1.0194,1.0195,1.0241,0.9762,0.9763,0.9932,0.9933
0.3900,1.0246,1.0245,1.0247,1.0245,1.0247,1.0245,1.0199,1.0199,1.0199,1.0199,1.0200,1.0200,1.0200,1.0199,1.0199,1.0196,1.0183,1.0183,1.0198,1.0197,1.0189,1.0193,1.0193,1.0198,1.0198,1.0166,1.0154,1.0154,1.0180,1.0179,1.0153,1.0163,1.0163,1.0163,1.0196,1.0196,1.0197,0.9852,0.9854,1.0194,1.0195,1.0241,0.9762,0.9763,0.9932,0.9933
0.4000,1.0246,1.0245,1.0247,1.0245,1.0247,1.0245,1.0199,1.0199,1.0199,1.0199,1.0200,1.0200,1.0200,1.0199,1.0199,1.0196,1.0183,1.0183,1.0198,1.0197,1.0189,1.0193,1.0193,1.0198,1.0198,1.0166,1.0154,1.0154,1.0180,1.0179,1.0153,1.0163,1.0163,1.0163,1.0196,1.0196,1.0197,0.9852,0.9854,1.0194,1.0195,1.0241,0.9762,0.9763,0.9932,0.9933
0.4100,1.0246,1.0245,1.0247,1.0245,1.0247,1.0245,1.0199,1.0199,1.0199,1.0199,1.0200,1.0200,1.0200,1.0199,1.0199,1.0196,1.0183,1.0183,1.0198,1.0197,1.0189,1.0193,1.0193,1.0198,1.0198,1.0166,1.0154,1.0154,1.0180,1.0179,1.0153,1.0163,1.0163,1.0163,1.0196,1.0196,1.0197,0.9852,0.9854,1.0194,1.0195,1.0241,0.9762,0.9763,0.9932,0.9933
0.4200,1.0246,1.0245,1.0247,1.0245,1.0247,1.0245,1.0199,1.0199,1.0199,1.0199,1.0200,1.0200,1.0200,1.0199,1.0199,1.0196,1.0183,1.0183,1.0198,1.0197,1.0189,1.0193,1.0193,1.0198,1.0198,1.0166,1.0154,1.0154,1.0180,1.0179,1.0153,1.0163,1.0163,1.0163,1.0196,1.0196,1.0197,0.9852,0.9854,1.0194,1.0195,1.0241,0.9762,0.9763,0.9932,0.9933
0.4300,1.0246,1.0245,1.0247,1.0245,1.0247,1.0245,1.0199,1.0199,1.0199,1.0199,1.0200,1.0200,1.0200,1.0199,1.0199,1.0196,1.0183,1.0183,1.0198,1.0197,1.0189,1.0193,1.0193,1.0198,1.0198,1.0166,1.0154,1.0154,1.0180,1.0179,1.0153,1.0163,1.0163,1.0163,1.0196,1.0196,1.0197,0.9852,0.9854,1.0194,1.0195,1.0241,0.9762,0.9763,0.9932,0.9933
0.4400,1.0246,1.0245,1.0247,1.0245,1.0247,1.0245,1.0199,1.0199,1.0199,1.0199,1.0200,1.0200,1.0200,1.0199,1.0199,1.0196,1.0183,1.0183,1.0198,1.0197,1.0189,1.0193,1.0193,1.0198,1.0198,1.0166,1.0154,1.0154,1.0180,1.0179,1.0153,1.0163,1.0163,1.0163,1.0196,1.0196,1.0197,0.9852,0.9854,1.0194,1.0195,1.0241,0.9762,0.9763,0.9932,0.9933
0.4500,1.0246,1.0245,1.0247,1.0245,1.0247,1.0245,1.0199,1.0199,1.0199,1.0199,1.0200,1.0200,1.0200,1.0199,1.0199,1.0196,1.0183,1.0183,1.0198,1.0197,1.0189,1.0193,1.0193,1.0198,1.0198,1.0166,1.0154,1.0154,1.0180,1.0179,1.0153,1.0163,1.0163,1.0163,1.0196,1.0196,1.0197,0.9852,0.9854,1.0194,1.0195,1.0241,0.9762,0.9763,0.9932,0.9933
0.4600,1.0246,1.0245,1.0247,1.0245,1.0247,1.0245,1.0199,1.0199,1.0199,1.0199,1.0200,1.0200,1.0200,1.0199,1.0199,1.0196,1.0183,1.0183,1.0198,1.0197,1.0189,1.0193,1.0193,1.0198,1.0198,1.0166,1.0154,1.0154,1.0180,1.0179,1.0153,1.0163,1.0163,1.0163,1.0196,1.0196,1.0197,0.9852,0.9854,1.0194,1.0195,1.0241,0.9762,0.9763,0.9932,0.9933
0.4700,1.0246,1.0245,1.0247,1.0245,1.0247,1.0245,1.0199,1.0199,1.0199,1.0199,1.0200,1.0200,1.0200,1.0199,1.0199,1.0196,1.0183,1.0183,1.0198,1.0197,1.0189,1.0193,1.0193,1.0198,1.0198,1.0166,1.0154,1.0154,1.0180,1.0179,1.0153,1.0163,1.0163,1.0163,1.0196,1.0196,1.0197,0.9852,0.9854,1.0194,1.0195,1.0241,0.9762,0.9763,0.9932,0.9933
0.4800,1.0246,1.0245,1.0247,1.0245,1.0247,1.0245,1.0199,1.0199,1.0199,1.0199,1.0200,1.0200,1.0200,1.0199,1.0199,1.0196,1.0183,1.0183,1.0198,1.0197,1.0189,1.0193,1.0193,1.0198,1.0198,1.0166,1.0154,1.0154,1.0180,1.0179,1.0153,1.0163,1.0163,1.0163,1.0196,1.0196,1.0197,0.9852,0.9854,1.0194,1.0195,1.0241,0.9762,0.9763,0.9932,0.9933
0.4900,1.0246,1.0245,1.0247,1.0245,1.0247,1.0245,1.0199,1.0199,1.0199,1.0199,1.0200,1.0200,1.0200,1.0199,1.0199,1.0196,1.0183,1.0183,1.0198,1.0197,1.0189,1.0193,1.0193,1.0198,1.0198,1.0166,1.0154,1.0154,1.0180,1.0179,1.0153,1.0163,1.0163,1.0163,1.0196,1.0196,1.0197,0.9852,0.9854,1.0194,1.0195,1.0241,0.9762,0.9763,0.9932,0.9933
0.5000,1.0246,1.0245,1.0247,1.0245,1.0247,1.0245,1.0199,1.0199,1.0199,1.0199,1.0200,1.0200,1.0200,1.0199,1.0199,1.0196,1.0183,1.0183,1.0198,1.0197,1.0189,1.0193,1.0193,1.0198,1.0198,1.0166,1.0154,1.0154,1.0180,1.0179,1.0153,1.0163,1.0163,1.0163,1.0196,1.0196,1.0197,0.9852,0.9854,1.0194,1.0195,1.0241,0.9762,0.9763,0.9932,0.9933
0.5100,1.0246,1.0245,1.0247,1.0245,1.0247,1.0245,1.0199,1.0199,1.0199,1.0199,1.0200,1.0200,1.0200,1.0199,1.0199,1.0196,1.0183,1.0183,1.0198,1.0197,1.0189,1.0193,1.0193,1.0198,1.0198,1.0166,1.0154,1.0154,1.0180,1.0179,1.0153,1.0163,1.0163,1.0163,1.0196,1.0196,1.0197,0.9852,0.9854,1.0194,1.0195,1.0241,0.9762,0.9763,0.9932,0.9933
0.5200,1.0246,1.0245,1.0247,1.0245,1.0247,1.0245,1.0199,1.0199,1.0199,1.0199,1.0200,1.0200,1.0200,1.0199,1.0199,1.0196,1.0183,1.0183,1.0198,1.0197,1.0189,1.0193,1.0193,1.0198,1.0198,1.0166,1.0154,1.0154,1.0180,1.0179,1.0153,1.0163,1.0163,1.0163,1.0196,1.0196,1.0197,0.9852,0.9854,1.0194,1.0195,1.0241,0.9762,0.9763,0.9932,0.9933
0.5300,1.0246,1.0245,1.0247,1.0245,1.0247,1.0245,1.0199,1.0199,1.0199,1.0199,1.0200,1.0200,1.0200,1.0199,1.0199,1.0196,1.0183,1.0183,1.0198,1.0197,1.0189,1.0193,1.0193,1.0198,1.0198,1.0166,1.0154,1.0154,1.0180,1.0179,1.0153,1.0163,1.0163,1.0163,1.0196,1.0196,1.0197,0.9852,0.9854,1.0194,1.0195,1.0241,0.9762,0.9763,0.9932,0.9933
0.5400,1.0246,1.0245,1.0247,1.0245,1.0247,1.0245,1.0199,1.0199,1.0199,1.0199,1.0200,1.0200,1.0200,1.0199,1.0199,1.0196,1.0183,1.0183,1.0198,1.0197,1.0189,1.0193,1.0193,1.0198,1.0198,1.0166,1.0154,1.0154,1.0180,1.0179,1.0153,1.0163,1.0163,1.0163,1.0196,1.0196,1.0197,0.9852,0.9854,1.0194,1.0195,1.0241,0.9762,0.9763,0.9932,0.9933
0.5500,1.0246,1.0245,1.0247,1.0245,1.0247,1.0245,1.0199,1.0199,1.0199,1.0199,1.0200,1.0200,1.0200,1.0199,1.0199,1.0196,1.0183,1.0183,1.0198,1.0197,1.0189,1.0193,1.0193,1.0198,1.0198,1.0166,1.0154,1.0154,1.0180,1.0179,1.0153,1.0163,1.0163,1.0163,1.0196,1.0196,1.0197,0.9852,0.9854,1.0194,1.0195,1.0241,0.9762,0.9763,0.9932,0.9933
0.5600,1.0246,1.0245,1.0247,1.0245,1.0247,1.0245,1.0199,1.0199,1.0199,1.0199,1.0200,1.0200,1.0200,1.0199,1.0199,1.0196,1.0183,1.0183,1.0198,1.0197,1.0189,1.0193,1.0193,1.0198,1.0198,1.0166,1.0154,1.0154,1.0180,1.0179,1.0153,1.0163,1.0163,1.0163,1.0196,1.0196,1.0197,0.9852,0.9854,1.0194,1.0195,1.0241,0.9762,0.9763,0.9932,0.9933
0.5700,1.0246,1.0245,1.0247,1.0245,1.0247,1.0245,1.0199,1.0199,1.0199,1.0199,1.0200,1.0200,1.0200,1.0199,1.0199,1.0196,1.0183,1.0183,1.0198,1.0197,1.0189,1.0193,1.0193,1.0198,1.0198,1.0166,1.0154,1.0154,1.0180,1.0179,1.0153,1.0163,1.0163,1.0163,1.0196,1.0196,1.0197,0.9852,0.9854,1.0194,1.0195,1.0241,0.9762,0.9763,0.9932,0.9933
0.5800,1.0246,1.0245,1.0247,1.0245,1.0247,1.0245,1.0199,1.0199,1.0199,1.0199,1.0200,1.0200,1.0200,1.0199,1.0199,1.0196,1.0183,1.0183,1.0198,1.0197,1.0189,1.0193,1.0193,1.0198,1.0198,1.0166,1.0154,1.0154,1.0180,1.0179,1.0153,1.0163,1.0163,1.0163,1.0196,1.0196,1.0197,0.9852,0.9854,1.0194,1.0195,1.0241,0.9762,0.9763,0.9932,0.9933
0.5900,1.0246,1.0245,1.0247,1.0245,1.0247,1.0245,1.0199,1.0199,1.0199,1.0199,1.0200,1.0200,1.0200,1.0199,1.0199,1.0196,1.0183,1.0183,1.0198,1.0197,1.0189,1.0193,1.0193,1.0198,1.0198,1.0166,1.0154,1.0154,1.0180,1.0179,1.0153,1.0163,1.0163,1.0163,1.0196,1.0196,1.0197,0.9852,0.9854,1.0194,1.0195,1.0241,0.9762,0.9763,0.9932,0.9933
0.6000,1.0246,1.0245,1.0247,1.0245,1.0247,1.0245,1.0199,1.0199,1.0199,1.0199,1.0200,1.0200,1.0200,1.0199,1.0199,1.0196,1.0183,1.0183,1.0198,1.0197,1.0189,1.0193,1.0193,1.0198,1.0198,1.0166,1.0154,1.0154,1.0180,1.0179,1.0153,1.0163,1.0163,1.0163,1.0196,1.0196,1.0197,0.9852,0.9854,1.0194,1.0195,1.0241,0.9762,0.9763,0.9932,0.9933
0.6100,1.0246,1.0245,1.0247,1.0245,1.0247,1.0245,1.0199,1.0199,1.0199,1.0199,1.0200,1.0200,1.0200,1.0199,1.0199,1.0196,1.0183,1.0183,1.0198,1.0197,1.0189,1.0193,1.0193,1.0198,1.0198,1.0166,1.0154,1.0154,1.0180,1.0179,1.0153,1.0163,1.0163,1.0163,1.0196,1.0196,1.0197,0.9852,0.9854,1.0194,1.0195,1.0241,0.9762,0.9763,0.9932,0.9933
0.6200,1.0246,1.0245,1.0247,1.0245,1.0247,1.0245,1.0199,1.0199,1.0199,1.0199,1.0200,1.0200,1.0200,1.0199,1.0199,1.0196,1.0183,1.0183,1.0198,1.0197,1.0189,1.0193,1.0193,1.0198,1.0198,1.0166,1.0154,1.0154,1.0180,1.0179,1.0153,1.0163,1.0163,1.0163,1.0196,1.0196,1.0197,0.9852,0.9854,1.0194,1.0195,1.0241,0.9762,0.9763,0.9932,0.9933
0.6300,1.0246,1.0245,1.0247,1.0245,1.0247,1.0245,1.0199,1.0199,1.0199,1.0199,1.0200,1.0200,1.0200,1.0199,1.0199,1.0196,1.0183,1.0183,1.0198,1.0197,1.0189,1.0193,1.0193,1.0198,1.0198,1.0166,1.0154,1.0154,1.0180,1.0179,1.0153,1.0163,1.0163,1.0163,1.0196,1.0196,1.0197,0.9852,0.9854,1.0194,1.0195,1.0241,0.9762,0.9763,0.9932,0.9933
0.6400,1.0246,1.0245,1.0247,1.0245,1.0247,1.0245,1.0199,1.0199,1.0199,1.0199,1.0200,1.0200,1.0200,1.0199,1.0199,1.0196,1.0183,1.0183,1.0198,1.0197,1.0189,1.0193,1.0193,1.0198,1.0198,1.0166,1.0154,1.0154,1.0180,1.0179,1.0153,1.0163,1.0163,1.0163,1.0196,1.0196,1.0197,0.9852,0.9854,1.0194,1.0195,1.0241,0.9762,0.9763,0.9932,0.9933
0.6500,1.0246,1.0245,1.0247,1.0245,1.0247,1.0245,1.0199,1.0199,1.0199,1.0199,1.0200,1.0200,1.0200,1.0199,1.0199,1.0196,1.0183,1.0183,1.0198,1.0197,1.0189,1.0193,1.0193,1.0198,1.0198,1.0166,1.0154,1.0154,1.0180,1.0179,1.0153,1.0163,1.0163,1.0163,1.0196,1.0196,1.0197,0.9852,0.9854,1.0194,1.0195,1.0241,0.9762,0.9763,0.9932,0.9933
0.6600,1.0246,1.0245,1.0247,1.0245,1.0247,1.0245,1.0199,1.0199,1.0199,1.0199,1.0200,1.0200,1.0200,1.0199,1.0199,1.0196,1.0183,1.0183,1.0198,1.0197,1.0189,1.0193,1.0193,1.0198,1.0198,1.0166,1.0154,1.0154,1.0180,1.0179,1.0153,1.0163,1.0163,1.0163,1.0196,1.0196,1.0197,0.9852,0.9854,1.0194,1.0195,1.0241,0.9762,0.9763,0.9932,0.9933
0.6700,1.0246,1.0245,1.0247,1.0245,1.0247,1.0245,1.0199,1.0199,1.0199,1.0199,1.0200,1.0200,1.0200,1.0199,1.0199,1.0196,1.0183,1.0183,1.0198,1.0197,1.0189,1.0193,1.0193,1.0198,1.0198,1.0166,1.0154,1.0154,1.0180,1.0179,1.0153,1.0163,1.0163,1.0163,1.0196,1.0196,1.0197,0.9852,0.9854,1.0194,1.0195,1.0241,0.9762,0.9763,0.9932,0.9933
0.6800,1.0246,1.0245,1.0247,1.0245,1.0247,1.0245,1.0199,1.0199,1.0199,1.0199,1.0200,1.0200,1.0200,1.0199,1.0199,1.0196,1.0183,1.0183,1.0198,1.0197,1.0189,1.0193,1.0193,1.0198,1.0198,1.0166,1.0154,1.0154,1.0180,1.0179,1.0153,1.0163,1.0163,1.0163,1.0196,1.0196,1.0197,0.9852,0.9854,1.0194,1.0195,1.0241,0.9762,0.9763,0.9932,0.9933
0.6900,1.0246,1.0245,1.0247,1.0245,1.0247,1.0245,1.0199,1.0199,1.0199,1.0199,1.0200,1.0200,1.0200,1.0199,1.0199,1.0196,1.0183,1.0183,1.0198,1.0197,1.0189,1.0193,1.0193,1.0198,1.0198,1.0166,1.0154,1.0154,1.0180,1.0179,1.0153,1.0163,1.0163,1.0163,1.0196,1.0196,1.0197,0.9852,0.9854,1.0194,1.0195,1.0241,0.9762,0.9763,0.9932,0.9933
0.7000,1.0246,1.0245,1.0247,1.0245,1.0247,1.0245,1.0199,1.0199,1.0199,1.0199,1.0200,1.0200,1.0200,1.0199,1.0199,1.0196,1.0183,1.0183,1.0198,1.0197,1.0189,1.0193,1.0193,1.0198,1.0198,1.0166,1.0154,1.0154,1.0180,1.0179,1.0153,1.0163,1.0163,1.0163,1.0196,1.0196,1.0197,0.9852,0.9854,1.0194,1.0195,1.0241,0.9762,0.9763,0.9932,0.9933
0.7100,1.0246,1.0245,1.0247,1.0245,1.0247,1.0245,1.0199,1.0199,1.0199,1.0199,1.0200,1.0200,1.0200,1.0199,1.0199,1.0196,1.0183,1.0183,1.0198,1.0197,1.0189,1.0193,1.0193,1.0198,1.0198,1.0166,1.0154,1.0154,1.0180,1.0179,1.0153,1.0163,1.0163,1.0163,1.0196,1.0196,1.0197,0.9852,0.9854,1.0194,1.0195,1.0241,0.9762,0.9763,0.9932,0.9933
0.7200,1.0246,1.0245,1.0247,1.0245,1.0247,1.0245,1.0199,1.0199,1.0199,1.0199,1.0200,1.0200,1.0200,1.0199,1.0199,1.0196,1.0183,1.0183,1.0198,1.0197,1.0189,1.0193,1.0193,1.0198,1.0198,1.0166,1.0154,1.0154,1.0180,1.0179,1.0153,1.0163,1.0163,1.0163,1.0196,1.0196,1.0197,0.9852,0.9854,1.0194,1.0195,1.0241,0.9762,0.9763,0.9932,0.9933
0.7300,1.0246,1.0245,1.0247,1.0245,1.0247,1.0245,1.0199,1.0199,1.0199,1.0199,1.0200,1.0200,1.0200,1.0199,1.0199,1.0196,1.0183,1.0183,1.0198,1.0197,1.0189,1.0193,1.0193,1.0198,1.0198,1.0166,1.0154,1.0154,1.0180,1.0179,1.0153,1.0163,1.0163,1.0163,1.0196,1.0196,1.0197,0.9852,0.9854,1.0194,1.0195,1.0241,0.9762,0.9763,0.9932,0.9933
0.7400,1.0246,1.0245,1.0247,1.0245,1.0247,1.0245,1.0199,1.0199,1.0199,1.0199,1.0200,1.0200,1.0200,1.0199,1.0199,1.0196,1.0183,1.0183,1.0198,1.0197,1.0189,1.0193,1.0193,1.0198,1.0198,1.0166,1.0154,1.0154,1.0180,1.0179,1.0153,1.0163,1.0163,1.0163,1.0196,1.0196,1.0197,0.9852,0.9854,1.0194,1.0195,1.0241,0.9762,0.9763,0.9932,0.9933
0.7500,1.0246,1.0245,1.0247,1.0245,1.0247,1.0245,1.0199,1.0199,1.0199,1.0199,1.0200,1.0200,1.0200,1.0199,1.0199,1.0196,1.0183,1.0183,1.0198,1.0197,1.0189,1.0193,1.0193,1.0198,1.0198,1.0166,1.0154,1.0154,1.0180,1.0179,1.0153,1.0163,1.0163,1.0163,1.0196,1.0196,1.0197,0.9852,0.9854,1.0194,1.0195,1.0241,0.9762,0.9763,0.9932,0.9933
0.7600,1.0246,1.0245,1.0247,1.0245,1.0247,1.0245,1.0199,1.0199,1.0199,1.0199,1.0200,1.0200,1.0200,1.0199,1.0199,1.0196,1.0183,1.0183,1.0198,1.0197,1.0189,1.0193,1.0193,1.0198,1.0198,1.0166,1.0154,1.0154,1.0180,1.0179,1.0153,1.0163,1.0163,1.0163,1.0196,1.0196,1.0197,0.9852,0.9854,1.0194,1.0195,1.0241,0.9762,0.9763,0.9932,0.9933
0.7700,1.0246,1.0245,1.0247,1.0245,1.0247,1.0245,1.0199,1.0199,1.0199,1.0199,1.0200,1.0200,1.0200,1.0199,1.0199,1.0196,1.0183,1.0183,1.0198,1.0197,1.0189,1.0193,1.0193,1.0198,1.0198,1.0166,1.0154,1.0154,1.0180,1.0179,1.0153,1.0163,1.0163,1.0163,1.0196,1.0196,1.0197,0.9852,0.9854,1.0194,1.0195,1.0241,0.9762,0.9763,0.9932,0.9933
0.7800,1.0246,1.0245,1.0247,1.0245,1.0247,1.0245,1.0199,1.0199,1.0199,1.0199,1.0200,1.0200,1.0200,1.0199,1.0199,1.0196,1.0183,1.0183,1.0198,1.0197,1.0189,1.0193,1.0193,1.0198,1.0198,1.0166,1.0154,1.0154,1.0180,1.0179,1.0153,1.0163,1.0163,1.0163,1.0196,1.0196,1.0197,0.9852,0.9854,1.0194,1.0195,1.0241,0.9762,0.9763,0.9932,0.9933
0.7900,1.0246,1.0245,1.0247,1.0245,1.0247,1.0245,1.0199,1.0199,1.0199,1.0199,1.0200,1.0200,1.0200,1.0199,1.0199,1.0196,1.0183,1.0183,1.0198,1.0197,1.0189,1.0193,1.0193,1.0198,1.0198,1.0166,1.0154,1.0154,1.0180,1.0179,1.0153,1.0163,1.0163,1.0163,1.0196,1.0196,1.0197,0.9852,0.9854,1.0194,1.0195,1.0241,0.9762,0.9763,0.9932,0.9933
0.8000,1.0246,1.0245,1.0247,1.0245,1.0247,1.0245,1.0199,1.0199,1.0199,1.0199,1.0200,1.0200,1.0200,1.0199,1.0199,1.0196,1.0183,1.0183,1.0198,1.0197,1.0189,1.0193,1.0193,1.0198,1.0198,1.0166,1.0154,1.0154,1.0180,1.0179,1.0153,1.0163,1.0163,1.0163,1.0196,1.0196,1.0197,0.9852,0.9854,1.0194,1.0195,1.0241,0.9762,0.9763,0.9932,0.9933
0.8100,1.0246,1.0245,1.0247,1.0245,1.0247,1.0245,1.0199,1.0199,1.0199,1.0199,1.0200,1.0200,1.0200,1.0199,1.0199,1.0196,1.0183,1.0183,1.0198,1.0197,1.0189,1.0193,1.0193,1.0198,1.0198,1.0166,1.0154,1.0154,1.0180,1.0179,1.0153,1.0163,1.0163,1.0163,1.0196,1.0196,1.0197,0.9852,0.9854,1.0194,1.0195,1.0241,0.9762,0.9763,0.9932,0.9933
0.8200,1.0246,1.0245,1.0247,1.0245,1.0247,1.0245,1.0199,1.0199,1.0199,1.0199,1.0200,1.0200,1.0200,1.0199,1.0199,1.0196,1.0183,1.0183,1.0198,1.0197,1.0189,1.0193,1.0193,1.0198,1.0198,1.0166,1.0154,1.0154,1.0180,1.0179,1.0153,1.0163,1.0163,1.0163,1.0196,1.0196,1.0197,0.9852,0.9854,1.0194,1.0195,1.0241,0.9762,0.9763,0.9932,0.9933
0.8300,1.0246,1.0245,1.0247,1.0245,1.0247,1.0245,1.0199,1.0199,1.0199,1.0199,1.0200,1.0200,1.0200,1.0199,1.0199,1.0196,1.0183,1.0183,1.0198,1.0197,1.0189,1.0193,1.0193,1.0198,1.0198,1.0166,1.0154,1.0154,1.0180,1.0179,1.0153,1.0163,1.0163,1.0163,1.0196,1.0196,1.0197,0.9852,0.9854,1.0194,1.0195,1.0241,0.9762,0.9763,0.9932,0.9933
0.8400,1.0246,1.0245,1.0247,1.0245,1.0247,1.0245,1.0199,1.0199,1.0199,1.0199,1.0200,1.0200,1.0200,1.0199,1.0199,1.0196,1.0183,1.0183,1.0198,1.0197,1.0189,1.0193,1.0193,1.0198,1.0198,1.0166,1.0154,1.0154,1.0180,1.0179,1.0153,1.0163,1.0163,1.0163,1.0196,1.0196,1.0197,0.9852,0.9854,1.0194,1.0195,1.0241,0.9762,0.9763,0.9932,0.9933
0.8500,1.0246,1.0245,1.0247,1.0245,1.0247,1.0245,1.0199,1.0199,1.0199,1.0199,1.0200,1.0200,1.0200,1.0199,1.0199,1.0196,1.0183,1.0183,1.0198,1.0197,1.0189,1.0193,1.0193,1.0198,1.0198,1.0166,1.0154,1.0154,1.0180,1.0179,1.0153,1.0163,1.0163,1.0163,1.0196,1.0196,1.0197,0.9852,0.9854,1.0194,1.0195,1.0241,0.9762,0.9763,0.9932,0.9933
0.8600,1.0246,1.0245,1.0247,1.0245,1.0247,1.0245,1.0199,1.0199,1.0199,1.0199,1.0200,1.0200,1.0200,1.0199,1.0199,1.0196,1.0183,1.0183,1.0198,1.0197,1.0189,1.0193,1.0193,1.0198,1.0198,1.0166,1.0154,1.0154,1.0180,1.0179,1.0153,1.0163,1.0163,1.0163,1.0196,1.0196,1.0197,0.9852,0.9854,1.0194,1.0195,1.0241,0.9762,0.9763,0.9932,0.9933
0.8700,1.0246,1.0245,1.0247,1.0245,1.0247,1.0245,1.0199,1.0199,1.0199,1.0199,1.0200,1.0200,1.0200,1.0199,1.0199,1.0196,1.0183,1.0183,1.0198,1.0197,1.0189,1.0193,1.0193,1.0198,1.0198,1.0166,1.0154,1.0154,1.0180,1.0179,1.0153,1.0163,1.0163,1.0163,1.0196,1.0196,1.0197,0.9852,0.9854,1.0194,1.0195,1.0241,0.9762,0.9763,0.9932,0.9933
0.8800,1.0246,1.0245,1.0247,1.0245,1.0247,1.0245,1.0199,1.0199,1.0199,1.0199,1.0200,1.0200,1.0200,1.0199,1.0199,1.0196,1.0183,1.0183,1.0198,1.0197,1.0189,1.0193,1.0193,1.0198,1.0198,1.0166,1.0154,1.0154,1.0180,1.0179,1.0153,1.0163,1.0163,1.0163,1.0196,1.0196,1.0197,0.9852,0.9854,1.0194,1.0195,1.0241,0.9762,0.9763,0.9932,0.9933
0.8900,1.0246,1.0245,1.0247,1.0245,1.0247,1.0245,1.0199,1.0199,1.0199,1.0199,1.0200,1.0200,1.0200,1.0199,1.0199,1.0196,1.0183,1.0183,1.0198,1.0197,1.0189,1.0193,1.0193,1.0198,1.0198,1.0166,1.0154,1.0154,1.0180,1.0179,1.0153,1.0163,1.0163,1.0163,1.0196,1.0196,1.0197,0.9852,0.9854,1.0194,1.0195,1.0241,0.9762,0.9763,0.9932,0.9933
0.9000,1.0246,1.0245,1.0247,1.0245,1.0247,1.0245,1.0199,1.0199,1.0199,1.0199,1.0200,1.0200,1.0200,1.0199,1.0199,1.0196,1.0183,1.0183,1.0198,1.0197,1.0189,1.0193,1.0193,1.0198,1.0198,1.0166,1.0154,1.0154,1.0180,1.0179,1.0153,1.0163,1.0163,1.0163,1.0196,1.0196,1.0197,0.9852,0.9854,1.0194,1.0195,1.0241,0.9762,0.9763,0.9932,0.9933
0.9100,1.0246,1.0245,1.0247,1.0245,1.0247,1.0245,1.0199,1.0199,1.0199,1.0199,1.0200,1.0200,1.0200,1.0199,1.0199,1.0196,1.0183,1.0183,1.0198,1.0197,1.0189,1.0193,1.0193,1.0198,1.0198,1.0166,1.0154,1.0154,1.0180,1.0179,1.0153,1.0163,1.0163,1.0163,1.0196,1.0196,1.0197,0.9852,0.9854,1.0194,1.0195,1.0241,0.9762,0.9763,0.9932,0.9933
0.9200,1.0246,1.0245,1.0247,1.0245,1.0247,1.0245,1.0199,1.0199,1.0199,1.0199,1.0200,1.0200,1.0200,1.0199,1.0199,1.0196,1.0183,1.0183,1.0198,1.0197,1.0189,1.0193,1.0193,1.0198,1.0198,1.0166,1.0154,1.0154,1.0180,1.0179,1.0153,1.0163,1.0163,1.0163,1.0196,1.0196,1.0197,0.9852,0.9854,1.0194,1.0195,1.0241,0.9762,0.9763,0.9932,0.9933
0.9300,1.0246,1.0245,1.0247,1.0245,1.0247,1.0245,1.0199,1.0199,1.0199,1.0199,1.0200,1.0200,1.0200,1.0199,1.0199,1.0196,1.0183,1.0183,1.0198,1.0197,1.0189,1.0193,1.0193,1.0198,1.0198,1.0166,1.0154,1.0154,1.0180,1.0179,1.0153,1.0163,1.0163,1.0163,1.0196,1.0196,1.0197,0.9852,0.9854,1.0194,1.0195,1.0241,0.9762,0.9763,0.9932,0.9933
0.9400,1.0246,1.0245,1.0247,1.0245,1.0247,1.0245,1.0199,1.0199,1.0199,1.0199,1.0200,1.0200,1.0200,1.0199,1.0199,1.0196,1.0183,1.0183,1.0198,1.0197,1.0189,1.0193,1.0193,1.0198,1.0198,1.0166,1.0154,1.0154,1.0180,1.0179,1.0153,1.0163,1.0163,1.0163,1.0196,1.0196,1.0197,0.9852,0.9854,1.0194,1.0195,1.0241,0.9762,0.9763,0.9932,0.9933
0.9500,1.0246,1.0245,1.0247,1.0245,1.0247,1.0245,1.0199,1.0199,1.0199,1.0199,1.0200,1.0200,1.0200,1.0199,1.0199,1.0196,1.0183,1.0183,1.0198,1.0197,1.0189,1.0193,1.0193,1.0198,1.0198,1.0166,1.0154,1.0154,1.0180,1.0179,1.0153,1.0163,1.0163,1.0163,1.0196,1.0196,1.0197,0.9852,0.9854,1.0194,1.0195,1.0241,0.9762,0.9763,0.9932,0.9933
0.9600,1.0246,1.0245,1.0247,1.0245,1.0247,1.0245,1.0199,1.0199,1.0199,1.0199,1.0200,1.0200,1.0200,1.0199,1.0199,1.0196,1.0183,1.0183,1.0198,1.0197,1.0189,1.0193,1.0193,1.0198,1.0198,1.0166,1.0154,1.0154,1.0180,1.0179,1.0153,1.0163,1.0163,1.0163,1.0196,1.0196,1.0197,0.9852,0.9854,1.0194,1.0195,1.0241,0.9762,0.9763,0.9932,0.9933
0.9700,1.0246,1.0245,1.0247,1.0245,1.0247,1.0245,1.0199,1.0199,1.0199,1.0199,1.0200,1.0200,1.0200,1.0199,1.0199,1.0196,1.0183,1.0183,1.0198,1.0197,1.0189,1.0193,1.0193,1.0198,1.0198,1.0166,1.0154,1.0154,1.0180,1.0179,1.0153,1.0163,1.0163,1.0163,1.0196,1.0196,1.0197,0.9852,0.9854,1.0194,1.0195,1.0241,0.9762,0.9763,0.9932,0.9933
0.9800,1.0246,1.0245,1.0247,1.0245,1.0247,1.0245,1.0199,1.0199,1.0199,1.0199,1.0200,1.0200,1.0200,1.0199,1.0199,1.0196,1.0183,1.0183,1.0198,1.0197,1.0189,1.0193,1.0193,1.0198,1.0198,1.0166,1.0154,1.0154,1.0180,1.0179,1.0153,1.0163,1.0163,1.0163,1.0196,1.0196,1.0197,0.9852,0.9854,1.0194,1.0195,1.0241,0.9762,0.9763,0.9932,0.9933
0.9900,1.0246,1.0245,1.0247,1.0245,1.0247,1.0245,1.0199,1.0199,1.0199,1.0199,1.0200,1.0200,1.0200,1.0199,1.0199,1.0196,1.0183,1.0183,1.0198,1.0197,1.0189,1.0193,1.0193,1.0198,1.0198,1.0166,1.0154,1.0154,1.0180,1.0179,1.0153,1.0163,1.0163,1.0163,1.0196,1.0196,1.0197,0.9852,0.9854,1.0194,1.0195,1.0241,0.9762,0.9763,0.9932,0.9933
1.0000,1.0246,1.0245,1.0247,1.0245,1.0247,1.0245,1.0199,1.0199,1.0199,1.0199,1.0200,1.0200,1.0200,1.0199,1.0199,1.0196,1.0183,1.0183,1.0198,1.0197,1.0189,1.0193,1.0193,1.0198,1.0198,1.0166,1.0154,1.0154,1.0180,1.0179,1.0153,1.0163,1.0163,1.0163,1.0196,1.0196,1.0197,0.9852,0.9854,1.0194,1.0195,1.0241,0.9762,0.9763,0.9932,0.9933
1.0055,1.0274,1.0273,1.0274,1.0273,1.0274,1.0273,1.0226,1.0226,1.0226,1.0226,1.0227,1.0227,1.0227,1.0226,1.0226,1.0223,1.0210,1.0210,1.0226,1.0225,1.0216,1.0220,1.0220,1.0238,1.0238,1.0199,1.0186,1.0186,1.0213,1.0212,1.0186,1.0196,1.0196,1.0196,1.0223,1.0223,1.0224,0.9875,0.9161,1.0221,0.9163,1.0268,0.9784,0.9159,0.9955,0.9162
1.0126,1.0271,1.0270,1.0271,1.0270,1.0271,1.0270,1.0223,1.0223,1.0223,1.0223,1.0224,1.0224,1.0224,1.0223,1.0223,1.0220,1.0207,1.0207,1.0223,1.0222,1.0213,1.0217,1.0217,1.0232,1.0232,1.0194,1.0181,1.0181,1.0208,1.0207,1.0181,1.0191,1.0191,1.0191,1.0220,1.0220,1.0221,0.9873,0.9054,1.0218,0.9055,1.0265,0.9782,0.9051,0.9953,0.9055
1.0226,1.0265,1.0264,1.0265,1.0264,1.0265,1.0264,1.0217,1.0217,1.0217,1.0217,1.0218,1.0218,1.0218,1.0217,1.0217,1.0214,1.0201,1.0201,1.0217,1.0216,1.0207,1.0211,1.0211,1.0222,1.0222,1.0185,1.0173,1.0173,1.0199,1.0198,1.0172,1.0182,1.0182,1.0182,1.0215,1.0215,1.0215,0.9869,0.8948,1.0212,0.8949,1.0259,0.9778,0.8945,0.9948,0.8949
1.0326,1.0262,1.0260,1.0262,1.0261,1.0262,1.0261,1.0214,1.0214,1.0214,1.0214,1.0215,1.0215,1.0215,1.0214,1.0214,1.0211,1.0198,1.0198,1.0214,1.0213,1.0204,1.0208,1.0208,1.0216,1.0216,1.0181,1.0169,1.0169,1.0195,1.0194,1.0169,1.0178,1.0178,1.0178,1.0211,1.0211,1.0212,0.9866,0.8860,1.0209,0.8861,1.0256,0.9775,0.8858,0.9945,0.8861
1.0426,1.0258,1.0257,1.0258,1.0257,1.0258,1.0257,1.0210,1.0210,1.0210,1.0210,1.0211,1.0211,1.0211,1.0210,1.0210,1.0207,1.0194,1.0194,1.0210,1.0209,1.0200,1.0204,1.0204,1.0209,1.0209,1.0177,1.0165,1.0165,1.0191,1.0190,1.0164,1.0174,1.0174,1.0174,1.0208,1.0208,1.0208,0.9863,0.8773,1.0205,0.8774,1.0252,0.9772,0.8770,0.9942,0.8774
1.0526,1.0255,1.0254,1.0255,1.0254,1.0255,1.0254,1.0207,1.0207,1.0207,1.0207,1.0208,1.0208,1.0208,1.0207,1.0207,1.0204,1.0191,1.0191,1.0207,1.0206,1.0197,1.0201,1.0201,1.0204,1.0204,1.0174,1.0161,1.0161,1.0188,1.0187,1.0161,1.0171,1.0171,1.0171,1.0205,1.0205,1.0205,0.9860,0.8686,1.0202,0.8688,1.0249,0.9770,0.8684,0.9940,0.8687
1.0626,1.0252,1.0250,1.0252,1.0251,1.0252,1.0251,1.0204,1.0204,1.0204,1.0204,1.0205,1.0205,1.0205,1.0204,1.0204,1.0201,1.0188,1.0188,1.0204,1.0203,1.0194,1.0198,1.0198,1.0200,1.0200,1.0170,1.0158,1.0158,1.0185,1.0184,1.0158,1.0168,1.0168,1.0168,1.0201,1.0201,1.0202,0.9858,0.8601,1.0199,0.8602,1.0246,0.9767,0.8599,0.9937,0.8602
1.0726,1.0250,1.0249,1.0250,1.0249,1.0250,1.0249,1.0202,1.0202,1.0202,1.0202,1.0204,1.0204,1.0204,1.0202,1.0202,1.0199,1.0187,1.0187,1.0202,1.0201,1.0193,1.0197,1.0197,1.0200,1.0200,1.0170,1.0157,1.0157,1.0184,1.0183,1.0157,1.0167,1.0167,1.0167,1.0200,1.0200,1.0200,0.9856,0.8517,1.0197,0.8518,1.0244,0.9766,0.8514,0.9936,0.8518
1.0826,1.0247,1.0246,1.0247,1.0246,1.0247,1.0246,1.0199,1.0199,1.0199,1.0199,1.0200,1.0200,1.0200,1.0199,1.0199,1.0196,1.0183,1.0183,1.0199,1.0198,1.0189,1.0193,1.0193,1.0195,1.0195,1.0166,1.0153,1.0153,1.0180,1.0179,1.0153,1.0163,1.0163,1.0163,1.0197,1.0197,1.0197,0.9854,0.8433,1.0194,0.8435,1.0241,0.9763,0.8431,0.9933,0.8434
1.0926,1.0244,1.0243,1.0244,1.0243,1.0244,1.0243,1.0196,1.0196,1.0196,1.0196,1.0197,1.0197,1.0197,1.0196,1.0196,1.0193,1.0180,1.0180,1.0196,1.0195,1.0186,1.0190,1.0190,1.0192,1.0192,1.0162,1.0150,1.0150,1.0177,1.0176,1.0150,1.0160,1.0160,1.0160,1.0194,1.0194,1.0194,0.9851,0.8351,1.0191,0.8352,1.0238,0.9760,0.8349,0.9930,0.8352
1.1026,1.0242,1.0240,1.0242,1.0241,1.0242,1.0241,1.0194,1.0194,1.0194,1.0194,1.0195,1.0195,1.0195,1.0194,1.0194,1.0191,1.0178,1.0178,1.0194,1.0193,1.0184,1.0188,1.0188,1.0190,1.0190,1.0160,1.0147,1.0147,1.0174,1.0173,1.0147,1.0157,1.0157,1.0157,1.0191,1.0191,1.0192,0.9849,0.8270,1.0189,0.8271,1.0236,0.9758,0.8268,0.9928,0.8271
1.1126,1.0239,1.0238,1.0240,1.0239,1.0240,1.0239,1.0192,1.0192,1.0192,1.0192,1.0193,1.0193,1.0193,1.0192,1.0192,1.0189,1.0176,1.0176,1.0192,1.0191,1.0182,1.0186,1.0186,1.0188,1.0188,1.0158,1.0145,1.0145,1.0172,1.0171,1.0145,1.0155,1.0155,1.0155,1.0189,1.0189,1.0190,0.9847,0.8190,1.0187,0.8191,1.0234,0.9756,0.8187,0.9926,0.8191
1.1226,1.0238,1.0237,1.0238,1.0237,1.0238,1.0237,1.0190,1.0190,1.0190,1.0190,1.0191,1.0191,1.0191,1.0190,1.0190,1.0187,1.0174,1.0174,1.0190,1.0189,1.0180,1.0184,1.0184,1.0188,1.0188,1.0156,1.0144,1.0144,1.0170,1.0169,1.0143,1.0153,1.0153,1.0153,1.0188,1.0188,1.0188,0.9845,0.8110,1.0185,0.8112,1.0232,0.9755,0.8108,0.9924,0.8111
1.1326,1.0237,1.0235,1.0237,1.0236,1.0237,1.0236,1.0189,1.0189,1.0189,1.0189,1.0190,1.0190,1.0190,1.0189,1.0189,1.0186,1.0173,1.0173,1.0189,1.0188,1.0179,1.0183,1.0183,1.0187,1.0187,1.0155,1.0142,1.0142,1.0169,1.0168,1.0142,1.0152,1.0152,1.0152,1.0187,1.0187,1.0187,0.9844,0.8032,1.0184,0.8033,1.0231,0.9753,0.8030,0.9923,0.8033
1.1426,1.0236,1.0235,1.0236,1.0235,1.0236,1.0235,1.0188,1.0188,1.0188,1.0188,1.0189,1.0189,1.0189,1.0188,1.0188,1.0185,1.0172,1.0172,1.0188,1.0187,1.0178,1.0182,1.0182,1.0187,1.0187,1.0154,1.0142,1.0142,1.0168,1.0167,1.0141,1.0151,1.0151,1.0151,1.0186,1.0186,1.0186,0.9843,0.7955,1.0183,0.7956,1.0230,0.9752,0.7952,0.9922,0.7955
1.1526,1.0235,1.0234,1.0235,1.0234,1.0235,1.0234,1.0187,1.0187,1.0188,1.0188,1.0189,1.0189,1.0189,1.0187,1.0187,1.0184,1.0172,1.0172,1.0187,1.0186,1.0178,1.0182,1.0182,1.0187,1.0187,1.0154,1.0141,1.0141,1.0168,1.0167,1.0141,1.0151,1.0151,1.0151,1.0185,1.0185,1.0185,0.9842,0.7878,1.0182,0.7879,1.0230,0.9752,0.7876,0.9921,0.7879
1.1626,1.0235,1.0234,1.0235,1.0234,1.0235,1.0234,1.0187,1.0187,1.0187,1.0187,1.0189,1.0189,1.0189,1.0187,1.0187,1.0184,1.0171,1.0171,1.0187,1.0186,1.0177,1.0181,1.0181,1.0187,1.0187,1.0154,1.0141,1.0141,1.0167,1.0166,1.0141,1.0150,1.0150,1.0150,1.0185,1.0185,1.0185,0.9842,0.7802,1.0182,0.7803,1.0229,0.9751,0.7800,0.9921,0.7803
1.1726,1.0235,1.0234,1.0235,1.0234,1.0235,1.0234,1.0187,1.0187,1.0187,1.0187,1.0188,1.0188,1.0188,1.0187,1.0187,1.0184,1.0171,1.0171,1.0187,1.0186,1.0177,1.0181,1.0181,1.0187,1.0187,1.0154,1.0141,1.0141,1.0167,1.0166,1.0141,1.0150,1.0150,1.0150,1.0185,1.0185,1.0185,0.9841,0.7728,1.0182,0.7729,1.0229,0.9751,0.7725,0.9921,0.7728
1.1826,1.0235,1.0234,1.0235,1.0234,1.0235,1.0234,1.0187,1.0187,1.0187,1.0187,1.0189,1.0189,1.0189,1.0187,1.0187,1.0184,1.0172,1.0172,1.0187,1.0186,1.0178,1.0182,1.0182,1.0187,1.0187,1.0154,1.0141,1.0141,1.0168,1.0167,1.0141,1.0151,1.0151,1.0151,1.0185,1.0185,1.0185,0.9841,0.7654,1.0182,0.7655,1.0229,0.9751,0.7651,0.9921,0.7655
1.1926,1.0235,1.0234,1.0236,1.0234,1.0236,1.0234,1.0188,1.0188,1.0188,1.0188,1.0189,1.0189,1.0189,1.0188,1.0188,1.0184,1.0172,1.0172,1.0187,1.0186,1.0178,1.0182,1.0182,1.0186,1.0186,1.0154,1.0142,1.0142,1.0168,1.0167,1.0141,1.0151,1.0151,1.0151,1.0185,1.0185,1.0186,0.9842,0.7581,1.0183,0.7582,1.0230,0.9751,0.7578,0.9921,0.7582
1.2026,1.0236,1.0235,1.0236,1.0235,1.0236,1.0235,1.0188,1.0188,1.0188,1.0188,1.0189,1.0189,1.0189,1.0188,1.0188,1.0185,1.0172,1.0172,1.0188,1.0187,1.0178,1.0182,1.0182,1.0187,1.0187,1.0155,1.0142,1.0142,1.0169,1.0168,1.0142,1.0152,1.0152,1.0152,1.0186,1.0186,1.0186,0.9842,0.7509,1.0183,0.7510,1.0230,0.9751,0.7506,0.9921,0.7509
1.2126,1.0236,1.0235,1.0237,1.0235,1.0237,1.0235,1.0189,1.0189,1.0189,1.0189,1.0190,1.0190,1.0190,1.0189,1.0189,1.0186,1.0173,1.0173,1.0188,1.0187,1.0179,1.0183,1.0183,1.0187,1.0187,1.0156,1.0143,1.0143,1.0169,1.0168,1.0143,1.0152,1.0152,1.0152,1.0186,1.0186,1.0187,0.9842,0.7437,1.0184,0.7438,1.0231,0.9752,0.7435,0.9922,0.7438
1.2226,1.0237,1.0236,1.0237,1.0236,1.0237,1.0236,1.0189,1.0189,1.0189,1.0189,1.0191,1.0191,1.0191,1.0189,1.0189,1.0186,1.0174,1.0174,1.0189,1.0188,1.0180,1.0184,1.0184,1.0187,1.0187,1.0157,1.0144,1.0144,1.0170,1.0169,1.0143,1.0153,1.0153,1.0153,1.0187,1.0187,1.0187,0.9843,0.7367,1.0184,0.7368,1.0231,0.9752,0.7365,0.9922,0.7368
1.2326,1.0238,1.0237,1.0238,1.0237,1.0238,1.0237,1.0190,1.0190,1.0190,1.0190,1.0191,1.0191,1.0191,1.0190,1.0190,1.0187,1.0174,1.0174,1.0190,1.0189,1.0180,1.0184,1.0184,1.0188,1.0188,1.0157,1.0145,1.0145,1.0171,1.0170,1.0144,1.0154,1.0154,1.0154,1.0188,1.0188,1.0188,0.9843,0.7297,1.0185,0.7298,1.0232,0.9753,0.7295,0.9923,0.7298
1.2426,1.0239,1.0238,1.0239,1.0238,1.0239,1.0238,1.0191,1.0191,1.0191,1.0191,1.0192,1.0192,1.0192,1.0191,1.0191,1.0188,1.0175,1.0175,1.0191,1.0190,1.0181,1.0185,1.0185,1.0190,1.0190,1.0158,1.0146,1.0146,1.0172,1.0171,1.0145,1.0155,1.0155,1.0155,1.0189,1.0189,1.0189,0.9844,0.7228,1.0186,0.7229,1.0233,0.9754,0.7226,0.9924,0.7229
1.2526,1.0240,1.0239,1.0240,1.0239,1.0240,1.0239,1.0192,1.0192,1.0192,1.0192,1.0193,1.0193,1.0193,1.0192,1.0192,1.0189,1.0176,1.0176,1.0192,1.0191,1.0182,1.0186,1.0186,1.0191,1.0191,1.0159,1.0147,1.0147,1.0173,1.0172,1.0146,1.0156,1.0156,1.0156,1.0190,1.0190,1.0190,0.9845,0.7160,1.0187,0.7161,1.0234,0.9754,0.7158,0.9924,0.7161
1.2626,1.0241,1.0240,1.0241,1.0240,1.0241,1.0240,1.0193,1.0193,1.0193,1.0193,1.0194,1.0194,1.0194,1.0193,1.0193,1.0190,1.0177,1.0177,1.0193,1.0192,1.0183,1.0187,1.0187,1.0193,1.0193,1.0161,1.0148,1.0148,1.0174,1.0173,1.0147,1.0157,1.0157,1.0157,1.0191,1.0191,1.0191,0.9846,0.7093,1.0188,0.7094,1.0235,0.9755,0.7091,0.9925,0.7093
1.2726,1.0242,1.0241,1.0242,1.0241,1.0242,1.0241,1.0194,1.0194,1.0194,1.0194,1.0195,1.0195,1.0195,1.0194,1.0194,1.0191,1.0178,1.0178,1.0194,1.0193,1.0184,1.0188,1.0188,1.0194,1.0194,1.0162,1.0149,1.0149,1.0175,1.0174,1.0149,1.0158,1.0158,1.0158,1.0192,1.0192,1.0192,0.9847,0.7026,1.0189,0.7027,1.0236,0.9756,0.7024,0.9926,0.7027
1.2826,1.0243,1.0242,1.0243,1.0242,1.0243,1.0242,1.0195,1.0195,1.0195,1.0195,1.0197,1.0197,1.0197,1.0195,1.0195,1.0192,1.0179,1.0179,1.0195,1.0194,1.0185,1.0189,1.0189,1.0196,1.0196,1.0163,1.0150,1.0150,1.0176,1.0175,1.0150,1.0160,1.0160,1.0160,1.0193,1.0193,1.0193,0.9848,0.6960,1.0190,0.6961,1.0237,0.9757,0.6958,0.9927,0.6961
1.2926,1.0244,1.0243,1.0244,1.0243,1.0244,1.0243,1.0196,1.0196,1.0196,1.0196,1.0198,1.0198,1.0198,1.0196,1.0196,1.0193,1.0181,1.0181,1.0196,1.0195,1.0187,1.0191,1.0191,1.0197,1.0197,1.0164,1.0152,1.0152,1.0177,1.0176,1.0151,1.0161,1.0161,1.0161,1.0194,1.0194,1.0194,0.9849,0.6895,1.0191,0.6896,1.0238,0.9758,0.6893,0.9928,0.6896
1.3026,1.0245,1.0244,1.0245,1.0244,1.0245,1.0244,1.0198,1.0198,1.0198,1.0198,1.0199,1.0199,1.0199,1.0198,1.0198,1.0194,1.0182,1.0182,1.0197,1.0196,1.0188,1.0192,1.0192,1.0198,1.0198,1.0165,1.0153,1.0153,1.0178,1.0177,1.0152,1.0162,1.0162,1.0162,1.0195,1.0195,1.0195,0.9850,0.6831,1.0192,0.6832,1.0240,0.9760,0.6829,0.9929,0.6832
1.3126,1.0246,1.0245,1.0247,1.0245,1.0247,1.0245,1.0199,1.0199,1.0199,1.0199,1.0200,1.0200,1.0200,1.0199,1.0199,1.0195,1.0183,1.0183,1.0198,1.0197,1.0189,1.0193,1.0193,1.0199,1.0199,1.0167,1.0154,1.0154,1.0180,1.0179,1.0153,1.0163,1.0163,1.0163,1.0196,1.0196,1.0197,0.9851,0.6767,1.0194,0.6768,1.0241,0.9761,0.6765,0.9931,0.6768
1.3226,1.0247,1.0246,1.0248,1.0246,1.0248,1.0247,1.0200,1.0200,1.0200,1.0200,1.0201,1.0201,1.0201,1.0200,1.0200,1.0197,1.0184,1.0184,1.0199,1.0198,1.0190,1.0194,1.0194,1.0200,1.0200,1.0168,1.0155,1.0155,1.0181,1.0180,1.0155,1.0164,1.0164,1.0164,1.0197,1.0197,1.0198,0.9852,0.6705,1.0195,0.6706,1.0242,0.9762,0.6703,0.9932,0.6705
1.3326,1.0248,1.0247,1.0249,1.0248,1.0249,1.0248,1.0201,1.0201,1.0201,1.0201,1.0202,1.0202,1.0202,1.0201,1.0201,1.0198,1.0185,1.0185,1.0200,1.0199,1.0191,1.0195,1.0195,1.0200,1.0200,1.0169,1.0156,1.0156,1.0182,1.0181,1.0156,1.0165,1.0165,1.0165,1.0198,1.0198,1.0199,0.9853,0.6642,1.0196,0.6643,1.0243,0.9763,0.6640,0.9933,0.6643
1.3426,1.0249,1.0248,1.0250,1.0249,1.0250,1.0249,1.0202,1.0202,1.0202,1.0202,1.0203,1.0203,1.0203,1.0202,1.0202,1.0199,1.0186,1.0186,1.0201,1.0200,1.0192,1.0196,1.0196,1.0201,1.0201,1.0170,1.0157,1.0157,1.0183,1.0182,1.0157,1.0166,1.0166,1.0166,1.0199,1.0199,1.0200,0.9854,0.6581,1.0197,0.6582,1.0244,0.9764,0.6579,0.9934,0.6582
1.3526,1.0250,1.0249,1.0251,1.0249,1.0251,1.0250,1.0203,1.0203,1.0203,1.0203,1.0204,1.0204,1.0204,1.0203,1.0203,1.0200,1.0187,1.0187,1.0202,1.0201,1.0193,1.0197,1.0197,1.0202,1.0202,1.0171,1.0158,1.0158,1.0184,1.0183,1.0158,1.0167,1.0167,1.0167,1.0200,1.0200,1.0201,0.9855,0.6520,1.0198,0.6521,1.0245,0.9765,0.6518,0.9935,0.6521
1.3626,1.0251,1.0250,1.0252,1.0250,1.0252,1.0250,1.0204,1.0204,1.0204,1.0204,1.0205,1.0205,1.0205,1.0204,1.0204,1.0201,1.0188,1.0188,1.0203,1.0202,1.0194,1.0198,1.0198,1.0203,1.0203,1.0172,1.0159,1.0159,1.0185,1.0184,1.0159,1.0168,1.0168,1.0168,1.0201,1.0201,1.0202,0.9856,0.6460,1.0199,0.6461,1.0246,0.9766,0.6458,0.9935,0.6461
1.3726,1.0252,1.0251,1.0252,1.0251,1.0253,1.0251,1.0205,1.0205,1.0205,1.0205,1.0206,1.0206,1.0206,1.0205,1.0205,1.0201,1.0189,1.0189,1.0204,1.0203,1.0195,1.0199,1.0199,1.0204,1.0204,1.0173,1.0160,1.0160,1.0186,1.0185,1.0160,1.0169,1.0169,1.0169,1.0202,1.0202,1.0202,0.9857,0.6401,1.0200,0.6402,1.0247,0.9766,0.6399,0.9936,0.6401
1.3826,1.0253,1.0252,1.0253,1.0252,1.0253,1.0252,1.0205,1.0205,1.0205,1.0205,1.0207,1.0207,1.0207,1.0205,1.0205,1.0202,1.0190,1.0190,1.0205,1.0204,1.0196,1.0200,1.0200,1.0205,1.0205,1.0174,1.0161,1.0161,1.0187,1.0186,1.0161,1.0170,1.0170,1.0170,1.0203,1.0203,1.0203,0.9858,0.6342,1.0200,0.6343,1.0247,0.9767,0.6340,0.9937,0.6342
1.3926,1.0254,1.0253,1.0254,1.0253,1.0254,1.0253,1.0206,1.0206,1.0206,1.0206,1.0207,1.0207,1.0207,1.0206,1.0206,1.0203,1.0190,1.0190,1.0206,1.0205,1.0196,1.0200,1.0200,1.0206,1.0206,1.0175,1.0162,1.0162,1.0188,1.0187,1.0161,1.0171,1.0171,1.0171,1.0204,1.0204,1.0204,0.9859,0.6284,1.0201,0.6285,1.0248,0.9768,0.6282,0.9938,0.6284
1.4026,1.0255,1.0254,1.0255,1.0254,1.0255,1.0254,1.0207,1.0207,1.0207,1.0207,1.0208,1.0208,1.0208,1.0207,1.0207,1.0204,1.0191,1.0191,1.0207,1.0206,1.0197,1.0201,1.0201,1.0207,1.0207,1.0175,1.0163,1.0163,1.0188,1.0187,1.0162,1.0172,1.0172,1.0172,1.0205,1.0205,1.0205,0.9859,0.6226,1.0202,0.6227,1.0249,0.9769,0.6224,0.9939,0.6227
1.4126,1.0255,1.0254,1.0256,1.0254,1.0256,1.0255,1.0208,1.0208,1.0208,1.0208,1.0209,1.0209,1.0209,1.0208,1.0208,1.0205,1.0192,1.0192,1.0207,1.0206,1.0198,1.0202,1.0202,1.0208,1.0208,1.0176,1.0164,1.0164,1.0189,1.0188,1.0163,1.0173,1.0173,1.0173,1.0205,1.0205,1.0206,0.9860,0.6169,1.0203,0.6170,1.0250,0.9770,0.6167,0.9940,0.6170
1.4226,1.0256,1.0255,1.0256,1.0255,1.0256,1.0255,1.0208,1.0208,1.0208,1.0208,1.0210,1.0210,1.0210,1.0208,1.0208,1.0205,1.0193,1.0193,1.0208,1.0207,1.0199,1.0203,1.0203,1.0209,1.0209,1.0177,1.0164,1.0164,1.0190,1.0189,1.0164,1.0173,1.0173,1.0173,1.0206,1.0206,1.0206,0.9861,0.6113,1.0203,0.6114,1.0250,0.9770,0.6111,0.9940,0.6114
1.4326,1.0257,1.0256,1.0257,1.0256,1.0257,1.0256,1.0209,1.0209,1.0209,1.0209,1.0210,1.0210,1.0210,1.0209,1.0209,1.0206,1.0193,1.0193,1.0209,1.0208,1.0199,1.0203,1.0203,1.0209,1.0209,1.0177,1.0165,1.0165,1.0190,1.0189,1.0164,1.0174,1.0174,1.0174,1.0206,1.0206,1.0207,0.9861,0.6057,1.0204,0.6058,1.0251,0.9771,0.6056,0.9941,0.6058
1.4426,1.0257,1.0256,1.0257,1.0256,1.0257,1.0256,1.0209,1.0209,1.0209,1.0209,1.0211,1.0211,1.0211,1.0209,1.0209,1.0206,1.0194,1.0194,1.0209,1.0208,1.0200,1.0204,1.0204,1.0210,1.0210,1.0178,1.0165,1.0165,1.0191,1.0190,1.0165,1.0174,1.0174,1.0174,1.0207,1.0207,1.0207,0.9862,0.6002,1.0204,0.6003,1.0252,0.9772,0.6001,0.9941,0.6003
1.4526,1.0258,1.0256,1.0258,1.0257,1.0258,1.0257,1.0210,1.0210,1.0210,1.0210,1.0211,1.0211,1.0211,1.0210,1.0210,1.0207,1.0194,1.0194,1.0210,1.0209,1.0200,1.0204,1.0204,1.0210,1.0210,1.0178,1.0166,1.0166,1.0191,1.0190,1.0165,1.0175,1.0175,1.0175,1.0207,1.0207,1.0208,0.9863,0.5948,1.0205,0.5949,1.0252,0.9772,0.5946,0.9942,0.5949
1.4626,1.0258,1.0257,1.0258,1.0257,1.0258,1.0257,1.0210,1.0210,1.0210,1.0210,1.0211,1.0211,1.0211,1.0210,1.0210,1.0207,1.0194,1.0194,1.0210,1.0209,1.0200,1.0204,1.0204,1.0210,1.0210,1.0179,1.0166,1.0166,1.0192,1.0191,1.0166,1.0175,1.0175,1.0175,1.0208,1.0208,1.0208,0.9863,0.5894,1.0205,0.5895,1.0252,0.9772,0.5892,0.9942,0.5895
1.4726,1.0258,1.0257,1.0259,1.0257,1.0259,1.0257,1.0211,1.0211,1.0211,1.0211,1.0212,1.0212,1.0212,1.0211,1.0211,1.0207,1.0195,1.0195,1.0210,1.0209,1.0201,1.0205,1.0205,1.0210,1.0210,1.0179,1.0166,1.0166,1.0192,1.0191,1.0166,1.0176,1.0176,1.0176,1.0208,1.0208,1.0208,0.9863,0.5841,1.0206,0.5842,1.0253,0.9773,0.5839,0.9943,0.5842
1.4826,1.0259,1.0257,1.0259,1.0258,1.0259,1.0258,1.0211,1.0211,1.0211,1.0211,1.0212,1.0212,1.0212,1.0211,1.0211,1.0208,1.0195,1.0195,1.0211,1.0210,1.0201,1.0205,1.0205,1.0210,1.0210,1.0179,1.0167,1.0167,1.0192,1.0191,1.0166,1.0176,1.0176,1.0176,1.0208,1.0208,1.0209,0.9864,0.5788,1.0206,0.5789,1.0253,0.9773,0.5787,0.9943,0.5789
1.4926,1.0259,1.0258,1.0259,1.0258,1.0259,1.0258,1.0211,1.0211,1.0211,1.0211,1.0212,1.0212,1.0212,1.0211,1.0211,1.0208,1.0195,1.0195,1.0211,1.0210,1.0201,1.0205,1.0205,1.0211,1.0211,1.0180,1.0167,1.0167,1.0193,1.0192,1.0166,1.0176,1.0176,1.0176,1.0209,1.0209,1.0209,0.9864,0.5736,1.0206,0.5737,1.0253,0.9773,0.5734,0.9943,0.5737
1.5026,1.0259,1.0258,1.0259,1.0258,1.0259,1.0258,1.0211,1.0211,1.0211,1.0211,1.0213,1.0213,1.0213,1.0211,1.0211,1.0208,1.0196,1.0196,1.0211,1.0210,1.0202,1.0206,1.0206,1.0211,1.0211,1.0180,1.0167,1.0167,1.0193,1.0192,1.0167,1.0176,1.0176,1.0176,1.0209,1.0209,1.0209,0.9864,0.5685,1.0206,0.5685,1.0253,0.9774,0.5683,0.9944,0.5685
1.5126,1.0259,1.0258,1.0260,1.0258,1.0260,1.0258,1.0212,1.0211,1.0212,1.0212,1.0213,1.0213,1.0213,1.0211,1.0211,1.0208,1.0196,1.0196,1.0211,1.0210,1.0202,1.0206,1.0206,1.0211,1.0211,1.0180,1.0167,1.0167,1.0193,1.0192,1.0167,1.0177,1.0177,1.0177,1.0209,1.0209,1.0209,0.9864,0.5634,1.0206,0.5634,1.0254,0.9774,0.5632,0.9944,0.5634
1.5226,1.0259,1.0258,1.0260,1.0259,1.0260,1.0259,1.0212,1.0212,1.0212,1.0212,1.0213,1.0213,1.0213,1.0212,1.0212,1.0209,1.0196,1.0196,1.0211,1.0210,1.0202,1.0206,1.0206,1.0212,1.0212,1.0180,1.0168,1.0168,1.0193,1.0192,1.0167,1.0177,1.0177,1.0177,1.0209,1.0209,1.0210,0.9865,0.5583,1.0207,0.5584,1.0254,0.9774,0.5582,0.9944,0.5584
1.5326,1.0260,1.0258,1.0260,1.0259,1.0260,1.0259,1.0212,1.0212,1.0212,1.0212,1.0213,1.0213,1.0213,1.0212,1.0212,1.0209,1.0196,1.0196,1.0212,1.0211,1.0202,1.0206,1.0206,1.0212,1.0212,1.0180,1.0168,1.0168,1.0193,1.0192,1.0167,1.0177,1.0177,1.0177,1.0209,1.0209,1.0210,0.9865,0.5533,1.0207,0.5534,1.0254,0.9774,0.5532,0.9944,0.5534
1.5426,1.0260,1.0259,1.0260,1.0259,1.0260,1.0259,1.0212,1.0212,1.0212,1.0212,1.0213,1.0213,1.0213,1.0212,1.0212,1.0209,1.0196,1.0196,1.0212,1.0211,1.0202,1.0206,1.0206,1.0212,1.0212,1.0180,1.0168,1.0168,1.0193,1.0192,1.0167,1.0177,1.0177,1.0177,1.0210,1.0210,1.0210,0.9865,0.5484,1.0207,0.5485,1.0254,0.9775,0.5482,0.9944,0.5484
1.5526,1.0260,1.0259,1.0260,1.0259,1.0260,1.0259,1.0212,1.0212,1.0212,1.0212,1.0213,1.0213,1.0213,1.0212,1.0212,1.0209,1.0196,1.0196,1.0212,1.0211,1.0202,1.0206,1.0206,1.0212,1.0212,1.0180,1.0168,1.0168,1.0194,1.0193,1.0167,1.0177,1.0177,1.0177,1.0210,1.0210,1.0210,0.9865,0.5435,1.0207,0.5436,1.0254,0.9775,0.5433,0.9945,0.5436
1.5626,1.0260,1.0259,1.0260,1.0259,1.0260,1.0259,1.0212,1.0212,1.0212,1.0212,1.0213,1.0213,1.0213,1.0212,1.0212,1.0209,1.0196,1.0196,1.0212,1.0211,1.0202,1.0206,1.0206,1.0212,1.0212,1.0180,1.0168,1.0168,1.0194,1.0193,1.0167,1.0177,1.0177,1.0177,1.0210,1.0210,1.0210,0.9865,0.5387,1.0207,0.5387,1.0254,0.9775,0.5385,0.9945,0.5387
1.5726,1.0260,1.0259,1.0260,1.0259,1.0260,1.0259,1.0212,1.0212,1.0212,1.0212,1.0213,1.0213,1.0213,1.0212,1.0212,1.0209,1.0196,1.0196,1.0212,1.0211,1.0202,1.0206,1.0206,1.0212,1.0212,1.0180,1.0168,1.0168,1.0194,1.0193,1.0167,1.0177,1.0177,1.0177,1.0210,1.0210,1.0210,0.9865,0.5339,1.0207,0.5340,1.0254,0.9775,0.5337,0.9945,0.5339
1.5826,1.0260,1.0259,1.0260,1.0259,1.0260,1.0259,1.0212,1.0212,1.0212,1.0212,1.0213,1.0213,1.0213,1.0212,1.0212,1.0209,1.0196,1.0196,1.0212,1.0211,1.0202,1.0206,1.0206,1.0212,1.0212,1.0180,1.0168,1.0168,1.0194,1.0193,1.0167,1.0177,1.0177,1.0177,1.0210,1.0210,1.0210,0.9865,0.5292,1.0207,0.5292,1.0254,0.9775,0.5290,0.9945,0.5292
1.5926,1.0260,1.0259,1.0260,1.0259,1.0260,1.0259,1.0212,1.0212,1.0212,1.0212,1.0213,1.0213,1.0213,1.0212,1.0212,1.0209,1.0196,1.0196,1.0212,1.0211,1.0202,1.0206,1.0206,1.0212,1.0212,1.0180,1.0168,1.0168,1.0193,1.0192,1.0167,1.0177,1.0177,1.0177,1.0210,1.0210,1.0210,0.9865,0.5245,1.0207,0.5245,1.0254,0.9775,0.5243,0.9945,0.5245
1.6026,1.0260,1.0259,1.0260,1.0259,1.0260,1.0259,1.0212,1.0212,1.0212,1.0212,1.0213,1.0213,1.0213,1.0212,1.0212,1.0209,1.0196,1.0196,1.0212,1.0211,1.0202,1.0206,1.0206,1.0212,1.0212,1.0180,1.0168,1.0168,1.0193,1.0192,1.0167,1.0177,1.0177,1.0177,1.0209,1.0209,1.0210,0.9865,0.5198,1.0207,0.5199,1.0254,0.9775,0.5197,0.9945,0.5199
1.6126,1.0260,1.0258,1.0260,1.0259,1.0260,1.0259,1.0212,1.0212,1.0212,1.0212,1.0213,1.0213,1.0213,1.0212,1.0212,1.0209,1.0196,1.0196,1.0212,1.0211,1.0202,1.0206,1.0206,1.0211,1.0211,1.0180,1.0168,1.0168,1.0193,1.0192,1.0167,1.0177,1.0177,1.0177,1.0209,1.0209,1.0210,0.9865,0.5153,1.0207,0.5153,1.0254,0.9775,0.5151,0.9944,0.5153
1.6226,1.0259,1.0258,1.0260,1.0259,1.0260,1.0259,1.0212,1.0212,1.0212,1.0212,1.0213,1.0213,1.0213,1.0212,1.0212,1.0209,1.0196,1.0196,1.0211,1.0210,1.0202,1.0206,1.0206,1.0211,1.0211,1.0180,1.0167,1.0167,1.0193,1.0192,1.0167,1.0177,1.0177,1.0177,1.0209,1.0209,1.0210,0.9865,0.5107,1.0207,0.5108,1.0254,0.9775,0.5106,0.9944,0.5108
1.6326,1.0259,1.0258,1.0260,1.0258,1.0260,1.0258,1.0212,1.0212,1.0212,1.0212,1.0213,1.0213,1.0213,1.0212,1.0212,1.0208,1.0196,1.0196,1.0211,1.0210,1.0202,1.0206,1.0206,1.0211,1.0211,1.0180,1.0167,1.0167,1.0193,1.0192,1.0167,1.0176,1.0176,1.0176,1.0209,1.0209,1.0209,0.9865,0.5062,1.0207,0.5063,1.0254,0.9774,0.5061,0.9944,0.5063
1.6426,1.0259,1.0258,1.0259,1.0258,1.0259,1.0258,1.0211,1.0211,1.0211,1.0211,1.0213,1.0213,1.0213,1.0211,1.0211,1.0208,1.0196,1.0196,1.0211,1.0210,1.0202,1.0206,1.0206,1.0211,1.0211,1.0180,1.0167,1.0167,1.0193,1.0192,1.0167,1.0176,1.0176,1.0176,1.0209,1.0209,1.0209,0.9865,0.5018,1.0206,0.5019,1.0254,0.9774,0.5016,0.9944,0.5018
1.6526,1.0259,1.0258,1.0259,1.0258,1.0259,1.0258,1.0211,1.0211,1.0211,1.0211,1.0213,1.0213,1.0213,1.0211,1.0211,1.0208,1.0196,1.0196,1.0211,1.0210,1.0202,1.0206,1.0206,1.0211,1.0211,1.0180,1.0167,1.0167,1.0193,1.0192,1.0166,1.0176,1.0176,1.0176,1.0209,1.0209,1.0209,0.9865,0.4974,1.0206,0.4975,1.0253,0.9774,0.4972,0.9944,0.4974
1.6626,1.0259,1.0258,1.0259,1.0258,1.0259,1.0258,1.0211,1.0211,1.0211,1.0211,1.0212,1.0212,1.0212,1.0211,1.0211,1.0208,1.0195,1.0195,1.0211,1.0210,1.0201,1.0205,1.0205,1.0211,1.0211,1.0179,1.0167,1.0167,1.0193,1.0192,1.0166,1.0176,1.0176,1.0176,1.0209,1.0209,1.0209,0.9865,0.4930,1.0206,0.4931,1.0253,0.9774,0.4929,0.9944,0.4931
1.6726,1.0259,1.0258,1.0259,1.0258,1.0259,1.0258,1.0211,1.0211,1.0211,1.0211,1.0212,1.0212,1.0212,1.0211,1.0211,1.0208,1.0195,1.0195,1.0211,1.0210,1.0201,1.0205,1.0205,1.0211,1.0211,1.0179,1.0167,1.0167,1.0193,1.0192,1.0166,1.0176,1.0176,1.0176,1.0209,1.0209,1.0209,0.9864,0.4887,1.0206,0.4888,1.0253,0.9774,0.4886,0.9944,0.4888
1.6826,1.0259,1.0258,1.0259,1.0258,1.0259,1.0258,1.0211,1.0211,1.0211,1.0211,1.0212,1.0212,1.0212,1.0211,1.0211,1.0208,1.0195,1.0195,1.0211,1.0210,1.0201,1.0205,1.0205,1.0211,1.0211,1.0179,1.0167,1.0167,1.0192,1.0191,1.0166,1.0176,1.0176,1.0176,1.0209,1.0209,1.0209,0.9864,0.4845,1.0206,0.4845,1.0253,0.9774,0.4843,0.9944,0.4845
1.6926,1.0259,1.0257,1.0259,1.0258,1.0259,1.0258,1.0211,1.0211,1.0211,1.0211,1.0212,1.0212,1.0212,1.0211,1.0211,1.0208,1.0195,1.0195,1.0211,1.0210,1.0201,1.0205,1.0205,1.0211,1.0211,1.0179,1.0166,1.0166,1.0192,1.0191,1.0166,1.0176,1.0176,1.0176,1.0208,1.0208,1.0209,0.9864,0.4802,1.0206,0.4803,1.0253,0.9774,0.4801,0.9944,0.4803
1.7026,1.0258,1.0257,1.0259,1.0257,1.0259,1.0257,1.0211,1.0211,1.0211,1.0211,1.0212,1.0212,1.0212,1.0211,1.0211,1.0207,1.0195,1.0195,1.0210,1.0209,1.0201,1.0205,1.0205,1.0211,1.0211,1.0179,1.0166,1.0166,1.0192,1.0191,1.0166,1.0175,1.0175,1.0175,1.0208,1.0208,1.0209,0.9864,0.4761,1.0206,0.4761,1.0253,0.9774,0.4759,0.9943,0.4761
1.7126,1.0258,1.0257,1.0258,1.0257,1.0258,1.0257,1.0210,1.0210,1.0210,1.0210,1.0212,1.0212,1.0212,1.0210,1.0210,1.0207,1.0195,1.0195,1.0210,1.0209,1.0201,1.0205,1.0205,1.0210,1.0210,1.0179,1.0166,1.0166,1.0192,1.0191,1.0166,1.0175,1.0175,1.0175,1.0208,1.0208,1.0208,0.9864,0.4719,1.0205,0.4720,1.0253,0.9773,0.4718,0.9943,0.4720
1.7226,1.0258,1.0257,1.0258,1.0257,1.0258,1.0257,1.0210,1.0210,1.0210,1.0210,1.0212,1.0212,1.0212,1.0210,1.0210,1.0207,1.0195,1.0195,1.0210,1.0209,1.0201,1.0205,1.0205,1.0210,1.0210,1.0178,1.0166,1.0166,1.0192,1.0191,1.0165,1.0175,1.0175,1.0175,1.0208,1.0208,1.0208,0.9864,0.4678,1.0205,0.4679,1.0252,0.9773,0.4677,0.9943,0.4679
1.7326,1.0258,1.0257,1.0258,1.0257,1.0258,1.0257,1.0210,1.0210,1.0210,1.0210,1.0211,1.0211,1.0211,1.0210,1.0210,1.0207,1.0194,1.0194,1.0210,1.0209,1.0200,1.0204,1.0204,1.0210,1.0210,1.0178,1.0166,1.0166,1.0192,1.0191,1.0165,1.0175,1.0175,1.0175,1.0208,1.0208,1.0208,0.9864,0.4638,1.0205,0.4639,1.0252,0.9773,0.4637,0.9943,0.4638
1.7426,1.0258,1.0257,1.0258,1.0257,1.0258,1.0257,1.0210,1.0210,1.0210,1.0210,1.0211,1.0211,1.0211,1.0210,1.0210,1.0207,1.0194,1.0194,1.0210,1.0209,1.0200,1.0204,1.0204,1.0209,1.0209,1.0178,1.0165,1.0165,1.0191,1.0190,1.0165,1.0175,1.0175,1.0175,1.0208,1.0208,1.0208,0.9863,0.4598,1.0205,0.4599,1.0252,0.9773,0.4597,0.9943,0.4598
1.7526,1.0258,1.0256,1.0258,1.0257,1.0258,1.0257,1.0210,1.0210,1.0210,1.0210,1.0211,1.0211,1.0211,1.0210,1.0210,1.0207,1.0194,1.0194,1.0209,1.0208,1.0200,1.0204,1.0204,1.0209,1.0209,1.0178,1.0165,1.0165,1.0191,1.0190,1.0165,1.0174,1.0174,1.0174,1.0207,1.0207,1.0208,0.9863,0.4558,1.0205,0.4559,1.0252,0.9773,0.4557,0.9943,0.4559
1.7626,1.0257,1.0256,1.0258,1.0256,1.0258,1.0256,1.0210,1.0210,1.0210,1.0210,1.0211,1.0211,1.0211,1.0210,1.0210,1.0206,1.0194,1.0194,1.0209,1.0208,1.0200,1.0204,1.0204,1.0209,1.0209,1.0178,1.0165,1.0165,1.0191,1.0190,1.0165,1.0174,1.0174,1.0174,1.0207,1.0207,1.0207,0.9863,0.4519,1.0205,0.4520,1.0252,0.9772,0.4518,0.9942,0.4519
1.7726,1.0257,1.0256,1.0257,1.0256,1.0257,1.0256,1.0209,1.0209,1.0209,1.0209,1.0211,1.0211,1.0211,1.0209,1.0209,1.0206,1.0194,1.0194,1.0209,1.0208,1.0200,1.0204,1.0204,1.0209,1.0209,1.0177,1.0165,1.0165,1.0191,1.0190,1.0164,1.0174,1.0174,1.0174,1.0207,1.0207,1.0207,0.9863,0.4480,1.0204,0.4481,1.0251,0.9772,0.4479,0.9942,0.4481
1.7826,1.0257,1.0256,1.0257,1.0256,1.0257,1.0256,1.0209,1.0209,1.0209,1.0209,1.0210,1.0210,1.0210,1.0209,1.0209,1.0206,1.0193,1.0193,1.0209,1.0208,1.0199,1.0203,1.0203,1.0209,1.0209,1.0177,1.0165,1.0165,1.0191,1.0190,1.0164,1.0174,1.0174,1.0174,1.0207,1.0207,1.0207,0.9863,0.4442,1.0204,0.4442,1.0251,0.9772,0.4440,0.9942,0.4442
1.7926,1.0257,1.0256,1.0257,1.0256,1.0257,1.0256,1.0209,1.0209,1.0209,1.0209,1.0210,1.0210,1.0210,1.0209,1.0209,1.0206,1.0193,1.0193,1.0209,1.0208,1.0199,1.0203,1.0203,1.0209,1.0209,1.0177,1.0165,1.0165,1.0190,1.0189,1.0164,1.0174,1.0174,1.0174,1.0207,1.0207,1.0207,0.9862,0.4404,1.0204,0.4404,1.0251,0.9772,0.4402,0.9942,0.4404
1.8026,1.0257,1.0256,1.0257,1.0256,1.0257,1.0256,1.0209,1.0209,1.0209,1.0209,1.0210,1.0210,1.0210,1.0209,1.0209,1.0206,1.0193,1.0193,1.0209,1.0208,1.0199,1.0203,1.0203,1.0209,1.0209,1.0177,1.0164,1.0164,1.0190,1.0189,1.0164,1.0174,1.0174,1.0174,1.0206,1.0206,1.0207,0.9862,0.4366,1.0204,0.4366,1.0251,0.9772,0.4365,0.9942,0.4366
1.8126,1.0257,1.0255,1.0257,1.0256,1.0257,1.0256,1.0209,1.0209,1.0209,1.0209,1.0210,1.0210,1.0210,1.0209,1.0209,1.0206,1.0193,1.0193,1.0208,1.0207,1.0199,1.0203,1.0203,1.0209,1.0209,1.0177,1.0164,1.0164,1.0190,1.0189,1.0164,1.0173,1.0173,1.0173,1.0206,1.0206,1.0207,0.9862,0.4328,1.0204,0.4329,1.0251,0.9772,0.4327,0.9942,0.4329
1.8226,1.0256,1.0255,1.0257,1.0255,1.0257,1.0255,1.0209,1.0209,1.0209,1.0209,1.0210,1.0210,1.0210,1.0209,1.0209,1.0205,1.0193,1.0193,1.0208,1.0207,1.0199,1.0203,1.0203,1.0209,1.0209,1.0177,1.0164,1.0164,1.0190,1.0189,1.0164,1.0173,1.0173,1.0173,1.0206,1.0206,1.0206,0.9862,0.4292,1.0204,0.4292,1.0251,0.9772,0.4290,0.9941,0.4292
1.8326,1.0256,1.0255,1.0256,1.0255,1.0256,1.0255,1.0208,1.0208,1.0208,1.0208,1.0210,1.0210,1.0210,1.0208,1.0208,1.0205,1.0193,1.0193,1.0208,1.0207,1.0199,1.0203,1.0203,1.0208,1.0208,1.0176,1.0164,1.0164,1.0190,1.0189,1.0163,1.0173,1.0173,1.0173,1.0206,1.0206,1.0206,0.9862,0.4255,1.0203,0.4256,1.0251,0.9771,0.4254,0.9941,0.4255
1.8426,1.0256,1.0255,1.0256,1.0255,1.0256,1.0255,1.0208,1.0208,1.0208,1.0208,1.0210,1.0210,1.0210,1.0208,1.0208,1.0205,1.0193,1.0193,1.0208,1.0207,1.0199,1.0203,1.0203,1.0208,1.0208,1.0176,1.0164,1.0164,1.0190,1.0189,1.0163,1.0173,1.0173,1.0173,1.0206,1.0206,1.0206,0.9862,0.4219,1.0203,0.4219,1.0250,0.9771,0.4217,0.9941,0.4219
1.8526,1.0256,1.0255,1.0256,1.0255,1.0256,1.0255,1.0208,1.0208,1.0208,1.0208,1.0209,1.0209,1.0209,1.0208,1.0208,1.0205,1.0192,1.0192,1.0208,1.0207,1.0198,1.0202,1.0202,1.0208,1.0208,1.0176,1.0164,1.0164,1.0189,1.0188,1.0163,1.0173,1.0173,1.0173,1.0206,1.0206,1.0206,0.9862,0.4183,1.0203,0.4183,1.0250,0.9771,0.4182,0.9941,0.4183
1.8626,1.0256,1.0255,1.0256,1.0255,1.0256,1.0255,1.0208,1.0208,1.0208,1.0208,1.0209,1.0209,1.0209,1.0208,1.0208,1.0205,1.0192,1.0192,1.0208,1.0207,1.0198,1.0202,1.0202,1.0208,1.0208,1.0176,1.0163,1.0163,1.0189,1.0188,1.0163,1.0173,1.0173,1.0173,1.0206,1.0206,1.0206,0.9861,0.4147,1.0203,0.4148,1.0250,0.9771,0.4146,0.9941,0.4148
1.8726,1.0256,1.0254,1.0256,1.0255,1.0256,1.0255,1.0208,1.0208,1.0208,1.0208,1.0209,1.0209,1.0209,1.0208,1.0208,1.0205,1.0192,1.0192,1.0208,1.0207,1.0198,1.0202,1.0202,1.0207,1.0207,1.0176,1.0163,1.0163,1.0189,1.0188,1.0163,1.0172,1.0172,1.0172,1.0205,1.0205,1.0206,0.9861,0.4112,1.0203,0.4113,1.0250,0.9771,0.4111,0.9941,0.4113
1.8826,1.0255,1.0254,1.0256,1.0254,1.0256,1.0255,1.0208,1.0208,1.0208,1.0208,1.0209,1.0209,1.0209,1.0208,1.0208,1.0205,1.0192,1.0192,1.0207,1.0206,1.0198,1.0202,1.0202,1.0207,1.0207,1.0176,1.0163,1.0163,1.0189,1.0188,1.0163,1.0172,1.0172,1.0172,1.0205,1.0205,1.0206,0.9861,0.4077,1.0203,0.4078,1.0250,0.9771,0.4076,0.9940,0.4078
1.8926,1.0255,1.0254,1.0256,1.0254,1.0256,1.0254,1.0208,1.0208,1.0208,1.0208,1.0209,1.0209,1.0209,1.0208,1.0208,1.0204,1.0192,1.0192,1.0207,1.0206,1.0198,1.0202,1.0202,1.0207,1.0207,1.0176,1.0163,1.0163,1.0189,1.0188,1.0162,1.0172,1.0172,1.0172,1.0205,1.0205,1.0205,0.9861,0.4043,1.0203,0.4043,1.0250,0.9770,0.4042,0.9940,0.4043
1.9026,1.0255,1.0254,1.0255,1.0254,1.0255,1.0254,1.0207,1.0207,1.0207,1.0207,1.0209,1.0209,1.0209,1.0207,1.0207,1.0204,1.0192,1.0192,1.0207,1.0206,1.0198,1.0202,1.0202,1.0207,1.0207,1.0175,1.0163,1.0163,1.0189,1.0188,1.0162,1.0172,1.0172,1.0172,1.0205,1.0205,1.0205,0.9861,0.4009,1.0202,0.4009,1.0250,0.9770,0.4008,0.9940,0.4009
1.9126,1.0255,1.0254,1.0255,1.0254,1.0255,1.0254,1.0207,1.0207,1.0207,1.0207,1.0209,1.0209,1.0209,1.0207,1.0207,1.0204,1.0192,1.0192,1.0207,1.0206,1.0198,1.0202,1.0202,1.0207,1.0207,1.0175,1.0163,1.0163,1.0189,1.0188,1.0162,1.0172,1.0172,1.0172,1.0205,1.0205,1.0205,0.9861,0.3975,1.0202,0.3976,1.0249,0.9770,0.3974,0.9940,0.3975
1.9226,1.0255,1.0254,1.0255,1.0254,1.0255,1.0254,1.0207,1.0207,1.0207,1.0207,1.0208,1.0208,1.0208,1.0207,1.0207,1.0204,1.0191,1.0191,1.0207,1.0206,1.0197,1.0201,1.0201,1.0207,1.0207,1.0175,1.0163,1.0163,1.0188,1.0187,1.0162,1.0172,1.0172,1.0172,1.0205,1.0205,1.0205,0.9861,0.3942,1.0202,0.3942,1.0249,0.9770,0.3940,0.9940,0.3942
1.9326,1.0255,1.0254,1.0255,1.0254,1.0255,1.0254,1.0207,1.0207,1.0207,1.0207,1.0208,1.0208,1.0208,1.0207,1.0207,1.0204,1.0191,1.0191,1.0207,1.0206,1.0197,1.0201,1.0201,1.0207,1.0207,1.0175,1.0162,1.0162,1.0188,1.0187,1.0162,1.0172,1.0172,1.0172,1.0205,1.0205,1.0205,0.9860,0.3908,1.0202,0.3909,1.0249,0.9770,0.3907,0.9940,0.3909
1.9426,1.0255,1.0254,1.0255,1.0254,1.0255,1.0254,1.0207,1.0207,1.0207,1.0207,1.0208,1.0208,1.0208,1.0207,1.0207,1.0204,1.0191,1.0191,1.0207,1.0206,1.0197,1.0201,1.0201,1.0207,1.0207,1.0175,1.0162,1.0162,1.0188,1.0187,1.0162,1.0172,1.0172,1.0172,1.0205,1.0205,1.0205,0.9860,0.3876,1.0202,0.3876,1.0249,0.9770,0.3874,0.9940,0.3876
1.9526,1.0255,1.0253,1.0255,1.0254,1.0255,1.0254,1.0207,1.0207,1.0207,1.0207,1.0208,1.0208,1.0208,1.0207,1.0207,1.0204,1.0191,1.0191,1.0207,1.0206,1.0197,1.0201,1.0201,1.0207,1.0207,1.0175,1.0162,1.0162,1.0188,1.0187,1.0162,1.0171,1.0171,1.0171,1.0204,1.0204,1.0205,0.9860,0.3843,1.0202,0.3844,1.0249,0.9770,0.3842,0.9940,0.3844
1.9626,1.0255,1.0253,1.0255,1.0254,1.0255,1.0254,1.0207,1.0207,1.0207,1.0207,1.0208,1.0208,1.0208,1.0207,1.0207,1.0204,1.0191,1.0191,1.0207,1.0206,1.0197,1.0201,1.0201,1.0207,1.0207,1.0175,1.0162,1.0162,1.0188,1.0187,1.0162,1.0171,1.0171,1.0171,1.0204,1.0204,1.0205,0.9860,0.3811,1.0202,0.3811,1.0249,0.9770,0.3810,0.9939,0.3811
1.9726,1.0254,1.0253,1.0255,1.0253,1.0255,1.0254,1.0207,1.0207,1.0207,1.0207,1.0208,1.0208,1.0208,1.0207,1.0207,1.0204,1.0191,1.0191,1.0206,1.0205,1.0197,1.0201,1.0201,1.0207,1.0207,1.0175,1.0162,1.0162,1.0188,1.0187,1.0162,1.0171,1.0171,1.0171,1.0204,1.0204,1.0205,0.9860,0.3779,1.0202,0.3780,1.0249,0.9769,0.3778,0.9939,0.3779
1.9826,1.0254,1.0253,1.0255,1.0253,1.0255,1.0253,1.0207,1.0207,1.0207,1.0207,1.0208,1.0208,1.0208,1.0207,1.0207,1.0203,1.0191,1.0191,1.0206,1.0205,1.0197,1.0201,1.0201,1.0206,1.0206,1.0174,1.0162,1.0162,1.0188,1.0187,1.0161,1.0171,1.0171,1.0171,1.0204,1.0204,1.0204,0.9860,0.3747,1.0202,0.3748,1.0249,0.9769,0.3746,0.9939,0.3748
1.9926,1.0254,1.0253,1.0254,1.0253,1.0255,1.0253,1.0206,1.0206,1.0207,1.0207,1.0208,1.0208,1.0208,1.0206,1.0206,1.0203,1.0191,1.0191,1.0206,1.0205,1.0197,1.0201,1.0201,1.0206,1.0206,1.0174,1.0162,1.0162,1.0188,1.0187,1.0161,1.0171,1.0171,1.0171,1.0204,1.0204,1.0204,0.9860,0.3716,1.0201,0.3717,1.0249,0.9769,0.3715,0.9939,0.3717
2.0026,1.0254,1.0253,1.0254,1.0253,1.0254,1.0253,1.0206,1.0206,1.0206,1.0206,1.0208,1.0208,1.0208,1.0206,1.0206,1.0203,1.0191,1.0191,1.0206,1.0205,1.0197,1.0201,1.0201,1.0206,1.0206,1.0174,1.0162,1.0162,1.0188,1.0187,1.0161,1.0171,1.0171,1.0171,1.0204,1.0204,1.0204,0.9860,0.3685,1.0201,0.3686,1.0249,0.9769,0.3684,0.9939,0.3686
2.0126,1.0254,1.0253,1.0254,1.0253,1.0254,1.0253,1.0206,1.0206,1.0206,1.0206,1.0208,1.0208,1.0208,1.0206,1.0206,1.0203,1.0191,1.0191,1.0206,1.0205,1.0197,1.0201,1.0201,1.0206,1.0206,1.0174,1.0162,1.0162,1.0188,1.0187,1.0161,1.0171,1.0171,1.0171,1.0204,1.0204,1.0204,0.9860,0.3655,1.0201,0.3655,1.0248,0.9769,0.3654,0.9939,0.3655
2.0226,1.0254,1.0253,1.0254,1.0253,1.0254,1.0253,1.0206,1.0206,1.0206,1.0206,1.0208,1.0208,1.0208,1.0206,1.0206,1.0203,1.0190,1.0190,1.0206,1.0205,1.0196,1.0200,1.0200,1.0206,1.0206,1.0174,1.0162,1.0162,1.0188,1.0187,1.0161,1.0171,1.0171,1.0171,1.0204,1.0204,1.0204,0.9859,0.3624,1.0201,0.3625,1.0248,0.9769,0.3623,0.9939,0.3625
2.0326,1.0254,1.0253,1.0254,1.0253,1.0254,1.0253,1.0206,1.0206,1.0206,1.0206,1.0207,1.0207,1.0207,1.0206,1.0206,1.0203,1.0190,1.0190,1.0206,1.0205,1.0196,1.0200,1.0200,1.0206,1.0206,1.0174,1.0161,1.0161,1.0187,1.0186,1.0161,1.0171,1.0171,1.0171,1.0204,1.0204,1.0204,0.9859,0.3594,1.0201,0.3595,1.0248,0.9769,0.3593,0.9939,0.3595
2.0426,1.0254,1.0253,1.0254,1.0253,1.0254,1.0253,1.0206,1.0206,1.0206,1.0206,1.0207,1.0207,1.0207,1.0206,1.0206,1.0203,1.0190,1.0190,1.0206,1.0205,1.0196,1.0200,1.0200,1.0206,1.0206,1.0174,1.0161,1.0161,1.0187,1.0186,1.0161,1.0171,1.0171,1.0171,1.0204,1.0204,1.0204,0.9859,0.3564,1.0201,0.3565,1.0248,0.9769,0.3563,0.9939,0.3565
2.0526,1.0254,1.0253,1.0254,1.0253,1.0254,1.0253,1.0206,1.0206,1.0206,1.0206,1.0207,1.0207,1.0207,1.0206,1.0206,1.0203,1.0190,1.0190,1.0206,1.0205,1.0196,1.0200,1.0200,1.0206,1.0206,1.0174,1.0161,1.0161,1.0187,1.0186,1.0161,1.0171,1.0171,1.0171,1.0204,1.0204,1.0204,0.9859,0.3535,1.0201,0.3535,1.0248,0.9769,0.3534,0.9939,0.3535
2.0626,1.0254,1.0253,1.0254,1.0253,1.0254,1.0253,1.0206,1.0206,1.0206,1.0206,1.0207,1.0207,1.0207,1.0206,1.0206,1.0203,1.0190,1.0190,1.0206,1.0205,1.0196,1.0200,1.0200,1.0206,1.0206,1.0174,1.0161,1.0161,1.0187,1.0186,1.0161,1.0171,1.0171,1.0171,1.0204,1.0204,1.0204,0.9859,0.3506,1.0201,0.3506,1.0248,0.9769,0.3505,0.9939,0.3506
2.0726,1.0254,1.0253,1.0254,1.0253,1.0254,1.0253,1.0206,1.0206,1.0206,1.0206,1.0207,1.0207,1.0207,1.0206,1.0206,1.0203,1.0190,1.0190,1.0206,1.0205,1.0196,1.0200,1.0200,1.0206,1.0206,1.0174,1.0161,1.0161,1.0187,1.0186,1.0161,1.0170,1.0170,1.0170,1.0204,1.0204,1.0204,0.9859,0.3477,1.0201,0.3477,1.0248,0.9769,0.3476,0.9939,0.3477
2.0826,1.0254,1.0252,1.0254,1.0253,1.0254,1.0253,1.0206,1.0206,1.0206,1.0206,1.0207,1.0207,1.0207,1.0206,1.0206,1.0203,1.0190,1.0190,1.0206,1.0205,1.0196,1.0200,1.0200,1.0206,1.0206,1.0174,1.0161,1.0161,1.0187,1.0186,1.0161,1.0170,1.0170,1.0170,1.0203,1.0203,1.0204,0.9859,0.3448,1.0201,0.3449,1.0248,0.9769,0.3447,0.9938,0.3449
2.0926,1.0254,1.0252,1.0254,1.0253,1.0254,1.0253,1.0206,1.0206,1.0206,1.0206,1.0207,1.0207,1.0207,1.0206,1.0206,1.0203,1.0190,1.0190,1.0206,1.0205,1.0196,1.0200,1.0200,1.0206,1.0206,1.0174,1.0161,1.0161,1.0187,1.0186,1.0161,1.0170,1.0170,1.0170,1.0203,1.0203,1.0204,0.9859,0.3420,1.0201,0.3420,1.0248,0.9769,0.3419,0.9938,0.3420
2.1026,1.0254,1.0252,1.0254,1.0253,1.0254,1.0253,1.0206,1.0206,1.0206,1.0206,1.0207,1.0207,1.0207,1.0206,1.0206,1.0203,1.0190,1.0190,1.0206,1.0205,1.0196,1.0200,1.0200,1.0206,1.0206,1.0174,1.0161,1.0161,1.0187,1.0186,1.0161,1.0170,1.0170,1.0170,1.0203,1.0203,1.0204,0.9859,0.3392,1.0201,0.3392,1.0248,0.9768,0.3391,0.9938,0.3392
2.1126,1.0254,1.0252,1.0254,1.0253,1.0254,1.0253,1.0206,1.0206,1.0206,1.0206,1.0207,1.0207,1.0207,1.0206,1.0206,1.0203,1.0190,1.0190,1.0206,1.0205,1.0196,1.0200,1.0200,1.0206,1.0206,1.0174,1.0161,1.0161,1.0187,1.0186,1.0161,1.0170,1.0170,1.0170,1.0203,1.0203,1.0204,0.9859,0.3364,1.0201,0.3364,1.0248,0.9768,0.3363,0.9938,0.3364
2.1226,1.0253,1.0252,1.0254,1.0253,1.0254,1.0253,1.0206,1.0206,1.0206,1.0206,1.0207,1.0207,1.0207,1.0206,1.0206,1.0203,1.0190,1.0190,1.0205,1.0204,1.0196,1.0200,1.0200,1.0205,1.0205,1.0174,1.0161,1.0161,1.0187,1.0186,1.0160,1.0170,1.0170,1.0170,1.0203,1.0203,1.0204,0.9859,0.3336,1.0201,0.3337,1.0248,0.9768,0.3335,0.9938,0.3337
2.1326,1.0253,1.0252,1.0254,1.0252,1.0254,1.0253,1.0206,1.0206,1.0206,1.0206,1.0207,1.0207,1.0207,1.0206,1.0206,1.0203,1.0190,1.0190,1.0205,1.0204,1.0196,1.0200,1.0200,1.0205,1.0205,1.0173,1.0161,1.0161,1.0187,1.0186,1.0160,1.0170,1.0170,1.0170,1.0203,1.0203,1.0204,0.9859,0.3309,1.0201,0.3309,1.0248,0.9768,0.3308,0.9938,0.3309
2.1426,1.0253,1.0252,1.0254,1.0252,1.0254,1.0252,1.0206,1.0206,1.0206,1.0206,1.0207,1.0207,1.0207,1.0206,1.0206,1.0202,1.0190,1.0190,1.0205,1.0204,1.0196,1.0200,1.0200,1.0205,1.0205,1.0173,1.0161,1.0161,1.0187,1.0186,1.0160,1.0170,1.0170,1.0170,1.0203,1.0203,1.0204,0.9859,0.3282,1.0201,0.3282,1.0248,0.9768,0.3281,0.9938,0.3282
2.1526,1.0253,1.0252,1.0254,1.0252,1.0254,1.0252,1.0206,1.0206,1.0206,1.0206,1.0207,1.0207,1.0207,1.0206,1.0206,1.0202,1.0190,1.0190,1.0205,1.0204,1.0196,1.0200,1.0200,1.0205,1.0205,1.0173,1.0161,1.0161,1.0187,1.0186,1.0160,1.0170,1.0170,1.0170,1.0203,1.0203,1.0203,0.9859,0.3255,1.0201,0.3256,1.0248,0.9768,0.3254,0.9938,0.3255
2.1626,1.0253,1.0252,1.0254,1.0252,1.0254,1.0252,1.0206,1.0206,1.0206,1.0206,1.0207,1.0207,1.0207,1.0206,1.0206,1.0202,1.0190,1.0190,1.0205,1.0204,1.0196,1.0200,1.0200,1.0205,1.0205,1.0173,1.0161,1.0161,1.0187,1.0186,1.0160,1.0170,1.0170,1.0170,1.0203,1.0203,1.0203,0.9859,0.3229,1.0201,0.3229,1.0248,0.9768,0.3228,0.9938,0.3229
2.1726,1.0253,1.0252,1.0253,1.0252,1.0254,1.0252,1.0206,1.0205,1.0206,1.0206,1.0207,1.0207,1.0207,1.0205,1.0205,1.0202,1.0190,1.0190,1.0205,1.0204,1.0196,1.0200,1.0200,1.0205,1.0205,1.0173,1.0161,1.0161,1.0187,1.0186,1.0160,1.0170,1.0170,1.0170,1.0203,1.0203,1.0203,0.9859,0.3202,1.0200,0.3203,1.0248,0.9768,0.3201,0.9938,0.3203
2.1826,1.0253,1.0252,1.0253,1.0252,1.0254,1.0252,1.0205,1.0205,1.0206,1.0206,1.0207,1.0207,1.0207,1.0205,1.0205,1.0202,1.0190,1.0190,1.0205,1.0204,1.0196,1.0200,1.0200,1.0205,1.0205,1.0173,1.0161,1.0161,1.0187,1.0186,1.0160,1.0170,1.0170,1.0170,1.0203,1.0203,1.0203,0.9859,0.3176,1.0200,0.3177,1.0248,0.9768,0.3175,0.9938,0.3176
2.1926,1.0253,1.0252,1.0253,1.0252,1.0253,1.0252,1.0205,1.0205,1.0205,1.0205,1.0207,1.0207,1.0207,1.0205,1.0205,1.0202,1.0190,1.0190,1.0205,1.0204,1.0196,1.0200,1.0200,1.0205,1.0205,1.0173,1.0161,1.0161,1.0187,1.0186,1.0160,1.0170,1.0170,1.0170,1.0203,1.0203,1.0203,0.9859,0.3150,1.0200,0.3151,1.0248,0.9768,0.3149,0.9938,0.3151
2.2026,1.0253,1.0252,1.0253,1.0252,1.0253,1.0252,1.0205,1.0205,1.0205,1.0205,1.0207,1.0207,1.0207,1.0205,1.0205,1.0202,1.0190,1.0190,1.0205,1.0204,1.0196,1.0200,1.0200,1.0205,1.0205,1.0173,1.0161,1.0161,1.0187,1.0186,1.0160,1.0170,1.0170,1.0170,1.0203,1.0203,1.0203,0.9859,0.3125,1.0200,0.3125,1.0248,0.9768,0.3124,0.9938,0.3125
2.2126,1.0253,1.0252,1.0253,1.0252,1.0253,1.0252,1.0205,1.0205,1.0205,1.0205,1.0207,1.0207,1.0207,1.0205,1.0205,1.0202,1.0190,1.0190,1.0205,1.0204,1.0196,1.0200,1.0200,1.0205,1.0205,1.0173,1.0161,1.0161,1.0187,1.0186,1.0160,1.0170,1.0170,1.0170,1.0203,1.0203,1.0203,0.9859,0.3099,1.0200,0.3100,1.0248,0.9768,0.3098,0.9938,0.3100
2.2226,1.0253,1.0252,1.0253,1.0252,1.0253,1.0252,1.0205,1.0205,1.0205,1.0205,1.0207,1.0207,1.0207,1.0205,1.0205,1.0202,1.0190,1.0190,1.0205,1.0204,1.0196,1.0200,1.0200,1.0205,1.0205,1.0173,1.0161,1.0161,1.0187,1.0186,1.0160,1.0170,1.0170,1.0170,1.0203,1.0203,1.0203,0.9859,0.3074,1.0200,0.3075,1.0248,0.9768,0.3073,0.9938,0.3075
2.2326,1.0253,1.0252,1.0253,1.0252,1.0253,1.0252,1.0205,1.0205,1.0205,1.0205,1.0207,1.0207,1.0207,1.0205,1.0205,1.0202,1.0190,1.0190,1.0205,1.0204,1.0196,1.0200,1.0200,1.0205,1.0205,1.0173,1.0161,1.0161,1.0187,1.0186,1.0160,1.0170,1.0170,1.0170,1.0203,1.0203,1.0203,0.9859,0.3049,1.0200,0.3050,1.0247,0.9768,0.3049,0.9938,0.3050
2.2426,1.0253,1.0252,1.0253,1.0252,1.0253,1.0252,1.0205,1.0205,1.0205,1.0205,1.0207,1.0207,1.0207,1.0205,1.0205,1.0202,1.0190,1.0190,1.0205,1.0204,1.0196,1.0200,1.0200,1.0205,1.0205,1.0173,1.0161,1.0161,1.0187,1.0186,1.0160,1.0170,1.0170,1.0170,1.0203,1.0203,1.0203,0.9858,0.3025,1.0200,0.3025,1.0247,0.9768,0.3024,0.9938,0.3025
2.2526,1.0253,1.0252,1.0253,1.0252,1.0253,1.0252,1.0205,1.0205,1.0205,1.0205,1.0207,1.0207,1.0207,1.0205,1.0205,1.0202,1.0190,1.0190,1.0205,1.0204,1.0196,1.0200,1.0200,1.0205,1.0205,1.0173,1.0161,1.0161,1.0187,1.0186,1.0160,1.0170,1.0170,1.0170,1.0203,1.0203,1.0203,0.9858,0.3000,1.0200,0.3001,1.0247,0.9768,0.2999,0.9938,0.3001
2.2626,1.0253,1.0252,1.0253,1.0252,1.0253,1.0252,1.0205,1.0205,1.0205,1.0205,1.0207,1.0207,1.0207,1.0205,1.0205,1.0202,1.0190,1.0190,1.0205,1.0204,1.0196,1.0200,1.0200,1.0205,1.0205,1.0173,1.0161,1.0161,1.0187,1.0186,1.0160,1.0170,1.0170,1.0170,1.0203,1.0203,1.0203,0.9858,0.2976,1.0200,0.2977,1.0247,0.9768,0.2975,0.9938,0.2976
2.2726,1.0253,1.0252,1.0253,1.0252,1.0253,1.0252,1.0205,1.0205,1.0205,1.0205,1.0207,1.0207,1.0207,1.0205,1.0205,1.0202,1.0190,1.0190,1.0205,1.0204,1.0196,1.0200,1.0200,1.0205,1.0205,1.0173,1.0160,1.0160,1.0187,1.0186,1.0160,1.0170,1.0170,1.0170,1.0203,1.0203,1.0203,0.9858,0.2952,1.0200,0.2953,1.0247,0.9768,0.2951,0.9938,0.2953
2.2826,1.0253,1.0252,1.0253,1.0252,1.0253,1.0252,1.0205,1.0205,1.0205,1.0205,1.0207,1.0207,1.0207,1.0205,1.0205,1.0202,1.0190,1.0190,1.0205,1.0204,1.0196,1.0200,1.0200,1.0205,1.0205,1.0173,1.0160,1.0160,1.0187,1.0185,1.0160,1.0170,1.0170,1.0170,1.0203,1.0203,1.0203,0.9858,0.2928,1.0200,0.2929,1.0247,0.9768,0.2928,0.9938,0.2929
2.2926,1.0253,1.0252,1.0253,1.0252,1.0253,1.0252,1.0205,1.0205,1.0205,1.0205,1.0207,1.0207,1.0207,1.0205,1.0205,1.0202,1.0190,1.0190,1.0205,1.0204,1.0196,1.0200,1.0200,1.0205,1.0205,1.0173,1.0160,1.0160,1.0186,1.0185,1.0160,1.0170,1.0170,1.0170,1.0203,1.0203,1.0203,0.9858,0.2905,1.0200,0.2905,1.0247,0.9768,0.2904,0.9938,0.2905
2.3026,1.0253,1.0252,1.0253,1.0252,1.0253,1.0252,1.0205,1.0205,1.0205,1.0205,1.0207,1.0207,1.0207,1.0205,1.0205,1.0202,1.0189,1.0189,1.0205,1.0204,1.0195,1.0199,1.0199,1.0205,1.0205,1.0173,1.0160,1.0160,1.0186,1.0185,1.0160,1.0170,1.0170,1.0170,1.0203,1.0203,1.0203,0.9858,0.2882,1.0200,0.2882,1.0247,0.9768,0.2881,0.9938,0.2882
2.3126,1.0253,1.0252,1.0253,1.0252,1.0253,1.0252,1.0205,1.0205,1.0205,1.0205,1.0207,1.0207,1.0207,1.0205,1.0205,1.0202,1.0189,1.0189,1.0205,1.0204,1.0195,1.0199,1.0199,1.0205,1.0205,1.0173,1.0160,1.0160,1.0186,1.0185,1.0160,1.0170,1.0170,1.0170,1.0203,1.0203,1.0203,0.9858,0.2859,1.0200,0.2859,1.0247,0.9768,0.2858,0.9938,0.2859
2.3226,1.0253,1.0252,1.0253,1.0252,1.0253,1.0252,1.0205,1.0205,1.0205,1.0205,1.0206,1.0206,1.0206,1.0205,1.0205,1.0202,1.0189,1.0189,1.0205,1.0204,1.0195,1.0199,1.0199,1.0205,1.0205,1.0173,1.0160,1.0160,1.0186,1.0185,1.0160,1.0170,1.0170,1.0170,1.0203,1.0203,1.0203,0.9858,0.2836,1.0200,0.2836,1.0247,0.9768,0.2835,0.9938,0.2836
2.3326,1.0253,1.0252,1.0253,1.0252,1.0253,1.0252,1.0205,1.0205,1.0205,1.0205,1.0206,1.0206,1.0206,1.0205,1.0205,1.0202,1.0189,1.0189,1.0205,1.0204,1.0195,1.0199,1.0199,1.0205,1.0205,1.0173,1.0160,1.0160,1.0186,1.0185,1.0160,1.0170,1.0170,1.0170,1.0203,1.0203,1.0203,0.9858,0.2813,1.0200,0.2813,1.0247,0.9768,0.2812,0.9938,0.2813
2.3426,1.0253,1.0252,1.0253,1.0252,1.0253,1.0252,1.0205,1.0205,1.0205,1.0205,1.0206,1.0206,1.0206,1.0205,1.0205,1.0202,1.0189,1.0189,1.0205,1.0204,1.0195,1.0199,1.0199,1.0205,1.0205,1.0173,1.0160,1.0160,1.0186,1.0185,1.0160,1.0170,1.0170,1.0170,1.0203,1.0203,1.0203,0.9858,0.2790,1.0200,0.2791,1.0247,0.9768,0.2790,0.9938,0.2791
2.3526,1.0253,1.0252,1.0253,1.0252,1.0253,1.0252,1.0205,1.0205,1.0205,1.0205,1.0206,1.0206,1.0206,1.0205,1.0205,1.0202,1.0189,1.0189,1.0205,1.0204,1.0195,1.0199,1.0199,1.0205,1.0205,1.0173,1.0160,1.0160,1.0186,1.0185,1.0160,1.0170,1.0170,1.0170,1.0203,1.0203,1.0203,0.9858,0.2768,1.0200,0.2769,1.0247,0.9768,0.2767,0.9938,0.2769
2.3626,1.0253,1.0252,1.0253,1.0252,1.0253,1.0252,1.0205,1.0205,1.0205,1.0205,1.0206,1.0206,1.0206,1.0205,1.0205,1.0202,1.0189,1.0189,1.0205,1.0204,1.0195,1.0199,1.0199,1.0205,1.0205,1.0173,1.0160,1.0160,1.0186,1.0185,1.0160,1.0170,1.0170,1.0170,1.0203,1.0203,1.0203,0.9858,0.2746,1.0200,0.2747,1.0247,0.9768,0.2745,0.9938,0.2746
2.3726,1.0253,1.0252,1.0253,1.0252,1.0253,1.0252,1.0205,1.0205,1.0205,1.0205,1.0206,1.0206,1.0206,1.0205,1.0205,1.0202,1.0189,1.0189,1.0205,1.0204,1.0195,1.0199,1.0199,1.0205,1.0205,1.0173,1.0160,1.0160,1.0186,1.0185,1.0160,1.0170,1.0170,1.0170,1.0203,1.0203,1.0203,0.9858,0.2724,1.0200,0.2725,1.0247,0.9768,0.2723,0.9938,0.2725
2.3826,1.0253,1.0252,1.0253,1.0252,1.0253,1.0252,1.0205,1.0205,1.0205,1.0205,1.0206,1.0206,1.0206,1.0205,1.0205,1.0202,1.0189,1.0189,1.0205,1.0204,1.0195,1.0199,1.0199,1.0205,1.0205,1.0173,1.0160,1.0160,1.0186,1.0185,1.0160,1.0170,1.0170,1.0170,1.0203,1.0203,1.0203,0.9858,0.2703,1.0200,0.2703,1.0247,0.9768,0.2702,0.9938,0.2703
2.3926,1.0253,1.0252,1.0253,1.0252,1.0253,1.0252,1.0205,1.0205,1.0205,1.0205,1.0206,1.0206,1.0206,1.0205,1.0205,1.0202,1.0189,1.0189,1.0205,1.0204,1.0195,1.0199,1.0199,1.0205,1.0205,1.0173,1.0160,1.0160,1.0186,1.0185,1.0160,1.0170,1.0170,1.0170,1.0203,1.0203,1.0203,0.9858,0.2681,1.0200,0.2682,1.0247,0.9768,0.2680,0.9938,0.2681
2.4026,1.0253,1.0252,1.0253,1.0252,1.0253,1.0252,1.0205,1.0205,1.0205,1.0205,1.0206,1.0206,1.0206,1.0205,1.0205,1.0202,1.0189,1.0189,1.0205,1.0204,1.0195,1.0199,1.0199,1.0205,1.0205,1.0173,1.0160,1.0160,1.0186,1.0185,1.0160,1.0170,1.0170,1.0170,1.0203,1.0203,1.0203,0.9858,0.2660,1.0200,0.2660,1.0247,0.9768,0.2659,0.9938,0.2660
2.4126,1.0253,1.0252,1.0253,1.0252,1.0253,1.0252,1.0205,1.0205,1.0205,1.0205,1.0206,1.0206,1.0206,1.0205,1.0205,1.0202,1.0189,1.0189,1.0205,1.0204,1.0195,1.0199,1.0199,1.0205,1.0205,1.0173,1.0160,1.0160,1.0186,1.0185,1.0160,1.0170,1.0170,1.0170,1.0203,1.0203,1.0203,0.9858,0.2639,1.0200,0.2639,1.0247,0.9768,0.2638,0.9938,0.2639
2.4226,1.0253,1.0252,1.0253,1.0252,1.0253,1.0252,1.0205,1.0205,1.0205,1.0205,1.0206,1.0206,1.0206,1.0205,1.0205,1.0202,1.0189,1.0189,1.0205,1.0204,1.0195,1.0199,1.0199,1.0205,1.0205,1.0173,1.0160,1.0160,1.0186,1.0185,1.0160,1.0170,1.0170,1.0170,1.0203,1.0203,1.0203,0.9858,0.2618,1.0200,0.2618,1.0247,0.9768,0.2617,0.9938,0.2618
2.4326,1.0253,1.0252,1.0253,1.0252,1.0253,1.0252,1.0205,1.0205,1.0205,1.0205,1.0206,1.0206,1.0206,1.0205,1.0205,1.0202,1.0189,1.0189,1.0205,1.0204,1.0195,1.0199,1.0199,1.0205,1.0205,1.0173,1.0160,1.0160,1.0186,1.0185,1.0160,1.0170,1.0170,1.0170,1.0203,1.0203,1.0203,0.9858,0.2597,1.0200,0.2598,1.0247,0.9768,0.2596,0.9938,0.2597
2.4426,1.0253,1.0252,1.0253,1.0252,1.0253,1.0252,1.0205,1.0205,1.0205,1.0205,1.0206,1.0206,1.0206,1.0205,1.0205,1.0202,1.0189,1.0189,1.0205,1.0204,1.0195,1.0199,1.0199,1.0205,1.0205,1.0173,1.0160,1.0160,1.0186,1.0185,1.0160,1.0170,1.0170,1.0170,1.0203,1.0203,1.0203,0.9858,0.2577,1.0200,0.2577,1.0247,0.9768,0.2576,0.9938,0.2577
2.4526,1.0253,1.0252,1.0253,1.0252,1.0253,1.0252,1.0205,1.0205,1.0205,1.0205,1.0206,1.0206,1.0206,1.0205,1.0205,1.0202,1.0189,1.0189,1.0205,1.0204,1.0195,1.0199,1.0199,1.0205,1.0205,1.0173,1.0160,1.0160,1.0186,1.0185,1.0160,1.0170,1.0170,1.0170,1.0203,1.0203,1.0203,0.9858,0.2556,1.0200,0.2557,1.0247,0.9768,0.2556,0.9937,0.2557
2.4626,1.0253,1.0252,1.0253,1.0252,1.0253,1.0252,1.0205,1.0205,1.0205,1.0205,1.0206,1.0206,1.0206,1.0205,1.0205,1.0202,1.0189,1.0189,1.0205,1.0204,1.0195,1.0199,1.0199,1.0205,1.0205,1.0173,1.0160,1.0160,1.0186,1.0185,1.0160,1.0170,1.0170,1.0170,1.0203,1.0203,1.0203,0.9858,0.2536,1.0200,0.2537,1.0247,0.9768,0.2535,0.9937,0.2536
2.4726,1.0253,1.0252,1.0253,1.0252,1.0253,1.0252,1.0205,1.0205,1.0205,1.0205,1.0206,1.0206,1.0206,1.0205,1.0205,1.0202,1.0189,1.0189,1.0205,1.0204,1.0195,1.0199,1.0199,1.0205,1.0205,1.0173,1.0160,1.0160,1.0186,1.0185,1.0160,1.0169,1.0169,1.0169,1.0203,1.0203,1.0203,0.9858,0.2516,1.0200,0.2517,1.0247,0.9768,0.2515,0.9937,0.2516
2.4826,1.0253,1.0252,1.0253,1.0252,1.0253,1.0252,1.0205,1.0205,1.0205,1.0205,1.0206,1.0206,1.0206,1.0205,1.0205,1.0202,1.0189,1.0189,1.0205,1.0204,1.0195,1.0199,1.0199,1.0205,1.0205,1.0173,1.0160,1.0160,1.0186,1.0185,1.0160,1.0169,1.0169,1.0169,1.0203,1.0203,1.0203,0.9858,0.2496,1.0200,0.2497,1.0247,0.9768,0.2496,0.9937,0.2497
2.4926,1.0253,1.0252,1.0253,1.0252,1.0253,1.0252,1.0205,1.0205,1.0205,1.0205,1.0206,1.0206,1.0206,1.0205,1.0205,1.0202,1.0189,1.0189,1.0205,1.0204,1.0195,1.0199,1.0199,1.0205,1.0205,1.0173,1.0160,1.0160,1.0186,1.0185,1.0160,1.0169,1.0169,1.0169,1.0203,1.0203,1.0203,0.9858,0.2477,1.0200,0.2477,1.0247,0.9768,0.2476,0.9937,0.2477
2.5026,1.0253,1.0252,1.0253,1.0252,1.0253,1.0252,1.0205,1.0205,1.0205,1.0205,1.0206,1.0206,1.0206,1.0205,1.0205,1.0202,1.0189,1.0189,1.0205,1.0204,1.0195,1.0199,1.0199,1.0205,1.0205,1.0173,1.0160,1.0160,1.0186,1.0185,1.0160,1.0169,1.0169,1.0169,1.0203,1.0203,1.0203,0.9858,0.2457,1.0200,0.2458,1.0247,0.9768,0.2457,0.9937,0.2458
2.5126,1.0253,1.0252,1.0253,1.0252,1.0253,1.0252,1.0205,1.0205,1.0205,1.0205,1.0206,1.0206,1.0206,1.0205,1.0205,1.0202,1.0189,1.0189,1.0205,1.0204,1.0195,1.0199,1.0199,1.0205,1.0205,1.0173,1.0160,1.0160,1.0186,1.0185,1.0160,1.0169,1.0169,1.0169,1.0203,1.0203,1.0203,0.9858,0.2438,1.0200,0.2438,1.0247,0.9767,0.2437,0.9937,0.2438
2.5226,1.0253,1.0252,1.0253,1.0252,1.0253,1.0252,1.0205,1.0205,1.0205,1.0205,1.0206,1.0206,1.0206,1.0205,1.0205,1.0202,1.0189,1.0189,1.0205,1.0204,1.0195,1.0199,1.0199,1.0205,1.0205,1.0173,1.0160,1.0160,1.0186,1.0185,1.0160,1.0169,1.0169,1.0169,1.0202,1.0202,1.0203,0.9858,0.2419,1.0200,0.2419,1.0247,0.9767,0.2418,0.9937,0.2419
2.5326,1.0253,1.0251,1.0253,1.0252,1.0253,1.0252,1.0205,1.0205,1.0205,1.0205,1.0206,1.0206,1.0206,1.0205,1.0205,1.0202,1.0189,1.0189,1.0205,1.0204,1.0195,1.0199,1.0199,1.0205,1.0205,1.0173,1.0160,1.0160,1.0186,1.0185,1.0160,1.0169,1.0169,1.0169,1.0202,1.0202,1.0203,0.9858,0.2400,1.0200,0.2400,1.0247,0.9767,0.2399,0.9937,0.2400
2.5426,1.0253,1.0251,1.0253,1.0252,1.0253,1.0252,1.0205,1.0205,1.0205,1.0205,1.0206,1.0206,1.0206,1.0205,1.0205,1.0202,1.0189,1.0189,1.0205,1.0204,1.0195,1.0199,1.0199,1.0205,1.0205,1.0173,1.0160,1.0160,1.0186,1.0185,1.0160,1.0169,1.0169,1.0169,1.0202,1.0202,1.0203,0.9858,0.2381,1.0200,0.2382,1.0247,0.9767,0.2381,0.9937,0.2381
2.5526,1.0253,1.0251,1.0253,1.0252,1.0253,1.0252,1.0205,1.0205,1.0205,1.0205,1.0206,1.0206,1.0206,1.0205,1.0205,1.0202,1.0189,1.0189,1.0205,1.0204,1.0195,1.0199,1.0199,1.0205,1.0204,1.0173,1.0160,1.0160,1.0186,1.0185,1.0160,1.0169,1.0169,1.0169,1.0202,1.0202,1.0203,0.9858,0.2363,1.0200,0.2363,1.0247,0.9767,0.2362,0.9937,0.2363
2.5626,1.0253,1.0251,1.0253,1.0252,1.0253,1.0252,1.0205,1.0205,1.0205,1.0205,1.0206,1.0206,1.0206,1.0205,1.0205,1.0202,1.0189,1.0189,1.0205,1.0204,1.0195,1.0199,1.0199,1.0204,1.0204,1.0173,1.0160,1.0160,1.0186,1.0185,1.0160,1.0169,1.0169,1.0169,1.0202,1.0202,1.0203,0.9858,0.2344,1.0200,0.2345,1.0247,0.9767,0.2343,0.9937,0.2344
2.5726,1.0253,1.0251,1.0253,1.0252,1.0253,1.0252,1.0205,1.0205,1.0205,1.0205,1.0206,1.0206,1.0206,1.0205,1.0205,1.0202,1.0189,1.0189,1.0205,1.0204,1.0195,1.0199,1.0199,1.0204,1.0204,1.0173,1.0160,1.0160,1.0186,1.0185,1.0159,1.0169,1.0169,1.0169,1.0202,1.0202,1.0203,0.9858,0.2326,1.0200,0.2326,1.0247,0.9767,0.2325,0.9937,0.2326
2.5826,1.0253,1.0251,1.0253,1.0252,1.0253,1.0252,1.0205,1.0205,1.0205,1.0205,1.0206,1.0206,1.0206,1.0205,1.0205,1.0202,1.0189,1.0189,1.0205,1.0204,1.0195,1.0199,1.0199,1.0204,1.0204,1.0173,1.0160,1.0160,1.0186,1.0185,1.0159,1.0169,1.0169,1.0169,1.0202,1.0202,1.0203,0.9858,0.2308,1.0200,0.2308,1.0247,0.9767,0.2307,0.9937,0.2308
2.5926,1.0253,1.0251,1.0253,1.0252,1.0253,1.0252,1.0205,1.0205,1.0205,1.0205,1.0206,1.0206,1.0206,1.0205,1.0205,1.0202,1.0189,1.0189,1.0204,1.0203,1.0195,1.0199,1.0199,1.0204,1.0204,1.0173,1.0160,1.0160,1.0186,1.0185,1.0159,1.0169,1.0169,1.0169,1.0202,1.0202,1.0203,0.9858,0.2290,1.0200,0.2290,1.0247,0.9767,0.2289,0.9937,0.2290
2.6026,1.0252,1.0251,1.0253,1.0252,1.0253,1.0252,1.0205,1.0205,1.0205,1.0205,1.0206,1.0206,1.0206,1.0205,1.0205,1.0202,1.0189,1.0189,1.0204,1.0203,1.0195,1.0199,1.0199,1.0204,1.0204,1.0172,1.0160,1.0160,1.0186,1.0185,1.0159,1.0169,1.0169,1.0169,1.0202,1.0202,1.0203,0.9858,0.2272,1.0200,0.2272,1.0247,0.9767,0.2271,0.9937,0.2272
2.6126,1.0252,1.0251,1.0253,1.0251,1.0253,1.0252,1.0205,1.0205,1.0205,1.0205,1.0206,1.0206,1.0206,1.0205,1.0205,1.0202,1.0189,1.0189,1.0204,1.0203,1.0195,1.0199,1.0199,1.0204,1.0204,1.0172,1.0160,1.0160,1.0186,1.0185,1.0159,1.0169,1.0169,1.0169,1.0202,1.0202,1.0203,0.9858,0.2254,1.0200,0.2255,1.0247,0.9767,0.2254,0.9937,0.2255
2.6226,1.0252,1.0251,1.0253,1.0251,1.0253,1.0252,1.0205,1.0205,1.0205,1.0205,1.0206,1.0206,1.0206,1.0205,1.0205,1.0202,1.0189,1.0189,1.0204,1.0203,1.0195,1.0199,1.0199,1.0204,1.0204,1.0172,1.0160,1.0160,1.0186,1.0185,1.0159,1.0169,1.0169,1.0169,1.0202,1.0202,1.0203,0.9858,0.2237,1.0200,0.2237,1.0247,0.9767,0.2236,0.9937,0.2237
2.6326,1.0252,1.0251,1.0253,1.0251,1.0253,1.0251,1.0205,1.0205,1.0205,1.0205,1.0206,1.0206,1.0206,1.0205,1.0205,1.0202,1.0189,1.0189,1.0204,1.0203,1.0195,1.0199,1.0199,1.0204,1.0204,1.0172,1.0160,1.0160,1.0186,1.0185,1.0159,1.0169,1.0169,1.0169,1.0202,1.0202,1.0203,0.9858,0.2220,1.0200,0.2220,1.0247,0.9767,0.2219,0.9937,0.2220
2.6426,1.0252,1.0251,1.0253,1.0251,1.0253,1.0251,1.0205,1.0205,1.0205,1.0205,1.0206,1.0206,1.0206,1.0205,1.0205,1.0201,1.0189,1.0189,1.0204,1.0203,1.0195,1.0199,1.0199,1.0204,1.0204,1.0172,1.0160,1.0160,1.0186,1.0185,1.0159,1.0169,1.0169,1.0169,1.0202,1.0202,1.0202,0.9858,0.2202,1.0200,0.2203,1.0247,0.9767,0.2202,0.9937,0.2203
2.6526,1.0252,1.0251,1.0253,1.0251,1.0253,1.0251,1.0205,1.0205,1.0205,1.0205,1.0206,1.0206,1.0206,1.0205,1.0205,1.0201,1.0189,1.0189,1.0204,1.0203,1.0195,1.0199,1.0199,1.0204,1.0204,1.0172,1.0160,1.0160,1.0186,1.0185,1.0159,1.0169,1.0169,1.0169,1.0202,1.0202,1.0202,0.9858,0.2185,1.0200,0.2186,1.0247,0.9767,0.2185,0.9937,0.2186
2.6626,1.0252,1.0251,1.0253,1.0251,1.0253,1.0251,1.0205,1.0205,1.0205,1.0205,1.0206,1.0206,1.0206,1.0205,1.0205,1.0201,1.0189,1.0189,1.0204,1.0203,1.0195,1.0199,1.0199,1.0204,1.0204,1.0172,1.0160,1.0160,1.0186,1.0185,1.0159,1.0169,1.0169,1.0169,1.0202,1.0202,1.0202,0.9858,0.2168,1.0200,0.2169,1.0247,0.9767,0.2168,0.9937,0.2169
2.6726,1.0252,1.0251,1.0252,1.0251,1.0253,1.0251,1.0205,1.0205,1.0205,1.0205,1.0206,1.0206,1.0206,1.0205,1.0204,1.0201,1.0189,1.0189,1.0204,1.0203,1.0195,1.0199,1.0199,1.0204,1.0204,1.0172,1.0160,1.0160,1.0186,1.0185,1.0159,1.0169,1.0169,1.0169,1.0202,1.0202,1.0202,0.9858,0.2152,1.0199,0.2152,1.0247,0.9767,0.2151,0.9937,0.2152
2.6826,1.0252,1.0251,1.0252,1.0251,1.0253,1.0251,1.0204,1.0204,1.0205,1.0205,1.0206,1.0206,1.0206,1.0204,1.0204,1.0201,1.0189,1.0189,1.0204,1.0203,1.0195,1.0199,1.0199,1.0204,1.0204,1.0172,1.0160,1.0160,1.0186,1.0185,1.0159,1.0169,1.0169,1.0169,1.0202,1.0202,1.0202,0.9858,0.2135,1.0199,0.2135,1.0247,0.9767,0.2135,0.9937,0.2135
2.6926,1.0252,1.0251,1.0252,1.0251,1.0252,1.0251,1.0204,1.0204,1.0204,1.0204,1.0206,1.0206,1.0206,1.0204,1.0204,1.0201,1.0189,1.0189,1.0204,1.0203,1.0195,1.0199,1.0199,1.0204,1.0204,1.0172,1.0160,1.0160,1.0186,1.0185,1.0159,1.0169,1.0169,1.0169,1.0202,1.0202,1.0202,0.9858,0.2119,1.0199,0.2119,1.0247,0.9767,0.2118,0.9937,0.2119
2.7026,1.0252,1.0251,1.0252,1.0251,1.0252,1.0251,1.0204,1.0204,1.0204,1.0204,1.0206,1.0206,1.0206,1.0204,1.0204,1.0201,1.0189,1.0189,1.0204,1.0203,1.0195,1.0199,1.0199,1.0204,1.0204,1.0172,1.0160,1.0160,1.0186,1.0185,1.0159,1.0169,1.0169,1.0169,1.0202,1.0202,1.0202,0.9858,0.2102,1.0199,0.2103,1.0247,0.9767,0.2102,0.9937,0.2103
2.7126,1.0252,1.0251,1.0252,1.0251,1.0252,1.0251,1.0204,1.0204,1.0204,1.0204,1.0206,1.0206,1.0206,1.0204,1.0204,1.0201,1.0189,1.0189,1.0204,1.0203,1.0195,1.0199,1.0199,1.0204,1.0204,1.0172,1.0160,1.0160,1.0186,1.0185,1.0159,1.0169,1.0169,1.0169,1.0202,1.0202,1.0202,0.9857,0.2086,1.0199,0.2087,1.0246,0.9767,0.2086,0.9937,0.2086
2.7226,1.0252,1.0251,1.0252,1.0251,1.0252,1.0251,1.0204,1.0204,1.0204,1.0204,1.0206,1.0206,1.0206,1.0204,1.0204,1.0201,1.0189,1.0189,1.0204,1.0203,1.0195,1.0199,1.0199,1.0204,1.0204,1.0172,1.0160,1.0160,1.0186,1.0185,1.0159,1.0169,1.0169,1.0169,1.0202,1.0202,1.0202,0.9857,0.2070,1.0199,0.2070,1.0246,0.9767,0.2070,0.9937,0.2070
2.7326,1.0252,1.0251,1.0252,1.0251,1.0252,1.0251,1.0204,1.0204,1.0204,1.0204,1.0206,1.0206,1.0206,1.0204,1.0204,1.0201,1.0189,1.0189,1.0204,1.0203,1.0195,1.0199,1.0199,1.0204,1.0204,1.0172,1.0160,1.0160,1.0186,1.0185,1.0159,1.0169,1.0169,1.0169,1.0202,1.0202,1.0202,0.9857,0.2054,1.0199,0.2055,1.0246,0.9767,0.2054,0.9937,0.2055
2.7426,1.0252,1.0251,1.0252,1.0251,1.0252,1.0251,1.0204,1.0204,1.0204,1.0204,1.0206,1.0206,1.0206,1.0204,1.0204,1.0201,1.0189,1.0189,1.0204,1.0203,1.0195,1.0199,1.0199,1.0204,1.0204,1.0172,1.0159,1.0159,1.0186,1.0185,1.0159,1.0169,1.0169,1.0169,1.0202,1.0202,1.0202,0.9857,0.2039,1.0199,0.2039,1.0246,0.9767,0.2038,0.9937,0.2039
2.7526,1.0252,1.0251,1.0252,1.0251,1.0252,1.0251,1.0204,1.0204,1.0204,1.0204,1.0206,1.0206,1.0206,1.0204,1.0204,1.0201,1.0189,1.0189,1.0204,1.0203,1.0195,1.0199,1.0199,1.0204,1.0204,1.0172,1.0159,1.0159,1.0185,1.0184,1.0159,1.0169,1.0169,1.0169,1.0202,1.0202,1.0202,0.9857,0.2023,1.0199,0.2023,1.0246,0.9767,0.2022,0.9937,0.2023
2.7626,1.0252,1.0251,1.0252,1.0251,1.0252,1.0251,1.0204,1.0204,1.0204,1.0204,1.0206,1.0206,1.0206,1.0204,1.0204,1.0201,1.0189,1.0189,1.0204,1.0203,1.0195,1.0198,1.0198,1.0204,1.0204,1.0172,1.0159,1.0159,1.0185,1.0184,1.0159,1.0169,1.0169,1.0169,1.0202,1.0202,1.0202,0.9857,0.2007,1.0199,0.2008,1.0246,0.9767,0.2007,0.9937,0.2008
2.7726,1.0252,1.0251,1.0252,1.0251,1.0252,1.0251,1.0204,1.0204,1.0204,1.0204,1.0206,1.0206,1.0206,1.0204,1.0204,1.0201,1.0188,1.0188,1.0204,1.0203,1.0194,1.0198,1.0198,1.0204,1.0204,1.0172,1.0159,1.0159,1.0185,1.0184,1.0159,1.0169,1.0169,1.0169,1.0202,1.0202,1.0202,0.9857,0.1992,1.0199,0.1992,1.0246,0.9767,0.1992,0.9937,0.1992
2.7826,1.0252,1.0251,1.0252,1.0251,1.0252,1.0251,1.0204,1.0204,1.0204,1.0204,1.0205,1.0205,1.0205,1.0204,1.0204,1.0201,1.0188,1.0188,1.0204,1.0203,1.0194,1.0198,1.0198,1.0204,1.0204,1.0172,1.0159,1.0159,1.0185,1.0184,1.0159,1.0169,1.0169,1.0169,1.0202,1.0202,1.0202,0.9857,0.1977,1.0199,0.1977,1.0246,0.9767,0.1976,0.9937,0.1977
2.7926,1.0252,1.0251,1.0252,1.0251,1.0252,1.0251,1.0204,1.0204,1.0204,1.0204,1.0205,1.0205,1.0205,1.0204,1.0204,1.0201,1.0188,1.0188,1.0204,1.0203,1.0194,1.0198,1.0198,1.0204,1.0204,1.0172,1.0159,1.0159,1.0185,1.0184,1.0159,1.0169,1.0169,1.0169,1.0202,1.0202,1.0202,0.9857,0.1962,1.0199,0.1962,1.0246,0.9767,0.1961,0.9937,0.1962
2.8026,1.0252,1.0251,1.0252,1.0251,1.0252,1.0251,1.0204,1.0204,1.0204,1.0204,1.0205,1.0205,1.0205,1.0204,1.0204,1.0201,1.0188,1.0188,1.0204,1.0203,1.0194,1.0198,1.0198,1.0204,1.0204,1.0172,1.0159,1.0159,1.0185,1.0184,1.0159,1.0169,1.0169,1.0169,1.0202,1.0202,1.0202,0.9857,0.1947,1.0199,0.1947,1.0246,0.9767,0.1946,0.9937,0.1947
2.8126,1.0252,1.0251,1.0252,1.0251,1.0252,1.0251,1.0204,1.0204,1.0204,1.0204,1.0205,1.0205,1.0205,1.0204,1.0204,1.0201,1.0188,1.0188,1.0204,1.0203,1.0194,1.0198,1.0198,1.0204,1.0204,1.0172,1.0159,1.0159,1.0185,1.0184,1.0159,1.0169,1.0169,1.0169,1.0202,1.0202,1.0202,0.9857,0.1932,1.0199,0.1932,1.0246,0.9767,0.1931,0.9937,0.1932
2.8226,1.0252,1.0251,1.0252,1.0251,1.0252,1.0251,1.0204,1.0204,1.0204,1.0204,1.0205,1.0205,1.0205,1.0204,1.0204,1.0201,1.0188,1.0188,1.0204,1.0203,1.0194,1.0198,1.0198,1.0204,1.0204,1.0172,1.0159,1.0159,1.0185,1.0184,1.0159,1.0169,1.0169,1.0169,1.0202,1.0202,1.0202,0.9857,0.1917,1.0199,0.1918,1.0246,0.9767,0.1917,0.9937,0.1917
2.8326,1.0252,1.0251,1.0252,1.0251,1.0252,1.0251,1.0204,1.0204,1.0204,1.0204,1.0205,1.0205,1.0205,1.0204,1.0204,1.0201,1.0188,1.0188,1.0204,1.0203,1.0194,1.0198,1.0198,1.0204,1.0204,1.0172,1.0159,1.0159,1.0185,1.0184,1.0159,1.0169,1.0169,1.0169,1.0202,1.0202,1.0202,0.9857,0.1903,1.0199,0.1903,1.0246,0.9767,0.1902,0.9936,0.1903
2.8426,1.0252,1.0251,1.0252,1.0251,1.0252,1.0251,1.0204,1.0204,1.0204,1.0204,1.0205,1.0205,1.0205,1.0204,1.0204,1.0201,1.0188,1.0188,1.0204,1.0203,1.0194,1.0198,1.0198,1.0204,1.0204,1.0172,1.0159,1.0159,1.0185,1.0184,1.0159,1.0168,1.0168,1.0168,1.0202,1.0202,1.0202,0.9857,0.1888,1.0199,0.1889,1.0246,0.9767,0.1888,0.9936,0.1888
2.8526,1.0252,1.0251,1.0252,1.0251,1.0252,1.0251,1.0204,1.0204,1.0204,1.0204,1.0205,1.0205,1.0205,1.0204,1.0204,1.0201,1.0188,1.0188,1.0204,1.0203,1.0194,1.0198,1.0198,1.0204,1.0204,1.0172,1.0159,1.0159,1.0185,1.0184,1.0159,1.0168,1.0168,1.0168,1.0202,1.0202,1.0202,0.9857,0.1874,1.0199,0.1874,1.0246,0.9767,0.1873,0.9936,0.1874
2.8626,1.0252,1.0251,1.0252,1.0251,1.0252,1.0251,1.0204,1.0204,1.0204,1.0204,1.0205,1.0205,1.0205,1.0204,1.0204,1.0201,1.0188,1.0188,1.0204,1.0203,1.0194,1.0198,1.0198,1.0204,1.0204,1.0172,1.0159,1.0159,1.0185,1.0184,1.0159,1.0168,1.0168,1.0168,1.0202,1.0202,1.0202,0.9857,0.1860,1.0199,0.1860,1.0246,0.9766,0.1859,0.9936,0.1860
2.8726,1.0252,1.0250,1.0252,1.0251,1.0252,1.0251,1.0204,1.0204,1.0204,1.0204,1.0205,1.0205,1.0205,1.0204,1.0204,1.0201,1.0188,1.0188,1.0204,1.0203,1.0194,1.0198,1.0198,1.0204,1.0204,1.0172,1.0159,1.0159,1.0185,1.0184,1.0159,1.0168,1.0168,1.0168,1.0201,1.0201,1.0202,0.9857,0.1846,1.0199,0.1846,1.0246,0.9766,0.1845,0.9936,0.1846
2.8826,1.0252,1.0250,1.0252,1.0251,1.0252,1.0251,1.0204,1.0204,1.0204,1.0204,1.0205,1.0205,1.0205,1.0204,1.0204,1.0201,1.0188,1.0188,1.0204,1.0203,1.0194,1.0198,1.0198,1.0204,1.0204,1.0172,1.0159,1.0159,1.0185,1.0184,1.0159,1.0168,1.0168,1.0168,1.0201,1.0201,1.0202,0.9857,0.1832,1.0199,0.1832,1.0246,0.9766,0.1831,0.9936,0.1832
2.8926,1.0252,1.0250,1.0252,1.0251,1.0252,1.0251,1.0204,1.0204,1.0204,1.0204,1.0205,1.0205,1.0205,1.0204,1.0204,1.0201,1.0188,1.0188,1.0204,1.0203,1.0194,1.0198,1.0198,1.0204,1.0204,1.0172,1.0159,1.0159,1.0185,1.0184,1.0159,1.0168,1.0168,1.0168,1.0201,1.0201,1.0202,0.9857,0.1818,1.0199,0.1818,1.0246,0.9766,0.1817,0.9936,0.1818
2.9026,1.0252,1.0250,1.0252,1.0251,1.0252,1.0251,1.0204,1.0204,1.0204,1.0204,1.0205,1.0205,1.0205,1.0204,1.0204,1.0201,1.0188,1.0188,1.0204,1.0203,1.0194,1.0198,1.0198,1.0204,1.0204,1.0172,1.0159,1.0159,1.0185,1.0184,1.0159,1.0168,1.0168,1.0168,1.0201,1.0201,1.0202,0.9857,0.1804,1.0199,0.1804,1.0246,0.9766,0.1803,0.9936,0.1804
2.9126,1.0252,1.0250,1.0252,1.0251,1.0252,1.0251,1.0204,1.0204,1.0204,1.0204,1.0205,1.0205,1.0205,1.0204,1.0204,1.0201,1.0188,1.0188,1.0204,1.0203,1.0194,1.0198,1.0198,1.0203,1.0203,1.0172,1.0159,1.0159,1.0185,1.0184,1.0158,1.0168,1.0168,1.0168,1.0201,1.0201,1.0202,0.9857,0.1790,1.0199,0.1791,1.0246,0.9766,0.1790,0.9936,0.1791
2.9226,1.0252,1.0250,1.0252,1.0251,1.0252,1.0251,1.0204,1.0204,1.0204,1.0204,1.0205,1.0205,1.0205,1.0204,1.0204,1.0201,1.0188,1.0188,1.0203,1.0202,1.0194,1.0198,1.0198,1.0203,1.0203,1.0172,1.0159,1.0159,1.0185,1.0184,1.0158,1.0168,1.0168,1.0168,1.0201,1.0201,1.0202,0.9857,0.1777,1.0199,0.1777,1.0246,0.9766,0.1776,0.9936,0.1777
2.9326,1.0251,1.0250,1.0252,1.0250,1.0252,1.0251,1.0204,1.0204,1.0204,1.0204,1.0205,1.0205,1.0205,1.0204,1.0204,1.0201,1.0188,1.0188,1.0203,1.0202,1.0194,1.0198,1.0198,1.0203,1.0203,1.0171,1.0159,1.0159,1.0185,1.0184,1.0158,1.0168,1.0168,1.0168,1.0201,1.0201,1.0202,0.9857,0.1764,1.0199,0.1764,1.0246,0.9766,0.1763,0.9936,0.1764
2.9426,1.0251,1.0250,1.0252,1.0250,1.0252,1.0251,1.0204,1.0204,1.0204,1.0204,1.0205,1.0205,1.0205,1.0204,1.0204,1.0201,1.0188,1.0188,1.0203,1.0202,1.0194,1.0198,1.0198,1.0203,1.0203,1.0171,1.0159,1.0159,1.0185,1.0184,1.0158,1.0168,1.0168,1.0168,1.0201,1.0201,1.0202,0.9857,0.1750,1.0199,0.1750,1.0246,0.9766,0.1750,0.9936,0.1750
2.9526,1.0251,1.0250,1.0252,1.0250,1.0252,1.0250,1.0204,1.0204,1.0204,1.0204,1.0205,1.0205,1.0205,1.0204,1.0204,1.0201,1.0188,1.0188,1.0203,1.0202,1.0194,1.0198,1.0198,1.0203,1.0203,1.0171,1.0159,1.0159,1.0185,1.0184,1.0158,1.0168,1.0168,1.0168,1.0201,1.0201,1.0202,0.9857,0.1737,1.0199,0.1737,1.0246,0.9766,0.1737,0.9936,0.1737
2.9626,1.0251,1.0250,1.0252,1.0250,1.0252,1.0250,1.0204,1.0204,1.0204,1.0204,1.0205,1.0205,1.0205,1.0204,1.0204,1.0200,1.0188,1.0188,1.0203,1.0202,1.0194,1.0198,1.0198,1.0203,1.0203,1.0171,1.0159,1.0159,1.0185,1.0184,1.0158,1.0168,1.0168,1.0168,1.0201,1.0201,1.0201,0.9857,0.1724,1.0199,0.1724,1.0246,0.9766,0.1723,0.9936,0.1724
2.9726,1.0251,1.0250,1.0252,1.0250,1.0252,1.0250,1.0204,1.0204,1.0204,1.0204,1.0205,1.0205,1.0205,1.0204,1.0204,1.0200,1.0188,1.0188,1.0203,1.0202,1.0194,1.0198,1.0198,1.0203,1.0203,1.0171,1.0159,1.0159,1.0185,1.0184,1.0158,1.0168,1.0168,1.0168,1.0201,1.0201,1.0201,0.9857,0.1711,1.0199,0.1711,1.0246,0.9766,0.1711,0.9936,0.1711
2.9826,1.0251,1.0250,1.0251,1.0250,1.0252,1.0250,1.0204,1.0204,1.0204,1.0204,1.0205,1.0205,1.0205,1.0204,1.0204,1.0200,1.0188,1.0188,1.0203,1.0202,1.0194,1.0198,1.0198,1.0203,1.0203,1.0171,1.0159,1.0159,1.0185,1.0184,1.0158,1.0168,1.0168,1.0168,1.0201,1.0201,1.0201,0.9857,0.1698,1.0199,0.1698,1.0246,0.9766,0.1698,0.9936,0.1698
2.9926,1.0251,1.0250,1.0251,1.0250,1.0252,1.0250,1.0204,1.0203,1.0204,1.0204,1.0205,1.0205,1.0205,1.0203,1.0203,1.0200,1.0188,1.0188,1.0203,1.0202,1.0194,1.0198,1.0198,1.0203,1.0203,1.0171,1.0159,1.0159,1.0185,1.0184,1.0158,1.0168,1.0168,1.0168,1.0201,1.0201,1.0201,0.9857,0.1685,1.0198,0.1686,1.0246,0.9766,0.1685,0.9936,0.1686
3.0026,1.0251,1.0250,1.0251,1.0250,1.0251,1.0250,1.0203,1.0203,1.0203,1.0203,1.0205,1.0205,1.0205,1.0203,1.0203,1.0200,1.0188,1.0188,1.0203,1.0202,1.0194,1.0198,1.0198,1.0203,1.0203,1.0171,1.0159,1.0159,1.0185,1.0184,1.0158,1.0168,1.0168,1.0168,1.0201,1.0201,1.0201,0.9857,0.1673,1.0198,0.1673,1.0246,0.9766,0.1672,0.9936,0.1673
3.0126,1.0251,1.0250,1.0251,1.0250,1.0251,1.0250,1.0203,1.0203,1.0203,1.0203,1.0205,1.0205,1.0205,1.0203,1.0203,1.0200,1.0188,1.0188,1.0203,1.0202,1.0194,1.0198,1.0198,1.0203,1.0203,1.0171,1.0159,1.0159,1.0185,1.0184,1.0158,1.0168,1.0168,1.0168,1.0201,1.0201,1.0201,0.9857,0.1660,1.0198,0.1661,1.0246,0.9766,0.1660,0.9936,0.1660
3.0226,1.0251,1.0250,1.0251,1.0250,1.0251,1.0250,1.0203,1.0203,1.0203,1.0203,1.0205,1.0205,1.0205,1.0203,1.0203,1.0200,1.0188,1.0188,1.0203,1.0202,1.0194,1.0198,1.0198,1.0203,1.0203,1.0171,1.0159,1.0159,1.0185,1.0184,1.0158,1.0168,1.0168,1.0168,1.0201,1.0201,1.0201,0.9856,0.1648,1.0198,0.1648,1.0246,0.9766,0.1647,0.9936,0.1648
3.0326,1.0251,1.0250,1.0251,1.0250,1.0251,1.0250,1.0203,1.0203,1.0203,1.0203,1.0205,1.0205,1.0205,1.0203,1.0203,1.0200,1.0188,1.0188,1.0203,1.0202,1.0194,1.0198,1.0198,1.0203,1.0203,1.0171,1.0159,1.0159,1.0185,1.0184,1.0158,1.0168,1.0168,1.0168,1.0201,1.0201,1.0201,0.9856,0.1636,1.0198,0.1636,1.0245,0.9766,0.1635,0.9936,0.1636
3.0426,1.0251,1.0250,1.0251,1.0250,1.0251,1.0250,1.0203,1.0203,1.0203,1.0203,1.0205,1.0205,1.0205,1.0203,1.0203,1.0200,1.0188,1.0188,1.0203,1.0202,1.0194,1.0198,1.0198,1.0203,1.0203,1.0171,1.0159,1.0159,1.0185,1.0184,1.0158,1.0168,1.0168,1.0168,1.0201,1.0201,1.0201,0.9856,0.1623,1.0198,0.1624,1.0245,0.9766,0.1623,0.9936,0.1624
3.0526,1.0251,1.0250,1.0251,1.0250,1.0251,1.0250,1.0203,1.0203,1.0203,1.0203,1.0205,1.0205,1.0205,1.0203,1.0203,1.0200,1.0188,1.0188,1.0203,1.0202,1.0194,1.0198,1.0198,1.0203,1.0203,1.0171,1.0158,1.0158,1.0185,1.0184,1.0158,1.0168,1.0168,1.0168,1.0201,1.0201,1.0201,0.9856,0.1611,1.0198,0.1611,1.0245,0.9766,0.1611,0.9936,0.1611
3.0626,1.0251,1.0250,1.0251,1.0250,1.0251,1.0250,1.0203,1.0203,1.0203,1.0203,1.0205,1.0205,1.0205,1.0203,1.0203,1.0200,1.0188,1.0188,1.0203,1.0202,1.0194,1.0198,1.0198,1.0203,1.0203,1.0171,1.0158,1.0158,1.0185,1.0184,1.0158,1.0168,1.0168,1.0168,1.0201,1.0201,1.0201,0.9856,0.1599,1.0198,0.1599,1.0245,0.9766,0.1599,0.9936,0.1599
3.0726,1.0251,1.0250,1.0251,1.0250,1.0251,1.0250,1.0203,1.0203,1.0203,1.0203,1.0205,1.0205,1.0205,1.0203,1.0203,1.0200,1.0188,1.0188,1.0203,1.0202,1.0194,1.0198,1.0198,1.0203,1.0203,1.0171,1.0158,1.0158,1.0184,1.0183,1.0158,1.0168,1.0168,1.0168,1.0201,1.0201,1.0201,0.9856,0.1587,1.0198,0.1588,1.0245,0.9766,0.1587,0.9936,0.1587
3.0826,1.0251,1.0250,1.0251,1.0250,1.0251,1.0250,1.0203,1.0203,1.0203,1.0203,1.0205,1.0205,1.0205,1.0203,1.0203,1.0200,1.0187,1.0187,1.0203,1.0202,1.0193,1.0197,1.0197,1.0203,1.0203,1.0171,1.0158,1.0158,1.0184,1.0183,1.0158,1.0168,1.0168,1.0168,1.0201,1.0201,1.0201,0.9856,0.1575,1.0198,0.1576,1.0245,0.9766,0.1575,0.9936,0.1576
3.0926,1.0251,1.0250,1.0251,1.0250,1.0251,1.0250,1.0203,1.0203,1.0203,1.0203,1.0204,1.0204,1.0204,1.0203,1.0203,1.0200,1.0187,1.0187,1.0203,1.0202,1.0193,1.0197,1.0197,1.0203,1.0203,1.0171,1.0158,1.0158,1.0184,1.0183,1.0158,1.0168,1.0168,1.0168,1.0201,1.0201,1.0201,0.9856,0.1564,1.0198,0.1564,1.0245,0.9766,0.1563,0.9936,0.1564
3.1026,1.0251,1.0250,1.0251,1.0250,1.0251,1.0250,1.0203,1.0203,1.0203,1.0203,1.0204,1.0204,1.0204,1.0203,1.0203,1.0200,1.0187,1.0187,1.0203,1.0202,1.0193,1.0197,1.0197,1.0203,1.0203,1.0171,1.0158,1.0158,1.0184,1.0183,1.0158,1.0168,1.0168,1.0168,1.0201,1.0201,1.0201,0.9856,0.1552,1.0198,0.1552,1.0245,0.9766,0.1552,0.9936,0.1552
3.1126,1.0251,1.0250,1.0251,1.0250,1.0251,1.0250,1.0203,1.0203,1.0203,1.0203,1.0204,1.0204,1.0204,1.0203,1.0203,1.0200,1.0187,1.0187,1.0203,1.0202,1.0193,1.0197,1.0197,1.0203,1.0203,1.0171,1.0158,1.0158,1.0184,1.0183,1.0158,1.0168,1.0168,1.0168,1.0201,1.0201,1.0201,0.9856,0.1541,1.0198,0.1541,1.0245,0.9766,0.1540,0.9936,0.1541
3.1226,1.0251,1.0250,1.0251,1.0250,1.0251,1.0250,1.0203,1.0203,1.0203,1.0203,1.0204,1.0204,1.0204,1.0203,1.0203,1.0200,1.0187,1.0187,1.0203,1.0202,1.0193,1.0197,1.0197,1.0203,1.0203,1.0171,1.0158,1.0158,1.0184,1.0183,1.0158,1.0168,1.0168,1.0168,1.0201,1.0201,1.0201,0.9856,0.1529,1.0198,0.1529,1.0245,0.9766,0.1529,0.9936,0.1529
3.1326,1.0251,1.0250,1.0251,1.0250,1.0251,1.0250,1.0203,1.0203,1.0203,1.0203,1.0204,1.0204,1.0204,1.0203,1.0203,1.0200,1.0187,1.0187,1.0203,1.0202,1.0193,1.0197,1.0197,1.0203,1.0203,1.0171,1.0158,1.0158,1.0184,1.0183,1.0158,1.0168,1.0168,1.0168,1.0201,1.0201,1.0201,0.9856,0.1518,1.0198,0.1518,1.0245,0.9766,0.1517,0.9936,0.1518
3.1426,1.0251,1.0250,1.0251,1.0250,1.0251,1.0250,1.0203,1.0203,1.0203,1.0203,1.0204,1.0204,1.0204,1.0203,1.0203,1.0200,1.0187,1.0187,1.0203,1.0202,1.0193,1.0197,1.0197,1.0203,1.0203,1.0171,1.0158,1.0158,1.0184,1.0183,1.0158,1.0168,1.0168,1.0168,1.0201,1.0201,1.0201,0.9856,0.1507,1.0198,0.1507,1.0245,0.9766,0.1506,0.9936,0.1507
3.1526,1.0251,1.0250,1.0251,1.0250,1.0251,1.0250,1.0203,1.0203,1.0203,1.0203,1.0204,1.0204,1.0204,1.0203,1.0203,1.0200,1.0187,1.0187,1.0203,1.0202,1.0193,1.0197,1.0197,1.0203,1.0203,1.0171,1.0158,1.0158,1.0184,1.0183,1.0158,1.0168,1.0168,1.0168,1.0201,1.0201,1.0201,0.9856,0.1495,1.0198,0.1496,1.0245,0.9766,0.1495,0.9935,0.1496
3.1626,1.0251,1.0250,1.0251,1.0250,1.0251,1.0250,1.0203,1.0203,1.0203,1.0203,1.0204,1.0204,1.0204,1.0203,1.0203,1.0200,1.0187,1.0187,1.0203,1.0202,1.0193,1.0197,1.0197,1.0203,1.0203,1.0171,1.0158,1.0158,1.0184,1.0183,1.0158,1.0168,1.0168,1.0168,1.0201,1.0201,1.0201,0.9856,0.1484,1.0198,0.1485,1.0245,0.9766,0.1484,0.9935,0.1485
3.1726,1.0251,1.0250,1.0251,1.0250,1.0251,1.0250,1.0203,1.0203,1.0203,1.0203,1.0204,1.0204,1.0204,1.0203,1.0203,1.0200,1.0187,1.0187,1.0203,1.0202,1.0193,1.0197,1.0197,1.0203,1.0203,1.0171,1.0158,1.0158,1.0184,1.0183,1.0158,1.0167,1.0167,1.0167,1.0201,1.0201,1.0201,0.9856,0.1473,1.0198,0.1474,1.0245,0.9766,0.1473,0.9935,0.1474
3.1826,1.0251,1.0250,1.0251,1.0250,1.0251,1.0250,1.0203,1.0203,1.0203,1.0203,1.0204,1.0204,1.0204,1.0203,1.0203,1.0200,1.0187,1.0187,1.0203,1.0202,1.0193,1.0197,1.0197,1.0203,1.0203,1.0171,1.0158,1.0158,1.0184,1.0183,1.0158,1.0167,1.0167,1.0167,1.0201,1.0201,1.0201,0.9856,0.1463,1.0198,0.1463,1.0245,0.9766,0.1462,0.9935,0.1463
3.1926,1.0251,1.0250,1.0251,1.0250,1.0251,1.0250,1.0203,1.0203,1.0203,1.0203,1.0204,1.0204,1.0204,1.0203,1.0203,1.0200,1.0187,1.0187,1.0203,1.0202,1.0193,1.0197,1.0197,1.0203,1.0203,1.0171,1.0158,1.0158,1.0184,1.0183,1.0158,1.0167,1.0167,1.0167,1.0201,1.0201,1.0201,0.9856,0.1452,1.0198,0.1452,1.0245,0.9765,0.1451,0.9935,0.1452
3.2026,1.0251,1.0250,1.0251,1.0250,1.0251,1.0250,1.0203,1.0203,1.0203,1.0203,1.0204,1.0204,1.0204,1.0203,1.0203,1.0200,1.0187,1.0187,1.0203,1.0202,1.0193,1.0197,1.0197,1.0203,1.0203,1.0171,1.0158,1.0158,1.0184,1.0183,1.0158,1.0167,1.0167,1.0167,1.0201,1.0201,1.0201,0.9856,0.1441,1.0198,0.1441,1.0245,0.9765,0.1441,0.9935,0.1441
3.2126,1.0251,1.0249,1.0251,1.0250,1.0251,1.0250,1.0203,1.0203,1.0203,1.0203,1.0204,1.0204,1.0204,1.0203,1.0203,1.0200,1.0187,1.0187,1.0203,1.0202,1.0193,1.0197,1.0197,1.0203,1.0203,1.0171,1.0158,1.0158,1.0184,1.0183,1.0158,1.0167,1.0167,1.0167,1.0200,1.0200,1.0201,0.9856,0.1430,1.0198,0.1431,1.0245,0.9765,0.1430,0.9935,0.1431
3.2226,1.0251,1.0249,1.0251,1.0250,1.0251,1.0250,1.0203,1.0203,1.0203,1.0203,1.0204,1.0204,1.0204,1.0203,1.0203,1.0200,1.0187,1.0187,1.0203,1.0202,1.0193,1.0197,1.0197,1.0203,1.0203,1.0171,1.0158,1.0158,1.0184,1.0183,1.0158,1.0167,1.0167,1.0167,1.0200,1.0200,1.0201,0.9856,0.1420,1.0198,0.1420,1.0245,0.9765,0.1419,0.9935,0.1420
3.2326,1.0251,1.0249,1.0251,1.0250,1.0251,1.0250,1.0203,1.0203,1.0203,1.0203,1.0204,1.0204,1.0204,1.0203,1.0203,1.0200,1.0187,1.0187,1.0203,1.0202,1.0193,1.0197,1.0197,1.0203,1.0203,1.0171,1.0158,1.0158,1.0184,1.0183,1.0158,1.0167,1.0167,1.0167,1.0200,1.0200,1.0201,0.9856,0.1409,1.0198,0.1410,1.0245,0.9765,0.1409,0.9935,0.1410
3.2426,1.0251,1.0249,1.0251,1.0250,1.0251,1.0250,1.0203,1.0203,1.0203,1.0203,1.0204,1.0204,1.0204,1.0203,1.0203,1.0200,1.0187,1.0187,1.0203,1.0202,1.0193,1.0197,1.0197,1.0203,1.0203,1.0171,1.0158,1.0158,1.0184,1.0183,1.0158,1.0167,1.0167,1.0167,1.0200,1.0200,1.0201,0.9856,0.1399,1.0198,0.1399,1.0245,0.9765,0.1399,0.9935,0.1399
3.2526,1.0251,1.0249,1.0251,1.0250,1.0251,1.0250,1.0203,1.0203,1.0203,1.0203,1.0204,1.0204,1.0204,1.0203,1.0203,1.0200,1.0187,1.0187,1.0203,1.0202,1.0193,1.0197,1.0197,1.0202,1.0202,1.0171,1.0158,1.0158,1.0184,1.0183,1.0158,1.0167,1.0167,1.0167,1.0200,1.0200,1.0201,0.9856,0.1389,1.0198,0.1389,1.0245,0.9765,0.1388,0.9935,0.1389
3.2626,1.0251,1.0249,1.0251,1.0250,1.0251,1.0250,1.0203,1.0203,1.0203,1.0203,1.0204,1.0204,1.0204,1.0203,1.0203,1.0200,1.0187,1.0187,1.0203,1.0202,1.0193,1.0197,1.0197,1.0202,1.0202,1.0171,1.0158,1.0158,1.0184,1.0183,1.0157,1.0167,1.0167,1.0167,1.0200,1.0200,1.0201,0.9856,0.1379,1.0198,0.1379,1.0245,0.9765,0.1378,0.9935,0.1379
3.2726,1.0251,1.0249,1.0251,1.0250,1.0251,1.0250,1.0203,1.0203,1.0203,1.0203,1.0204,1.0204,1.0204,1.0203,1.0203,1.0200,1.0187,1.0187,1.0203,1.0202,1.0193,1.0197,1.0197,1.0202,1.0202,1.0171,1.0158,1.0158,1.0184,1.0183,1.0157,1.0167,1.0167,1.0167,1.0200,1.0200,1.0201,0.9856,0.1369,1.0198,0.1369,1.0245,0.9765,0.1368,0.9935,0.1369
3.2826,1.0250,1.0249,1.0251,1.0250,1.0251,1.0250,1.0203,1.0203,1.0203,1.0203,1.0204,1.0204,1.0204,1.0203,1.0203,1.0200,1.0187,1.0187,1.0202,1.0201,1.0193,1.0197,1.0197,1.0202,1.0202,1.0171,1.0158,1.0158,1.0184,1.0183,1.0157,1.0167,1.0167,1.0167,1.0200,1.0200,1.0201,0.9856,0.1359,1.0198,0.1359,1.0245,0.9765,0.1358,0.9935,0.1359
3.2926,1.0250,1.0249,1.0251,1.0249,1.0251,1.0250,1.0203,1.0203,1.0203,1.0203,1.0204,1.0204,1.0204,1.0203,1.0203,1.0200,1.0187,1.0187,1.0202,1.0201,1.0193,1.0197,1.0197,1.0202,1.0202,1.0170,1.0158,1.0158,1.0184,1.0183,1.0157,1.0167,1.0167,1.0167,1.0200,1.0200,1.0201,0.9856,0.1349,1.0198,0.1349,1.0245,0.9765,0.1348,0.9935,0.1349
3.3026,1.0250,1.0249,1.0251,1.0249,1.0251,1.0250,1.0203,1.0203,1.0203,1.0203,1.0204,1.0204,1.0204,1.0203,1.0203,1.0200,1.0187,1.0187,1.0202,1.0201,1.0193,1.0197,1.0197,1.0202,1.0202,1.0170,1.0158,1.0158,1.0184,1.0183,1.0157,1.0167,1.0167,1.0167,1.0200,1.0200,1.0201,0.9856,0.1339,1.0198,0.1339,1.0245,0.9765,0.1338,0.9935,0.1339
3.3126,1.0250,1.0249,1.0251,1.0249,1.0251,1.0249,1.0203,1.0203,1.0203,1.0203,1.0204,1.0204,1.0204,1.0203,1.0203,1.0200,1.0187,1.0187,1.0202,1.0201,1.0193,1.0197,1.0197,1.0202,1.0202,1.0170,1.0158,1.0158,1.0184,1.0183,1.0157,1.0167,1.0167,1.0167,1.0200,1.0200,1.0201,0.9856,0.1329,1.0198,0.1329,1.0245,0.9765,0.1329,0.9935,0.1329
3.3226,1.0250,1.0249,1.0251,1.0249,1.0251,1.0249,1.0203,1.0203,1.0203,1.0203,1.0204,1.0204,1.0204,1.0203,1.0203,1.0200,1.0187,1.0187,1.0202,1.0201,1.0193,1.0197,1.0197,1.0202,1.0202,1.0170,1.0158,1.0158,1.0184,1.0183,1.0157,1.0167,1.0167,1.0167,1.0200,1.0200,1.0201,0.9856,0.1319,1.0198,0.1319,1.0245,0.9765,0.1319,0.9935,0.1319
3.3326,1.0250,1.0249,1.0251,1.0249,1.0251,1.0249,1.0203,1.0203,1.0203,1.0203,1.0204,1.0204,1.0204,1.0203,1.0203,1.0199,1.0187,1.0187,1.0202,1.0201,1.0193,1.0197,1.0197,1.0202,1.0202,1.0170,1.0158,1.0158,1.0184,1.0183,1.0157,1.0167,1.0167,1.0167,1.0200,1.0200,1.0201,0.9856,0.1310,1.0198,0.1310,1.0245,0.9765,0.1309,0.9935,0.1310
3.3426,1.0250,1.0249,1.0251,1.0249,1.0251,1.0249,1.0203,1.0203,1.0203,1.0203,1.0204,1.0204,1.0204,1.0203,1.0203,1.0199,1.0187,1.0187,1.0202,1.0201,1.0193,1.0197,1.0197,1.0202,1.0202,1.0170,1.0158,1.0158,1.0184,1.0183,1.0157,1.0167,1.0167,1.0167,1.0200,1.0200,1.0200,0.9856,0.1300,1.0198,0.1300,1.0245,0.9765,0.1300,0.9935,0.1300
3.3526,1.0250,1.0249,1.0251,1.0249,1.0251,1.0249,1.0203,1.0203,1.0203,1.0203,1.0204,1.0204,1.0204,1.0203,1.0203,1.0199,1.0187,1.0187,1.0202,1.0201,1.0193,1.0197,1.0197,1.0202,1.0202,1.0170,1.0158,1.0158,1.0184,1.0183,1.0157,1.0167,1.0167,1.0167,1.0200,1.0200,1.0200,0.9856,0.1291,1.0198,0.1291,1.0245,0.9765,0.1290,0.9935,0.1291
3.3626,1.0250,1.0249,1.0251,1.0249,1.0251,1.0249,1.0203,1.0203,1.0203,1.0203,1.0204,1.0204,1.0204,1.0203,1.0203,1.0199,1.0187,1.0187,1.0202,1.0201,1.0193,1.0197,1.0197,1.0202,1.0202,1.0170,1.0158,1.0158,1.0184,1.0183,1.0157,1.0167,1.0167,1.0167,1.0200,1.0200,1.0200,0.9856,0.1281,1.0198,0.1281,1.0245,0.9765,0.1281,0.9935,0.1281
3.3726,1.0250,1.0249,1.0250,1.0249,1.0251,1.0249,1.0203,1.0203,1.0203,1.0203,1.0204,1.0204,1.0204,1.0203,1.0203,1.0199,1.0187,1.0187,1.0202,1.0201,1.0193,1.0197,1.0197,1.0202,1.0202,1.0170,1.0158,1.0158,1.0184,1.0183,1.0157,1.0167,1.0167,1.0167,1.0200,1.0200,1.0200,0.9856,0.1272,1.0197,0.1272,1.0245,0.9765,0.1271,0.9935,0.1272
3.3826,1.0250,1.0249,1.0250,1.0249,1.0251,1.0249,1.0202,1.0202,1.0203,1.0203,1.0204,1.0204,1.0204,1.0202,1.0202,1.0199,1.0187,1.0187,1.0202,1.0201,1.0193,1.0197,1.0197,1.0202,1.0202,1.0170,1.0158,1.0158,1.0184,1.0183,1.0157,1.0167,1.0167,1.0167,1.0200,1.0200,1.0200,0.9856,0.1263,1.0197,0.1263,1.0245,0.9765,0.1262,0.9935,0.1263
3.3926,1.0250,1.0249,1.0250,1.0249,1.0250,1.0249,1.0202,1.0202,1.0203,1.0203,1.0204,1.0204,1.0204,1.0202,1.0202,1.0199,1.0187,1.0187,1.0202,1.0201,1.0193,1.0197,1.0197,1.0202,1.0202,1.0170,1.0158,1.0158,1.0184,1.0183,1.0157,1.0167,1.0167,1.0167,1.0200,1.0200,1.0200,0.9856,0.1253,1.0197,0.1254,1.0245,0.9765,0.1253,0.9935,0.1254
3.4026,1.0250,1.0249,1.0250,1.0249,1.0250,1.0249,1.0202,1.0202,1.0202,1.0202,1.0204,1.0204,1.0204,1.0202,1.0202,1.0199,1.0187,1.0187,1.0202,1.0201,1.0193,1.0197,1.0197,1.0202,1.0202,1.0170,1.0158,1.0158,1.0184,1.0183,1.0157,1.0167,1.0167,1.0167,1.0200,1.0200,1.0200,0.9856,0.1244,1.0197,0.1244,1.0245,0.9765,0.1244,0.9935,0.1244
3.4126,1.0250,1.0249,1.0250,1.0249,1.0250,1.0249,1.0202,1.0202,1.0202,1.0202,1.0204,1.0204,1.0204,1.0202,1.0202,1.0199,1.0187,1.0187,1.0202,1.0201,1.0193,1.0197,1.0197,1.0202,1.0202,1.0170,1.0158,1.0158,1.0184,1.0183,1.0157,1.0167,1.0167,1.0167,1.0200,1.0200,1.0200,0.9855,0.1235,1.0197,0.1235,1.0245,0.9765,0.1235,0.9935,0.1235
3.4226,1.0250,1.0249,1.0250,1.0249,1.0250,1.0249,1.0202,1.0202,1.0202,1.0202,1.0204,1.0204,1.0204,1.0202,1.0202,1.0199,1.0187,1.0187,1.0202,1.0201,1.0193,1.0197,1.0197,1.0202,1.0202,1.0170,1.0158,1.0158,1.0184,1.0183,1.0157,1.0167,1.0167,1.0167,1.0200,1.0200,1.0200,0.9855,0.1226,1.0197,0.1226,1.0245,0.9765,0.1226,0.9935,0.1226
3.4326,1.0250,1.0249,1.0250,1.0249,1.0250,1.0249,1.0202,1.0202,1.0202,1.0202,1.0204,1.0204,1.0204,1.0202,1.0202,1.0199,1.0187,1.0187,1.0202,1.0201,1.0193,1.0197,1.0197,1.0202,1.0202,1.0170,1.0158,1.0158,1.0184,1.0183,1.0157,1.0167,1.0167,1.0167,1.0200,1.0200,1.0200,0.9855,0.1217,1.0197,0.1218,1.0244,0.9765,0.1217,0.9935,0.1218
3.4426,1.0250,1.0249,1.0250,1.0249,1.0250,1.0249,1.0202,1.0202,1.0202,1.0202,1.0204,1.0204,1.0204,1.0202,1.0202,1.0199,1.0187,1.0187,1.0202,1.0201,1.0193,1.0197,1.0197,1.0202,1.0202,1.0170,1.0158,1.0158,1.0184,1.0183,1.0157,1.0167,1.0167,1.0167,1.0200,1.0200,1.0200,0.9855,0.1209,1.0197,0.1209,1.0244,0.9765,0.1208,0.9935,0.1209
3.4526,1.0250,1.0249,1.0250,1.0249,1.0250,1.0249,1.0202,1.0202,1.0202,1.0202,1.0204,1.0204,1.0204,1.0202,1.0202,1.0199,1.0187,1.0187,1.0202,1.0201,1.0193,1.0197,1.0197,1.0202,1.0202,1.0170,1.0158,1.0158,1.0184,1.0183,1.0157,1.0167,1.0167,1.0167,1.0200,1.0200,1.0200,0.9855,0.1200,1.0197,0.1200,1.0244,0.9765,0.1199,0.9935,0.1200
3.4626,1.0250,1.0249,1.0250,1.0249,1.0250,1.0249,1.0202,1.0202,1.0202,1.0202,1.0204,1.0204,1.0204,1.0202,1.0202,1.0199,1.0187,1.0187,1.0202,1.0201,1.0193,1.0197,1.0197,1.0202,1.0202,1.0170,1.0158,1.0158,1.0184,1.0183,1.0157,1.0167,1.0167,1.0167,1.0200,1.0200,1.0200,0.9855,0.1191,1.0197,0.1191,1.0244,0.9765,0.1191,0.9935,0.1191
3.4726,1.0250,1.0249,1.0250,1.0249,1.0250,1.0249,1.0202,1.0202,1.0202,1.0202,1.0204,1.0204,1.0204,1.0202,1.0202,1.0199,1.0187,1.0187,1.0202,1.0201,1.0193,1.0197,1.0197,1.0202,1.0202,1.0170,1.0158,1.0158,1.0184,1.0183,1.0157,1.0167,1.0167,1.0167,1.0200,1.0200,1.0200,0.9855,0.1183,1.0197,0.1183,1.0244,0.9765,0.1182,0.9935,0.1183
3.4826,1.0250,1.0249,1.0250,1.0249,1.0250,1.0249,1.0202,1.0202,1.0202,1.0202,1.0204,1.0204,1.0204,1.0202,1.0202,1.0199,1.0187,1.0187,1.0202,1.0201,1.0193,1.0197,1.0197,1.0202,1.0202,1.0170,1.0157,1.0157,1.0184,1.0183,1.0157,1.0167,1.0167,1.0167,1.0200,1.0200,1.0200,0.9855,0.1174,1.0197,0.1174,1.0244,0.9765,0.1174,0.9935,0.1174
3.4926,1.0250,1.0249,1.0250,1.0249,1.0250,1.0249,1.0202,1.0202,1.0202,1.0202,1.0204,1.0204,1.0204,1.0202,1.0202,1.0199,1.0187,1.0187,1.0202,1.0201,1.0193,1.0197,1.0197,1.0202,1.0202,1.0170,1.0157,1.0157,1.0184,1.0183,1.0157,1.0167,1.0167,1.0167,1.0200,1.0200,1.0200,0.9855,0.1166,1.0197,0.1166,1.0244,0.9765,0.1165,0.9935,0.1166
3.5026,1.0250,1.0249,1.0250,1.0249,1.0250,1.0249,1.0202,1.0202,1.0202,1.0202,1.0204,1.0204,1.0204,1.0202,1.0202,1.0199,1.0187,1.0187,1.0202,1.0201,1.0193,1.0197,1.0197,1.0202,1.0202,1.0170,1.0157,1.0157,1.0183,1.0182,1.0157,1.0167,1.0167,1.0167,1.0200,1.0200,1.0200,0.9855,0.1157,1.0197,0.1157,1.0244,0.9765,0.1157,0.9935,0.1157
3.5126,1.0250,1.0249,1.0250,1.0249,1.0250,1.0249,1.0202,1.0202,1.0202,1.0202,1.0204,1.0204,1.0204,1.0202,1.0202,1.0199,1.0187,1.0187,1.0202,1.0201,1.0193,1.0196,1.0196,1.0202,1.0202,1.0170,1.0157,1.0157,1.0183,1.0182,1.0157,1.0167,1.0167,1.0167,1.0200,1.0200,1.0200,0.9855,0.1149,1.0197,0.1149,1.0244,0.9765,0.1148,0.9935,0.1149
3.5226,1.0250,1.0249,1.0250,1.0249,1.0250,1.0249,1.0202,1.0202,1.0202,1.0202,1.0204,1.0204,1.0204,1.0202,1.0202,1.0199,1.0186,1.0186,1.0202,1.0201,1.0192,1.0196,1.0196,1.0202,1.0202,1.0170,1.0157,1.0157,1.0183,1.0182,1.0157,1.0167,1.0167,1.0167,1.0200,1.0200,1.0200,0.9855,0.1140,1.0197,0.1141,1.0244,0.9765,0.1140,0.9935,0.1141
3.5326,1.0250,1.0249,1.0250,1.0249,1.0250,1.0249,1.0202,1.0202,1.0202,1.0202,1.0204,1.0204,1.0204,1.0202,1.0202,1.0199,1.0186,1.0186,1.0202,1.0201,1.0192,1.0196,1.0196,1.0202,1.0202,1.0170,1.0157,1.0157,1.0183,1.0182,1.0157,1.0167,1.0167,1.0167,1.0200,1.0200,1.0200,0.9855,0.1132,1.0197,0.1132,1.0244,0.9765,0.1132,0.9935,0.1132
3.5426,1.0250,1.0249,1.0250,1.0249,1.0250,1.0249,1.0202,1.0202,1.0202,1.0202,1.0203,1.0203,1.0203,1.0202,1.0202,1.0199,1.0186,1.0186,1.0202,1.0201,1.0192,1.0196,1.0196,1.0202,1.0202,1.0170,1.0157,1.0157,1.0183,1.0182,1.0157,1.0167,1.0167,1.0167,1.0200,1.0200,1.0200,0.9855,0.1124,1.0197,0.1124,1.0244,0.9765,0.1124,0.9935,0.1124
3.5526,1.0250,1.0249,1.0250,1.0249,1.0250,1.0249,1.0202,1.0202,1.0202,1.0202,1.0203,1.0203,1.0203,1.0202,1.0202,1.0199,1.0186,1.0186,1.0202,1.0201,1.0192,1.0196,1.0196,1.0202,1.0202,1.0170,1.0157,1.0157,1.0183,1.0182,1.0157,1.0167,1.0167,1.0167,1.0200,1.0200,1.0200,0.9855,0.1116,1.0197,0.1116,1.0244,0.9765,0.1116,0.9935,0.1116
3.5626,1.0250,1.0249,1.0250,1.0249,1.0250,1.0249,1.0202,1.0202,1.0202,1.0202,1.0203,1.0203,1.0203,1.0202,1.0202,1.0199,1.0186,1.0186,1.0202,1.0201,1.0192,1.0196,1.0196,1.0202,1.0202,1.0170,1.0157,1.0157,1.0183,1.0182,1.0157,1.0167,1.0167,1.0167,1.0200,1.0200,1.0200,0.9855,0.1108,1.0197,0.1108,1.0244,0.9765,0.1108,0.9935,0.1108
3.5726,1.0250,1.0249,1.0250,1.0249,1.0250,1.0249,1.0202,1.0202,1.0202,1.0202,1.0203,1.0203,1.0203,1.0202,1.0202,1.0199,1.0186,1.0186,1.0202,1.0201,1.0192,1.0196,1.0196,1.0202,1.0202,1.0170,1.0157,1.0157,1.0183,1.0182,1.0157,1.0167,1.0167,1.0167,1.0200,1.0200,1.0200,0.9855,0.1100,1.0197,0.1100,1.0244,0.9765,0.1100,0.9935,0.1100
3.5826,1.0250,1.0249,1.0250,1.0249,1.0250,1.0249,1.0202,1.0202,1.0202,1.0202,1.0203,1.0203,1.0203,1.0202,1.0202,1.0199,1.0186,1.0186,1.0202,1.0201,1.0192,1.0196,1.0196,1.0202,1.0202,1.0170,1.0157,1.0157,1.0183,1.0182,1.0157,1.0167,1.0167,1.0167,1.0200,1.0200,1.0200,0.9855,0.1092,1.0197,0.1092,1.0244,0.9765,0.1092,0.9935,0.1092
3.5926,1.0250,1.0249,1.0250,1.0249,1.0250,1.0249,1.0202,1.0202,1.0202,1.0202,1.0203,1.0203,1.0203,1.0202,1.0202,1.0199,1.0186,1.0186,1.0202,1.0201,1.0192,1.0196,1.0196,1.0202,1.0202,1.0170,1.0157,1.0157,1.0183,1.0182,1.0157,1.0167,1.0167,1.0167,1.0200,1.0200,1.0200,0.9855,0.1084,1.0197,0.1085,1.0244,0.9765,0.1084,0.9935,0.1084
3.6026,1.0250,1.0249,1.0250,1.0249,1.0250,1.0249,1.0202,1.0202,1.0202,1.0202,1.0203,1.0203,1.0203,1.0202,1.0202,1.0199,1.0186,1.0186,1.0202,1.0201,1.0192,1.0196,1.0196,1.0202,1.0202,1.0170,1.0157,1.0157,1.0183,1.0182,1.0157,1.0167,1.0167,1.0167,1.0200,1.0200,1.0200,0.9855,0.1077,1.0197,0.1077,1.0244,0.9765,0.1076,0.9935,0.1077
3.6126,1.0250,1.0249,1.0250,1.0249,1.0250,1.0249,1.0202,1.0202,1.0202,1.0202,1.0203,1.0203,1.0203,1.0202,1.0202,1.0199,1.0186,1.0186,1.0202,1.0201,1.0192,1.0196,1.0196,1.0202,1.0202,1.0170,1.0157,1.0157,1.0183,1.0182,1.0157,1.0167,1.0167,1.0167,1.0200,1.0200,1.0200,0.9855,0.1069,1.0197,0.1069,1.0244,0.9765,0.1069,0.9935,0.1069
3.6226,1.0250,1.0249,1.0250,1.0249,1.0250,1.0249,1.0202,1.0202,1.0202,1.0202,1.0203,1.0203,1.0203,1.0202,1.0202,1.0199,1.0186,1.0186,1.0202,1.0201,1.0192,1.0196,1.0196,1.0202,1.0202,1.0170,1.0157,1.0157,1.0183,1.0182,1.0157,1.0167,1.0167,1.0167,1.0200,1.0200,1.0200,0.9855,0.1061,1.0197,0.1061,1.0244,0.9765,0.1061,0.9935,0.1061
3.6326,1.0250,1.0249,1.0250,1.0249,1.0250,1.0249,1.0202,1.0202,1.0202,1.0202,1.0203,1.0203,1.0203,1.0202,1.0202,1.0199,1.0186,1.0186,1.0202,1.0201,1.0192,1.0196,1.0196,1.0202,1.0202,1.0170,1.0157,1.0157,1.0183,1.0182,1.0157,1.0167,1.0167,1.0167,1.0200,1.0200,1.0200,0.9855,0.1054,1.0197,0.1054,1.0244,0.9765,0.1053,0.9934,0.1054
3.6426,1.0250,1.0249,1.0250,1.0249,1.0250,1.0249,1.0202,1.0202,1.0202,1.0202,1.0203,1.0203,1.0203,1.0202,1.0202,1.0199,1.0186,1.0186,1.0202,1.0201,1.0192,1.0196,1.0196,1.0202,1.0202,1.0170,1.0157,1.0157,1.0183,1.0182,1.0157,1.0167,1.0167,1.0167,1.0200,1.0200,1.0200,0.9855,0.1046,1.0197,0.1046,1.0244,0.9765,0.1046,0.9934,0.1046
3.6526,1.0250,1.0249,1.0250,1.0249,1.0250,1.0249,1.0202,1.0202,1.0202,1.0202,1.0203,1.0203,1.0203,1.0202,1.0202,1.0199,1.0186,1.0186,1.0202,1.0201,1.0192,1.0196,1.0196,1.0202,1.0202,1.0170,1.0157,1.0157,1.0183,1.0182,1.0157,1.0167,1.0167,1.0167,1.0200,1.0200,1.0200,0.9855,0.1039,1.0197,0.1039,1.0244,0.9765,0.1038,0.9934,0.1039
3.6626,1.0250,1.0249,1.0250,1.0249,1.0250,1.0249,1.0202,1.0202,1.0202,1.0202,1.0203,1.0203,1.0203,1.0202,1.0202,1.0199,1.0186,1.0186,1.0202,1.0201,1.0192,1.0196,1.0196,1.0202,1.0202,1.0170,1.0157,1.0157,1.0183,1.0182,1.0157,1.0167,1.0167,1.0167,1.0200,1.0200,1.0200,0.9855,0.1031,1.0197,0.1031,1.0244,0.9765,0.1031,0.9934,0.1031
3.6726,1.0250,1.0249,1.0250,1.0249,1.0250,1.0249,1.0202,1.0202,1.0202,1.0202,1.0203,1.0203,1.0203,1.0202,1.0202,1.0199,1.0186,1.0186,1.0202,1.0201,1.0192,1.0196,1.0196,1.0202,1.0202,1.0170,1.0157,1.0157,1.0183,1.0182,1.0157,1.0166,1.0166,1.0166,1.0200,1.0200,1.0200,0.9855,0.1024,1.0197,0.1024,1.0244,0.9765,0.1024,0.9934,0.1024
3.6826,1.0250,1.0249,1.0250,1.0249,1.0250,1.0249,1.0202,1.0202,1.0202,1.0202,1.0203,1.0203,1.0203,1.0202,1.0202,1.0199,1.0186,1.0186,1.0202,1.0201,1.0192,1.0196,1.0196,1.0202,1.0202,1.0170,1.0157,1.0157,1.0183,1.0182,1.0157,1.0166,1.0166,1.0166,1.0200,1.0200,1.0200,0.9855,0.1017,1.0197,0.1017,1.0244,0.9765,0.1016,0.9934,0.1017
3.6926,1.0250,1.0249,1.0250,1.0249,1.0250,1.0249,1.0202,1.0202,1.0202,1.0202,1.0203,1.0203,1.0203,1.0202,1.0202,1.0199,1.0186,1.0186,1.0202,1.0201,1.0192,1.0196,1.0196,1.0202,1.0202,1.0170,1.0157,1.0157,1.0183,1.0182,1.0157,1.0166,1.0166,1.0166,1.0200,1.0200,1.0200,0.9855,0.1009,1.0197,0.1009,1.0244,0.9764,0.1009,0.9934,0.1009
3.7026,1.0250,1.0249,1.0250,1.0249,1.0250,1.0249,1.0202,1.0202,1.0202,1.0202,1.0203,1.0203,1.0203,1.0202,1.0202,1.0199,1.0186,1.0186,1.0202,1.0201,1.0192,1.0196,1.0196,1.0202,1.0202,1.0170,1.0157,1.0157,1.0183,1.0182,1.0157,1.0166,1.0166,1.0166,1.0200,1.0200,1.0200,0.9855,0.1002,1.0197,0.1002,1.0244,0.9764,0.1002,0.9934,0.1002
3.7126,1.0250,1.0249,1.0250,1.0249,1.0250,1.0249,1.0202,1.0202,1.0202,1.0202,1.0203,1.0203,1.0203,1.0202,1.0202,1.0199,1.0186,1.0186,1.0202,1.0201,1.0192,1.0196,1.0196,1.0202,1.0202,1.0170,1.0157,1.0157,1.0183,1.0182,1.0157,1.0166,1.0166,1.0166,1.0200,1.0200,1.0200,0.9855,0.0995,1.0197,0.0995,1.0244,0.9764,0.0995,0.9934,0.0995
3.7226,1.0250,1.0249,1.0250,1.0249,1.0250,1.0249,1.0202,1.0202,1.0202,1.0202,1.0203,1.0203,1.0203,1.0202,1.0202,1.0199,1.0186,1.0186,1.0202,1.0201,1.0192,1.0196,1.0196,1.0202,1.0202,1.0170,1.0157,1.0157,1.0183,1.0182,1.0157,1.0166,1.0166,1.0166,1.0200,1.0200,1.0200,0.9855,0.0988,1.0197,0.0988,1.0244,0.9764,0.0988,0.9934,0.0988
3.7326,1.0250,1.0248,1.0250,1.0249,1.0250,1.0249,1.0202,1.0202,1.0202,1.0202,1.0203,1.0203,1.0203,1.0202,1.0202,1.0199,1.0186,1.0186,1.0202,1.0201,1.0192,1.0196,1.0196,1.0202,1.0202,1.0170,1.0157,1.0157,1.0183,1.0182,1.0157,1.0166,1.0166,1.0166,1.0200,1.0200,1.0200,0.9855,0.0981,1.0197,0.0981,1.0244,0.9764,0.0981,0.9934,0.0981
3.7426,1.0250,1.0248,1.0250,1.0249,1.0250,1.0249,1.0202,1.0202,1.0202,1.0202,1.0203,1.0203,1.0203,1.0202,1.0202,1.0199,1.0186,1.0186,1.0202,1.0201,1.0192,1.0196,1.0196,1.0202,1.0202,1.0170,1.0157,1.0157,1.0183,1.0182,1.0157,1.0166,1.0166,1.0166,1.0199,1.0199,1.0200,0.9855,0.0974,1.0197,0.0974,1.0244,0.9764,0.0974,0.9934,0.0974
3.7526,1.0250,1.0248,1.0250,1.0249,1.0250,1.0249,1.0202,1.0202,1.0202,1.0202,1.0203,1.0203,1.0203,1.0202,1.0202,1.0199,1.0186,1.0186,1.0202,1.0201,1.0192,1.0196,1.0196,1.0202,1.0202,1.0170,1.0157,1.0157,1.0183,1.0182,1.0157,1.0166,1.0166,1.0166,1.0199,1.0199,1.0200,0.9855,0.0967,1.0197,0.0967,1.0244,0.9764,0.0967,0.9934,0.0967
3.7626,1.0250,1.0248,1.0250,1.0249,1.0250,1.0249,1.0202,1.0202,1.0202,1.0202,1.0203,1.0203,1.0203,1.0202,1.0202,1.0199,1.0186,1.0186,1.0202,1.0201,1.0192,1.0196,1.0196,1.0202,1.0202,1.0170,1.0157,1.0157,1.0183,1.0182,1.0157,1.0166,1.0166,1.0166,1.0199,1.0199,1.0200,0.9855,0.0960,1.0197,0.0960,1.0244,0.9764,0.0960,0.9934,0.0960
3.7726,1.0250,1.0248,1.0250,1.0249,1.0250,1.0249,1.0202,1.0202,1.0202,1.0202,1.0203,1.0203,1.0203,1.0202,1.0202,1.0199,1.0186,1.0186,1.0202,1.0201,1.0192,1.0196,1.0196,1.0202,1.0202,1.0170,1.0157,1.0157,1.0183,1.0182,1.0157,1.0166,1.0166,1.0166,1.0199,1.0199,1.0200,0.9855,0.0953,1.0197,0.0954,1.0244,0.9764,0.0953,0.9934,0.0954
3.7826,1.0250,1.0248,1.0250,1.0249,1.0250,1.0249,1.0202,1.0202,1.0202,1.0202,1.0203,1.0203,1.0203,1.0202,1.0202,1.0199,1.0186,1.0186,1.0202,1.0201,1.0192,1.0196,1.0196,1.0202,1.0202,1.0170,1.0157,1.0157,1.0183,1.0182,1.0157,1.0166,1.0166,1.0166,1.0199,1.0199,1.0200,0.9855,0.0947,1.0197,0.0947,1.0244,0.9764,0.0946,0.9934,0.0947
3.7926,1.0250,1.0248,1.0250,1.0249,1.0250,1.0249,1.0202,1.0202,1.0202,1.0202,1.0203,1.0203,1.0203,1.0202,1.0202,1.0199,1.0186,1.0186,1.0202,1.0201,1.0192,1.0196,1.0196,1.0202,1.0202,1.0170,1.0157,1.0157,1.0183,1.0182,1.0157,1.0166,1.0166,1.0166,1.0199,1.0199,1.0200,0.9855,0.0940,1.0197,0.0940,1.0244,0.9764,0.0940,0.9934,0.0940
3.8026,1.0250,1.0248,1.0250,1.0249,1.0250,1.0249,1.0202,1.0202,1.0202,1.0202,1.0203,1.0203,1.0203,1.0202,1.0202,1.0199,1.0186,1.0186,1.0202,1.0201,1.0192,1.0196,1.0196,1.0202,1.0202,1.0170,1.0157,1.0157,1.0183,1.0182,1.0157,1.0166,1.0166,1.0166,1.0199,1.0199,1.0200,0.9855,0.0933,1.0197,0.0933,1.0244,0.9764,0.0933,0.9934,0.0933
3.8126,1.0250,1.0248,1.0250,1.0249,1.0250,1.0249,1.0202,1.0202,1.0202,1.0202,1.0203,1.0203,1.0203,1.0202,1.0202,1.0199,1.0186,1.0186,1.0202,1.0201,1.0192,1.0196,1.0196,1.0201,1.0201,1.0170,1.0157,1.0157,1.0183,1.0182,1.0157,1.0166,1.0166,1.0166,1.0199,1.0199,1.0200,0.9855,0.0927,1.0197,0.0927,1.0244,0.9764,0.0926,0.9934,0.0927
3.8226,1.0250,1.0248,1.0250,1.0249,1.0250,1.0249,1.0202,1.0202,1.0202,1.0202,1.0203,1.0203,1.0203,1.0202,1.0202,1.0199,1.0186,1.0186,1.0202,1.0201,1.0192,1.0196,1.0196,1.0201,1.0201,1.0170,1.0157,1.0157,1.0183,1.0182,1.0156,1.0166,1.0166,1.0166,1.0199,1.0199,1.0200,0.9855,0.0920,1.0197,0.0920,1.0244,0.9764,0.0920,0.9934,0.0920
3.8326,1.0250,1.0248,1.0250,1.0249,1.0250,1.0249,1.0202,1.0202,1.0202,1.0202,1.0203,1.0203,1.0203,1.0202,1.0202,1.0199,1.0186,1.0186,1.0202,1.0201,1.0192,1.0196,1.0196,1.0201,1.0201,1.0170,1.0157,1.0157,1.0183,1.0182,1.0156,1.0166,1.0166,1.0166,1.0199,1.0199,1.0200,0.9855,0.0914,1.0197,0.0914,1.0244,0.9764,0.0913,0.9934,0.0914
3.8426,1.0250,1.0248,1.0250,1.0249,1.0250,1.0249,1.0202,1.0202,1.0202,1.0202,1.0203,1.0203,1.0203,1.0202,1.0202,1.0199,1.0186,1.0186,1.0202,1.0201,1.0192,1.0196,1.0196,1.0201,1.0201,1.0170,1.0157,1.0157,1.0183,1.0182,1.0156,1.0166,1.0166,1.0166,1.0199,1.0199,1.0200,0.9855,0.0907,1.0197,0.0907,1.0244,0.9764,0.0907,0.9934,0.0907
3.8526,1.0249,1.0248,1.0250,1.0249,1.0250,1.0249,1.0202,1.0202,1.0202,1.0202,1.0203,1.0203,1.0203,1.0202,1.0202,1.0199,1.0186,1.0186,1.0202,1.0200,1.0192,1.0196,1.0196,1.0201,1.0201,1.0170,1.0157,1.0157,1.0183,1.0182,1.0156,1.0166,1.0166,1.0166,1.0199,1.0199,1.0200,0.9855,0.0901,1.0197,0.0901,1.0244,0.9764,0.0901,0.9934,0.0901
3.8626,1.0249,1.0248,1.0250,1.0249,1.0250,1.0249,1.0202,1.0202,1.0202,1.0202,1.0203,1.0203,1.0203,1.0202,1.0202,1.0199,1.0186,1.0186,1.0201,1.0200,1.0192,1.0196,1.0196,1.0201,1.0201,1.0170,1.0157,1.0157,1.0183,1.0182,1.0156,1.0166,1.0166,1.0166,1.0199,1.0199,1.0200,0.9855,0.0894,1.0197,0.0895,1.0244,0.9764,0.0894,0.9934,0.0895
3.8726,1.0249,1.0248,1.0250,1.0248,1.0250,1.0249,1.0202,1.0202,1.0202,1.0202,1.0203,1.0203,1.0203,1.0202,1.0202,1.0199,1.0186,1.0186,1.0201,1.0200,1.0192,1.0196,1.0196,1.0201,1.0201,1.0170,1.0157,1.0157,1.0183,1.0182,1.0156,1.0166,1.0166,1.0166,1.0199,1.0199,1.0200,0.9855,0.0888,1.0197,0.0888,1.0244,0.9764,0.0888,0.9934,0.0888
3.8826,1.0249,1.0248,1.0250,1.0248,1.0250,1.0249,1.0202,1.0202,1.0202,1.0202,1.0203,1.0203,1.0203,1.0202,1.0202,1.0199,1.0186,1.0186,1.0201,1.0200,1.0192,1.0196,1.0196,1.0201,1.0201,1.0169,1.0157,1.0157,1.0183,1.0182,1.0156,1.0166,1.0166,1.0166,1.0199,1.0199,1.0200,0.9855,0.0882,1.0197,0.0882,1.0244,0.9764,0.0882,0.9934,0.0882
3.8926,1.0249,1.0248,1.0250,1.0248,1.0250,1.0249,1.0202,1.0202,1.0202,1.0202,1.0203,1.0203,1.0203,1.0202,1.0202,1.0199,1.0186,1.0186,1.0201,1.0200,1.0192,1.0196,1.0196,1.0201,1.0201,1.0169,1.0157,1.0157,1.0183,1.0182,1.0156,1.0166,1.0166,1.0166,1.0199,1.0199,1.0200,0.9855,0.0876,1.0197,0.0876,1.0244,0.9764,0.0875,0.9934,0.0876
3.9026,1.0249,1.0248,1.0250,1.0248,1.0250,1.0249,1.0202,1.0202,1.0202,1.0202,1.0203,1.0203,1.0203,1.0202,1.0202,1.0199,1.0186,1.0186,1.0201,1.0200,1.0192,1.0196,1.0196,1.0201,1.0201,1.0169,1.0157,1.0157,1.0183,1.0182,1.0156,1.0166,1.0166,1.0166,1.0199,1.0199,1.0200,0.9855,0.0870,1.0197,0.0870,1.0244,0.9764,0.0869,0.9934,0.0870
3.9126,1.0249,1.0248,1.0250,1.0248,1.0250,1.0248,1.0202,1.0202,1.0202,1.0202,1.0203,1.0203,1.0203,1.0202,1.0202,1.0199,1.0186,1.0186,1.0201,1.0200,1.0192,1.0196,1.0196,1.0201,1.0201,1.0169,1.0157,1.0157,1.0183,1.0182,1.0156,1.0166,1.0166,1.0166,1.0199,1.0199,1.0200,0.9855,0.0863,1.0197,0.0864,1.0244,0.9764,0.0863,0.9934,0.0864
3.9226,1.0249,1.0248,1.0250,1.0248,1.0250,1.0248,1.0202,1.0202,1.0202,1.0202,1.0203,1.0203,1.0203,1.0202,1.0202,1.0199,1.0186,1.0186,1.0201,1.0200,1.0192,1.0196,1.0196,1.0201,1.0201,1.0169,1.0157,1.0157,1.0183,1.0182,1.0156,1.0166,1.0166,1.0166,1.0199,1.0199,1.0200,0.9855,0.0857,1.0197,0.0858,1.0244,0.9764,0.0857,0.9934,0.0858
3.9326,1.0249,1.0248,1.0250,1.0248,1.0250,1.0248,1.0202,1.0202,1.0202,1.0202,1.0203,1.0203,1.0203,1.0202,1.0202,1.0199,1.0186,1.0186,1.0201,1.0200,1.0192,1.0196,1.0196,1.0201,1.0201,1.0169,1.0157,1.0157,1.0183,1.0182,1.0156,1.0166,1.0166,1.0166,1.0199,1.0199,1.0200,0.9855,0.0851,1.0197,0.0852,1.0244,0.9764,0.0851,0.9934,0.0851
3.9426,1.0249,1.0248,1.0250,1.0248,1.0250,1.0248,1.0202,1.0202,1.0202,1.0202,1.0203,1.0203,1.0203,1.0202,1.0202,1.0198,1.0186,1.0186,1.0201,1.0200,1.0192,1.0196,1.0196,1.0201,1.0201,1.0169,1.0157,1.0157,1.0183,1.0182,1.0156,1.0166,1.0166,1.0166,1.0199,1.0199,1.0200,0.9855,0.0845,1.0197,0.0846,1.0244,0.9764,0.0845,0.9934,0.0846
3.9526,1.0249,1.0248,1.0250,1.0248,1.0250,1.0248,1.0202,1.0202,1.0202,1.0202,1.0203,1.0203,1.0203,1.0202,1.0202,1.0198,1.0186,1.0186,1.0201,1.0200,1.0192,1.0196,1.0196,1.0201,1.0201,1.0169,1.0157,1.0157,1.0183,1.0182,1.0156,1.0166,1.0166,1.0166,1.0199,1.0199,1.0199,0.9855,0.0840,1.0197,0.0840,1.0244,0.9764,0.0839,0.9934,0.0840
3.9626,1.0249,1.0248,1.0250,1.0248,1.0250,1.0248,1.0202,1.0202,1.0202,1.0202,1.0203,1.0203,1.0203,1.0202,1.0202,1.0198,1.0186,1.0186,1.0201,1.0200,1.0192,1.0196,1.0196,1.0201,1.0201,1.0169,1.0157,1.0157,1.0183,1.0182,1.0156,1.0166,1.0166,1.0166,1.0199,1.0199,1.0199,0.9855,0.0834,1.0197,0.0834,1.0244,0.9764,0.0833,0.9934,0.0834
3.9726,1.0249,1.0248,1.0250,1.0248,1.0250,1.0248,1.0202,1.0202,1.0202,1.0202,1.0203,1.0203,1.0203,1.0202,1.0202,1.0198,1.0186,1.0186,1.0201,1.0200,1.0192,1.0196,1.0196,1.0201,1.0201,1.0169,1.0157,1.0157,1.0183,1.0182,1.0156,1.0166,1.0166,1.0166,1.0199,1.0199,1.0199,0.9855,0.0828,1.0197,0.0828,1.0244,0.9764,0.0828,0.9934,0.0828
3.9826,1.0249,1.0248,1.0250,1.0248,1.0250,1.0248,1.0202,1.0202,1.0202,1.0202,1.0203,1.0203,1.0203,1.0202,1.0202,1.0198,1.0186,1.0186,1.0201,1.0200,1.0192,1.0196,1.0196,1.0201,1.0201,1.0169,1.0157,1.0157,1.0183,1.0182,1.0156,1.0166,1.0166,1.0166,1.0199,1.0199,1.0199,0.9855,0.0822,1.0197,0.0822,1.0244,0.9764,0.0822,0.9934,0.0822
3.9926,1.0249,1.0248,1.0250,1.0248,1.0250,1.0248,1.0202,1.0202,1.0202,1.0202,1.0203,1.0203,1.0203,1.0202,1.0202,1.0198,1.0186,1.0186,1.0201,1.0200,1.0192,1.0196,1.0196,1.0201,1.0201,1.0169,1.0157,1.0157,1.0183,1.0182,1.0156,1.0166,1.0166,1.0166,1.0199,1.0199,1.0199,0.9855,0.0816,1.0197,0.0816,1.0244,0.9764,0.0816,0.9934,0.0816
4.0026,1.0249,1.0248,1.0249,1.0248,1.0250,1.0248,1.0202,1.0202,1.0202,1.0202,1.0203,1.0203,1.0203,1.0202,1.0202,1.0198,1.0186,1.0186,1.0201,1.0200,1.0192,1.0196,1.0196,1.0201,1.0201,1.0169,1.0157,1.0157,1.0183,1.0182,1.0156,1.0166,1.0166,1.0166,1.0199,1.0199,1.0199,0.9855,0.0811,1.0197,0.0811,1.0244,0.9764,0.0810,0.9934,0.0811
4.0126,1.0249,1.0248,1.0249,1.0248,1.0250,1.0248,1.0202,1.0202,1.0202,1.0202,1.0203,1.0203,1.0203,1.0202,1.0202,1.0198,1.0186,1.0186,1.0201,1.0200,1.0192,1.0196,1.0196,1.0201,1.0201,1.0169,1.0157,1.0157,1.0183,1.0182,1.0156,1.0166,1.0166,1.0166,1.0199,1.0199,1.0199,0.9855,0.0805,1.0197,0.0805,1.0244,0.9764,0.0805,0.9934,0.0805
4.0226,1.0249,1.0248,1.0249,1.0248,1.0250,1.0248,1.0202,1.0202,1.0202,1.0202,1.0203,1.0203,1.0203,1.0202,1.0201,1.0198,1.0186,1.0186,1.0201,1.0200,1.0192,1.0196,1.0196,1.0201,1.0201,1.0169,1.0157,1.0157,1.0183,1.0182,1.0156,1.0166,1.0166,1.0166,1.0199,1.0199,1.0199,0.9855,0.0799,1.0196,0.0799,1.0244,0.9764,0.0799,0.9934,0.0799
4.0326,1.0249,1.0248,1.0249,1.0248,1.0250,1.0248,1.0201,1.0201,1.0202,1.0202,1.0203,1.0203,1.0203,1.0201,1.0201,1.0198,1.0186,1.0186,1.0201,1.0200,1.0192,1.0196,1.0196,1.0201,1.0201,1.0169,1.0157,1.0157,1.0183,1.0182,1.0156,1.0166,1.0166,1.0166,1.0199,1.0199,1.0199,0.9855,0.0794,1.0196,0.0794,1.0244,0.9764,0.0793,0.9934,0.0794
4.0426,1.0249,1.0248,1.0249,1.0248,1.0249,1.0248,1.0201,1.0201,1.0202,1.0202,1.0203,1.0203,1.0203,1.0201,1.0201,1.0198,1.0186,1.0186,1.0201,1.0200,1.0192,1.0196,1.0196,1.0201,1.0201,1.0169,1.0157,1.0157,1.0183,1.0182,1.0156,1.0166,1.0166,1.0166,1.0199,1.0199,1.0199,0.9855,0.0788,1.0196,0.0788,1.0244,0.9764,0.0788,0.9934,0.0788
4.0526,1.0249,1.0248,1.0249,1.0248,1.0249,1.0248,1.0201,1.0201,1.0202,1.0202,1.0203,1.0203,1.0203,1.0201,1.0201,1.0198,1.0186,1.0186,1.0201,1.0200,1.0192,1.0196,1.0196,1.0201,1.0201,1.0169,1.0157,1.0157,1.0183,1.0182,1.0156,1.0166,1.0166,1.0166,1.0199,1.0199,1.0199,0.9855,0.0783,1.0196,0.0783,1.0244,0.9764,0.0782,0.9934,0.0783
4.0626,1.0249,1.0248,1.0249,1.0248,1.0249,1.0248,1.0201,1.0201,1.0201,1.0201,1.0203,1.0203,1.0203,1.0201,1.0201,1.0198,1.0186,1.0186,1.0201,1.0200,1.0192,1.0196,1.0196,1.0201,1.0201,1.0169,1.0157,1.0157,1.0183,1.0182,1.0156,1.0166,1.0166,1.0166,1.0199,1.0199,1.0199,0.9855,0.0777,1.0196,0.0777,1.0244,0.9764,0.0777,0.9934,0.0777
4.0726,1.0249,1.0248,1.0249,1.0248,1.0249,1.0248,1.0201,1.0201,1.0201,1.0201,1.0203,1.0203,1.0203,1.0201,1.0201,1.0198,1.0186,1.0186,1.0201,1.0200,1.0192,1.0196,1.0196,1.0201,1.0201,1.0169,1.0157,1.0157,1.0183,1.0182,1.0156,1.0166,1.0166,1.0166,1.0199,1.0199,1.0199,0.9855,0.0772,1.0196,0.0772,1.0244,0.9764,0.0772,0.9934,0.0772
4.0826,1.0249,1.0248,1.0249,1.0248,1.0249,1.0248,1.0201,1.0201,1.0201,1.0201,1.0203,1.0203,1.0203,1.0201,1.0201,1.0198,1.0186,1.0186,1.0201,1.0200,1.0192,1.0196,1.0196,1.0201,1.0201,1.0169,1.0157,1.0157,1.0183,1.0182,1.0156,1.0166,1.0166,1.0166,1.0199,1.0199,1.0199,0.9854,0.0766,1.0196,0.0767,1.0244,0.9764,0.0766,0.9934,0.0767
4.0926,1.0249,1.0248,1.0249,1.0248,1.0249,1.0248,1.0201,1.0201,1.0201,1.0201,1.0203,1.0203,1.0203,1.0201,1.0201,1.0198,1.0186,1.0186,1.0201,1.0200,1.0192,1.0196,1.0196,1.0201,1.0201,1.0169,1.0157,1.0157,1.0183,1.0182,1.0156,1.0166,1.0166,1.0166,1.0199,1.0199,1.0199,0.9854,0.0761,1.0196,0.0761,1.0244,0.9764,0.0761,0.9934,0.0761
4.1026,1.0249,1.0248,1.0249,1.0248,1.0249,1.0248,1.0201,1.0201,1.0201,1.0201,1.0203,1.0203,1.0203,1.0201,1.0201,1.0198,1.0186,1.0186,1.0201,1.0200,1.0192,1.0196,1.0196,1.0201,1.0201,1.0169,1.0157,1.0157,1.0183,1.0182,1.0156,1.0166,1.0166,1.0166,1.0199,1.0199,1.0199,0.9854,0.0756,1.0196,0.0756,1.0244,0.9764,0.0756,0.9934,0.0756
4.1126,1.0249,1.0248,1.0249,1.0248,1.0249,1.0248,1.0201,1.0201,1.0201,1.0201,1.0203,1.0203,1.0203,1.0201,1.0201,1.0198,1.0186,1.0186,1.0201,1.0200,1.0192,1.0196,1.0196,1.0201,1.0201,1.0169,1.0157,1.0157,1.0183,1.0182,1.0156,1.0166,1.0166,1.0166,1.0199,1.0199,1.0199,0.9854,0.0751,1.0196,0.0751,1.0243,0.9764,0.0750,0.9934,0.0751
4.1226,1.0249,1.0248,1.0249,1.0248,1.0249,1.0248,1.0201,1.0201,1.0201,1.0201,1.0203,1.0203,1.0203,1.0201,1.0201,1.0198,1.0186,1.0186,1.0201,1.0200,1.0192,1.0196,1.0196,1.0201,1.0201,1.0169,1.0157,1.0157,1.0183,1.0182,1.0156,1.0166,1.0166,1.0166,1.0199,1.0199,1.0199,0.9854,0.0745,1.0196,0.0745,1.0243,0.9764,0.0745,0.9934,0.0745
4.1326,1.0249,1.0248,1.0249,1.0248,1.0249,1.0248,1.0201,1.0201,1.0201,1.0201,1.0203,1.0203,1.0203,1.0201,1.0201,1.0198,1.0186,1.0186,1.0201,1.0200,1.0192,1.0196,1.0196,1.0201,1.0201,1.0169,1.0157,1.0157,1.0183,1.0182,1.0156,1.0166,1.0166,1.0166,1.0199,1.0199,1.0199,0.9854,0.0740,1.0196,0.0740,1.0243,0.9764,0.0740,0.9934,0.0740
4.1426,1.0249,1.0248,1.0249,1.0248,1.0249,1.0248,1.0201,1.0201,1.0201,1.0201,1.0203,1.0203,1.0203,1.0201,1.0201,1.0198,1.0186,1.0186,1.0201,1.0200,1.0192,1.0196,1.0196,1.0201,1.0201,1.0169,1.0157,1.0157,1.0183,1.0182,1.0156,1.0166,1.0166,1.0166,1.0199,1.0199,1.0199,0.9854,0.0735,1.0196,0.0735,1.0243,0.9764,0.0735,0.9934,0.0735
4.1526,1.0249,1.0248,1.0249,1.0248,1.0249,1.0248,1.0201,1.0201,1.0201,1.0201,1.0203,1.0203,1.0203,1.0201,1.0201,1.0198,1.0186,1.0186,1.0201,1.0200,1.0192,1.0196,1.0196,1.0201,1.0201,1.0169,1.0157,1.0157,1.0183,1.0182,1.0156,1.0166,1.0166,1.0166,1.0199,1.0199,1.0199,0.9854,0.0730,1.0196,0.0730,1.0243,0.9764,0.0730,0.9934,0.0730
4.1626,1.0249,1.0248,1.0249,1.0248,1.0249,1.0248,1.0201,1.0201,1.0201,1.0201,1.0203,1.0203,1.0203,1.0201,1.0201,1.0198,1.0186,1.0186,1.0201,1.0200,1.0192,1.0196,1.0196,1.0201,1.0201,1.0169,1.0157,1.0157,1.0183,1.0182,1.0156,1.0166,1.0166,1.0166,1.0199,1.0199,1.0199,0.9854,0.0725,1.0196,0.0725,1.0243,0.9764,0.0725,0.9934,0.0725
4.1726,1.0249,1.0248,1.0249,1.0248,1.0249,1.0248,1.0201,1.0201,1.0201,1.0201,1.0203,1.0203,1.0203,1.0201,1.0201,1.0198,1.0186,1.0186,1.0201,1.0200,1.0192,1.0196,1.0196,1.0201,1.0201,1.0169,1.0157,1.0157,1.0183,1.0182,1.0156,1.0166,1.0166,1.0166,1.0199,1.0199,1.0199,0.9854,0.0720,1.0196,0.0720,1.0243,0.9764,0.0720,0.9934,0.0720
4.1826,1.0249,1.0248,1.0249,1.0248,1.0249,1.0248,1.0201,1.0201,1.0201,1.0201,1.0203,1.0203,1.0203,1.0201,1.0201,1.0198,1.0186,1.0186,1.0201,1.0200,1.0192,1.0196,1.0196,1.0201,1.0201,1.0169,1.0157,1.0157,1.0183,1.0182,1.0156,1.0166,1.0166,1.0166,1.0199,1.0199,1.0199,0.9854,0.0715,1.0196,0.0715,1.0243,0.9764,0.0715,0.9934,0.0715
4.1926,1.0249,1.0248,1.0249,1.0248,1.0249,1.0248,1.0201,1.0201,1.0201,1.0201,1.0203,1.0203,1.0203,1.0201,1.0201,1.0198,1.0186,1.0186,1.0201,1.0200,1.0192,1.0196,1.0196,1.0201,1.0201,1.0169,1.0157,1.0157,1.0183,1.0182,1.0156,1.0166,1.0166,1.0166,1.0199,1.0199,1.0199,0.9854,0.0710,1.0196,0.0710,1.0243,0.9764,0.0710,0.9934,0.0710
4.2026,1.0249,1.0248,1.0249,1.0248,1.0249,1.0248,1.0201,1.0201,1.0201,1.0201,1.0203,1.0203,1.0203,1.0201,1.0201,1.0198,1.0186,1.0186,1.0201,1.0200,1.0192,1.0196,1.0196,1.0201,1.0201,1.0169,1.0156,1.0156,1.0183,1.0182,1.0156,1.0166,1.0166,1.0166,1.0199,1.0199,1.0199,0.9854,0.0705,1.0196,0.0705,1.0243,0.9764,0.0705,0.9934,0.0705
4.2126,1.0249,1.0248,1.0249,1.0248,1.0249,1.0248,1.0201,1.0201,1.0201,1.0201,1.0203,1.0203,1.0203,1.0201,1.0201,1.0198,1.0186,1.0186,1.0201,1.0200,1.0192,1.0196,1.0196,1.0201,1.0201,1.0169,1.0156,1.0156,1.0183,1.0182,1.0156,1.0166,1.0166,1.0166,1.0199,1.0199,1.0199,0.9854,0.0700,1.0196,0.0700,1.0243,0.9764,0.0700,0.9934,0.0700
4.2226,1.0249,1.0248,1.0249,1.0248,1.0249,1.0248,1.0201,1.0201,1.0201,1.0201,1.0203,1.0203,1.0203,1.0201,1.0201,1.0198,1.0186,1.0186,1.0201,1.0200,1.0192,1.0196,1.0196,1.0201,1.0201,1.0169,1.0156,1.0156,1.0183,1.0182,1.0156,1.0166,1.0166,1.0166,1.0199,1.0199,1.0199,0.9854,0.0695,1.0196,0.0695,1.0243,0.9764,0.0695,0.9934,0.0695
4.2326,1.0249,1.0248,1.0249,1.0248,1.0249,1.0248,1.0201,1.0201,1.0201,1.0201,1.0203,1.0203,1.0203,1.0201,1.0201,1.0198,1.0186,1.0186,1.0201,1.0200,1.0192,1.0196,1.0196,1.0201,1.0201,1.0169,1.0156,1.0156,1.0183,1.0181,1.0156,1.0166,1.0166,1.0166,1.0199,1.0199,1.0199,0.9854,0.0691,1.0196,0.0691,1.0243,0.9764,0.0690,0.9934,0.0691
4.2426,1.0249,1.0248,1.0249,1.0248,1.0249,1.0248,1.0201,1.0201,1.0201,1.0201,1.0203,1.0203,1.0203,1.0201,1.0201,1.0198,1.0186,1.0186,1.0201,1.0200,1.0192,1.0196,1.0196,1.0201,1.0201,1.0169,1.0156,1.0156,1.0182,1.0181,1.0156,1.0166,1.0166,1.0166,1.0199,1.0199,1.0199,0.9854,0.0686,1.0196,0.0686,1.0243,0.9764,0.0686,0.9934,0.0686
4.2526,1.0249,1.0248,1.0249,1.0248,1.0249,1.0248,1.0201,1.0201,1.0201,1.0201,1.0203,1.0203,1.0203,1.0201,1.0201,1.0198,1.0186,1.0186,1.0201,1.0200,1.0192,1.0196,1.0196,1.0201,1.0201,1.0169,1.0156,1.0156,1.0182,1.0181,1.0156,1.0166,1.0166,1.0166,1.0199,1.0199,1.0199,0.9854,0.0681,1.0196,0.0681,1.0243,0.9764,0.0681,0.9934,0.0681
4.2626,1.0249,1.0248,1.0249,1.0248,1.0249,1.0248,1.0201,1.0201,1.0201,1.0201,1.0203,1.0203,1.0203,1.0201,1.0201,1.0198,1.0185,1.0185,1.0201,1.0200,1.0192,1.0195,1.0195,1.0201,1.0201,1.0169,1.0156,1.0156,1.0182,1.0181,1.0156,1.0166,1.0166,1.0166,1.0199,1.0199,1.0199,0.9854,0.0676,1.0196,0.0676,1.0243,0.9764,0.0676,0.9934,0.0676
4.2726,1.0249,1.0248,1.0249,1.0248,1.0249,1.0248,1.0201,1.0201,1.0201,1.0201,1.0203,1.0203,1.0203,1.0201,1.0201,1.0198,1.0185,1.0185,1.0201,1.0200,1.0191,1.0195,1.0195,1.0201,1.0201,1.0169,1.0156,1.0156,1.0182,1.0181,1.0156,1.0166,1.0166,1.0166,1.0199,1.0199,1.0199,0.9854,0.0672,1.0196,0.0672,1.0243,0.9764,0.0672,0.9934,0.0672
4.2826,1.0249,1.0248,1.0249,1.0248,1.0249,1.0248,1.0201,1.0201,1.0201,1.0201,1.0203,1.0203,1.0203,1.0201,1.0201,1.0198,1.0185,1.0185,1.0201,1.0200,1.0191,1.0195,1.0195,1.0201,1.0201,1.0169,1.0156,1.0156,1.0182,1.0181,1.0156,1.0166,1.0166,1.0166,1.0199,1.0199,1.0199,0.9854,0.0667,1.0196,0.0667,1.0243,0.9764,0.0667,0.9934,0.0667
4.2926,1.0249,1.0248,1.0249,1.0248,1.0249,1.0248,1.0201,1.0201,1.0201,1.0201,1.0203,1.0203,1.0203,1.0201,1.0201,1.0198,1.0185,1.0185,1.0201,1.0200,1.0191,1.0195,1.0195,1.0201,1.0201,1.0169,1.0156,1.0156,1.0182,1.0181,1.0156,1.0166,1.0166,1.0166,1.0199,1.0199,1.0199,0.9854,0.0663,1.0196,0.0663,1.0243,0.9764,0.0662,0.9934,0.0663
4.3026,1.0249,1.0248,1.0249,1.0248,1.0249,1.0248,1.0201,1.0201,1.0201,1.0201,1.0202,1.0202,1.0202,1.0201,1.0201,1.0198,1.0185,1.0185,1.0201,1.0200,1.0191,1.0195,1.0195,1.0201,1.0201,1.0169,1.0156,1.0156,1.0182,1.0181,1.0156,1.0166,1.0166,1.0166,1.0199,1.0199,1.0199,0.9854,0.0658,1.0196,0.0658,1.0243,0.9764,0.0658,0.9934,0.0658
4.3126,1.0249,1.0248,1.0249,1.0248,1.0249,1.0248,1.0201,1.0201,1.0201,1.0201,1.0202,1.0202,1.0202,1.0201,1.0201,1.0198,1.0185,1.0185,1.0201,1.0200,1.0191,1.0195,1.0195,1.0201,1.0201,1.0169,1.0156,1.0156,1.0182,1.0181,1.0156,1.0166,1.0166,1.0166,1.0199,1.0199,1.0199,0.9854,0.0653,1.0196,0.0654,1.0243,0.9764,0.0653,0.9934,0.0654
4.3226,1.0249,1.0248,1.0249,1.0248,1.0249,1.0248,1.0201,1.0201,1.0201,1.0201,1.0202,1.0202,1.0202,1.0201,1.0201,1.0198,1.0185,1.0185,1.0201,1.0200,1.0191,1.0195,1.0195,1.0201,1.0201,1.0169,1.0156,1.0156,1.0182,1.0181,1.0156,1.0166,1.0166,1.0166,1.0199,1.0199,1.0199,0.9854,0.0649,1.0196,0.0649,1.0243,0.9764,0.0649,0.9934,0.0649
4.3326,1.0249,1.0248,1.0249,1.0248,1.0249,1.0248,1.0201,1.0201,1.0201,1.0201,1.0202,1.0202,1.0202,1.0201,1.0201,1.0198,1.0185,1.0185,1.0201,1.0200,1.0191,1.0195,1.0195,1.0201,1.0201,1.0169,1.0156,1.0156,1.0182,1.0181,1.0156,1.0166,1.0166,1.0166,1.0199,1.0199,1.0199,0.9854,0.0645,1.0196,0.0645,1.0243,0.9764,0.0644,0.9934,0.0645
4.3426,1.0249,1.0248,1.0249,1.0248,1.0249,1.0248,1.0201,1.0201,1.0201,1.0201,1.0202,1.0202,1.0202,1.0201,1.0201,1.0198,1.0185,1.0185,1.0201,1.0200,1.0191,1.0195,1.0195,1.0201,1.0201,1.0169,1.0156,1.0156,1.0182,1.0181,1.0156,1.0166,1.0166,1.0166,1.0199,1.0199,1.0199,0.9854,0.0640,1.0196,0.0640,1.0243,0.9764,0.0640,0.9934,0.0640
4.3526,1.0249,1.0248,1.0249,1.0248,1.0249,1.0248,1.0201,1.0201,1.0201,1.0201,1.0202,1.0202,1.0202,1.0201,1.0201,1.0198,1.0185,1.0185,1.0201,1.0200,1.0191,1.0195,1.0195,1.0201,1.0201,1.0169,1.0156,1.0156,1.0182,1.0181,1.0156,1.0166,1.0166,1.0166,1.0199,1.0199,1.0199,0.9854,0.0636,1.0196,0.0636,1.0243,0.9764,0.0636,0.9934,0.0636
4.3626,1.0249,1.0248,1.0249,1.0248,1.0249,1.0248,1.0201,1.0201,1.0201,1.0201,1.0202,1.0202,1.0202,1.0201,1.0201,1.0198,1.0185,1.0185,1.0201,1.0200,1.0191,1.0195,1.0195,1.0201,1.0201,1.0169,1.0156,1.0156,1.0182,1.0181,1.0156,1.0166,1.0166,1.0166,1.0199,1.0199,1.0199,0.9854,0.0631,1.0196,0.0631,1.0243,0.9764,0.0631,0.9934,0.0631
4.3726,1.0249,1.0248,1.0249,1.0248,1.0249,1.0248,1.0201,1.0201,1.0201,1.0201,1.0202,1.0202,1.0202,1.0201,1.0201,1.0198,1.0185,1.0185,1.0201,1.0200,1.0191,1.0195,1.0195,1.0201,1.0201,1.0169,1.0156,1.0156,1.0182,1.0181,1.0156,1.0166,1.0166,1.0166,1.0199,1.0199,1.0199,0.9854,0.0627,1.0196,0.0627,1.0243,0.9764,0.0627,0.9934,0.0627
4.3826,1.0249,1.0248,1.0249,1.0248,1.0249,1.0248,1.0201,1.0201,1.0201,1.0201,1.0202,1.0202,1.0202,1.0201,1.0201,1.0198,1.0185,1.0185,1.0201,1.0200,1.0191,1.0195,1.0195,1.0201,1.0201,1.0169,1.0156,1.0156,1.0182,1.0181,1.0156,1.0166,1.0166,1.0166,1.0199,1.0199,1.0199,0.9854,0.0623,1.0196,0.0623,1.0243,0.9764,0.0623,0.9934,0.0623
4.3926,1.0249,1.0248,1.0249,1.0248,1.0249,1.0248,1.0201,1.0201,1.0201,1.0201,1.0202,1.0202,1.0202,1.0201,1.0201,1.0198,1.0185,1.0185,1.0201,1.0200,1.0191,1.0195,1.0195,1.0201,1.0201,1.0169,1.0156,1.0156,1.0182,1.0181,1.0156,1.0166,1.0166,1.0166,1.0199,1.0199,1.0199,0.9854,0.0618,1.0196,0.0619,1.0243,0.9764,0.0618,0.9934,0.0619
4.4026,1.0249,1.0248,1.0249,1.0248,1.0249,1.0248,1.0201,1.0201,1.0201,1.0201,1.0202,1.0202,1.0202,1.0201,1.0201,1.0198,1.0185,1.0185,1.0201,1.0200,1.0191,1.0195,1.0195,1.0201,1.0201,1.0169,1.0156,1.0156,1.0182,1.0181,1.0156,1.0166,1.0166,1.0166,1.0199,1.0199,1.0199,0.9854,0.0614,1.0196,0.0614,1.0243,0.9764,0.0614,0.9934,0.0614
4.4126,1.0249,1.0248,1.0249,1.0248,1.0249,1.0248,1.0201,1.0201,1.0201,1.0201,1.0202,1.0202,1.0202,1.0201,1.0201,1.0198,1.0185,1.0185,1.0201,1.0200,1.0191,1.0195,1.0195,1.0201,1.0201,1.0169,1.0156,1.0156,1.0182,1.0181,1.0156,1.0166,1.0166,1.0166,1.0199,1.0199,1.0199,0.9854,0.0610,1.0196,0.0610,1.0243,0.9764,0.0610,0.9934,0.0610
4.4226,1.0249,1.0248,1.0249,1.0248,1.0249,1.0248,1.0201,1.0201,1.0201,1.0201,1.0202,1.0202,1.0202,1.0201,1.0201,1.0198,1.0185,1.0185,1.0201,1.0200,1.0191,1.0195,1.0195,1.0201,1.0201,1.0169,1.0156,1.0156,1.0182,1.0181,1.0156,1.0166,1.0166,1.0166,1.0199,1.0199,1.0199,0.9854,0.0606,1.0196,0.0606,1.0243,0.9764,0.0606,0.9934,0.0606
4.4326,1.0249,1.0248,1.0249,1.0248,1.0249,1.0248,1.0201,1.0201,1.0201,1.0201,1.0202,1.0202,1.0202,1.0201,1.0201,1.0198,1.0185,1.0185,1.0201,1.0200,1.0191,1.0195,1.0195,1.0201,1.0201,1.0169,1.0156,1.0156,1.0182,1.0181,1.0156,1.0166,1.0166,1.0166,1.0199,1.0199,1.0199,0.9854,0.0602,1.0196,0.0602,1.0243,0.9764,0.0602,0.9934,0.0602
4.4426,1.0249,1.0248,1.0249,1.0248,1.0249,1.0248,1.0201,1.0201,1.0201,1.0201,1.0202,1.0202,1.0202,1.0201,1.0201,1.0198,1.0185,1.0185,1.0201,1.0200,1.0191,1.0195,1.0195,1.0201,1.0201,1.0169,1.0156,1.0156,1.0182,1.0181,1.0156,1.0166,1.0166,1.0166,1.0199,1.0199,1.0199,0.9854,0.0598,1.0196,0.0598,1.0243,0.9764,0.0597,0.9933,0.0598
4.4526,1.0249,1.0248,1.0249,1.0248,1.0249,1.0248,1.0201,1.0201,1.0201,1.0201,1.0202,1.0202,1.0202,1.0201,1.0201,1.0198,1.0185,1.0185,1.0201,1.0200,1.0191,1.0195,1.0195,1.0201,1.0201,1.0169,1.0156,1.0156,1.0182,1.0181,1.0156,1.0166,1.0166,1.0166,1.0199,1.0199,1.0199,0.9854,0.0594,1.0196,0.0594,1.0243,0.9764,0.0593,0.9933,0.0594
4.4626,1.0249,1.0248,1.0249,1.0248,1.0249,1.0248,1.0201,1.0201,1.0201,1.0201,1.0202,1.0202,1.0202,1.0201,1.0201,1.0198,1.0185,1.0185,1.0201,1.0200,1.0191,1.0195,1.0195,1.0201,1.0201,1.0169,1.0156,1.0156,1.0182,1.0181,1.0156,1.0166,1.0166,1.0166,1.0199,1.0199,1.0199,0.9854,0.0590,1.0196,0.0590,1.0243,0.9764,0.0589,0.9933,0.0590
4.4726,1.0249,1.0248,1.0249,1.0248,1.0249,1.0248,1.0201,1.0201,1.0201,1.0201,1.0202,1.0202,1.0202,1.0201,1.0201,1.0198,1.0185,1.0185,1.0201,1.0200,1.0191,1.0195,1.0195,1.0201,1.0201,1.0169,1.0156,1.0156,1.0182,1.0181,1.0156,1.0166,1.0166,1.0166,1.0199,1.0199,1.0199,0.9854,0.0586,1.0196,0.0586,1.0243,0.9764,0.0585,0.9933,0.0586
4.4826,1.0249,1.0248,1.0249,1.0248,1.0249,1.0248,1.0201,1.0201,1.0201,1.0201,1.0202,1.0202,1.0202,1.0201,1.0201,1.0198,1.0185,1.0185,1.0201,1.0200,1.0191,1.0195,1.0195,1.0201,1.0201,1.0169,1.0156,1.0156,1.0182,1.0181,1.0156,1.0166,1.0166,1.0166,1.0199,1.0199,1.0199,0.9854,0.0582,1.0196,0.0582,1.0243,0.9764,0.0581,0.9933,0.0582
4.4926,1.0249,1.0248,1.0249,1.0248,1.0249,1.0248,1.0201,1.0201,1.0201,1.0201,1.0202,1.0202,1.0202,1.0201,1.0201,1.0198,1.0185,1.0185,1.0201,1.0200,1.0191,1.0195,1.0195,1.0201,1.0201,1.0169,1.0156,1.0156,1.0182,1.0181,1.0156,1.0166,1.0166,1.0166,1.0199,1.0199,1.0199,0.9854,0.0578,1.0196,0.0578,1.0243,0.9764,0.0577,0.9933,0.0578
4.5026,1.0249,1.0248,1.0249,1.0248,1.0249,1.0248,1.0201,1.0201,1.0201,1.0201,1.0202,1.0202,1.0202,1.0201,1.0201,1.0198,1.0185,1.0185,1.0201,1.0200,1.0191,1.0195,1.0195,1.0201,1.0201,1.0169,1.0156,1.0156,1.0182,1.0181,1.0156,1.0166,1.0166,1.0166,1.0199,1.0199,1.0199,0.9854,0.0574,1.0196,0.0574,1.0243,0.9764,0.0573,0.9933,0.0574
4.5126,1.0249,1.0248,1.0249,1.0248,1.0249,1.0248,1.0201,1.0201,1.0201,1.0201,1.0202,1.0202,1.0202,1.0201,1.0201,1.0198,1.0185,1.0185,1.0201,1.0200,1.0191,1.0195,1.0195,1.0201,1.0201,1.0169,1.0156,1.0156,1.0182,1.0181,1.0156,1.0166,1.0166,1.0166,1.0199,1.0199,1.0199,0.9854,0.0570,1.0196,0.0570,1.0243,0.9764,0.0570,0.9933,0.0570
4.5226,1.0249,1.0248,1.0249,1.0248,1.0249,1.0248,1.0201,1.0201,1.0201,1.0201,1.0202,1.0202,1.0202,1.0201,1.0201,1.0198,1.0185,1.0185,1.0201,1.0200,1.0191,1.0195,1.0195,1.0201,1.0201,1.0169,1.0156,1.0156,1.0182,1.0181,1.0156,1.0166,1.0166,1.0166,1.0199,1.0199,1.0199,0.9854,0.0566,1.0196,0.0566,1.0243,0.9764,0.0566,0.9933,0.0566
4.5326,1.0249,1.0248,1.0249,1.0248,1.0249,1.0248,1.0201,1.0201,1.0201,1.0201,1.0202,1.0202,1.0202,1.0201,1.0201,1.0198,1.0185,1.0185,1.0201,1.0200,1.0191,1.0195,1.0195,1.0201,1.0201,1.0169,1.0156,1.0156,1.0182,1.0181,1.0156,1.0165,1.0165,1.0165,1.0199,1.0199,1.0199,0.9854,0.0562,1.0196,0.0562,1.0243,0.9764,0.0562,0.9933,0.0562
4.5426,1.0249,1.0248,1.0249,1.0248,1.0249,1.0248,1.0201,1.0201,1.0201,1.0201,1.0202,1.0202,1.0202,1.0201,1.0201,1.0198,1.0185,1.0185,1.0201,1.0200,1.0191,1.0195,1.0195,1.0201,1.0201,1.0169,1.0156,1.0156,1.0182,1.0181,1.0156,1.0165,1.0165,1.0165,1.0199,1.0199,1.0199,0.9854,0.0558,1.0196,0.0558,1.0243,0.9764,0.0558,0.9933,0.0558
4.5526,1.0249,1.0248,1.0249,1.0248,1.0249,1.0248,1.0201,1.0201,1.0201,1.0201,1.0202,1.0202,1.0202,1.0201,1.0201,1.0198,1.0185,1.0185,1.0201,1.0200,1.0191,1.0195,1.0195,1.0201,1.0201,1.0169,1.0156,1.0156,1.0182,1.0181,1.0156,1.0165,1.0165,1.0165,1.0199,1.0199,1.0199,0.9854,0.0554,1.0196,0.0554,1.0243,0.9763,0.0554,0.9933,0.0554
4.5626,1.0249,1.0248,1.0249,1.0248,1.0249,1.0248,1.0201,1.0201,1.0201,1.0201,1.0202,1.0202,1.0202,1.0201,1.0201,1.0198,1.0185,1.0185,1.0201,1.0200,1.0191,1.0195,1.0195,1.0201,1.0201,1.0169,1.0156,1.0156,1.0182,1.0181,1.0156,1.0165,1.0165,1.0165,1.0199,1.0199,1.0199,0.9854,0.0551,1.0196,0.0551,1.0243,0.9763,0.0550,0.9933,0.0551
4.5726,1.0249,1.0248,1.0249,1.0248,1.0249,1.0248,1.0201,1.0201,1.0201,1.0201,1.0202,1.0202,1.0202,1.0201,1.0201,1.0198,1.0185,1.0185,1.0201,1.0200,1.0191,1.0195,1.0195,1.0201,1.0201,1.0169,1.0156,1.0156,1.0182,1.0181,1.0156,1.0165,1.0165,1.0165,1.0199,1.0199,1.0199,0.9854,0.0547,1.0196,0.0547,1.0243,0.9763,0.0547,0.9933,0.0547
4.5826,1.0249,1.0248,1.0249,1.0248,1.0249,1.0248,1.0201,1.0201,1.0201,1.0201,1.0202,1.0202,1.0202,1.0201,1.0201,1.0198,1.0185,1.0185,1.0201,1.0200,1.0191,1.0195,1.0195,1.0201,1.0201,1.0169,1.0156,1.0156,1.0182,1.0181,1.0156,1.0165,1.0165,1.0165,1.0199,1.0199,1.0199,0.9854,0.0543,1.0196,0.0543,1.0243,0.9763,0.0543,0.9933,0.0543
4.5926,1.0249,1.0248,1.0249,1.0248,1.0249,1.0248,1.0201,1.0201,1.0201,1.0201,1.0202,1.0202,1.0202,1.0201,1.0201,1.0198,1.0185,1.0185,1.0201,1.0200,1.0191,1.0195,1.0195,1.0201,1.0201,1.0169,1.0156,1.0156,1.0182,1.0181,1.0156,1.0165,1.0165,1.0165,1.0199,1.0199,1.0199,0.9854,0.0540,1.0196,0.0540,1.0243,0.9763,0.0539,0.9933,0.0540
4.6026,1.0249,1.0248,1.0249,1.0248,1.0249,1.0248,1.0201,1.0201,1.0201,1.0201,1.0202,1.0202,1.0202,1.0201,1.0201,1.0198,1.0185,1.0185,1.0201,1.0200,1.0191,1.0195,1.0195,1.0201,1.0201,1.0169,1.0156,1.0156,1.0182,1.0181,1.0156,1.0165,1.0165,1.0165,1.0199,1.0199,1.0199,0.9854,0.0536,1.0196,0.0536,1.0243,0.9763,0.0536,0.9933,0.0536
4.6126,1.0249,1.0248,1.0249,1.0248,1.0249,1.0248,1.0201,1.0201,1.0201,1.0201,1.0202,1.0202,1.0202,1.0201,1.0201,1.0198,1.0185,1.0185,1.0201,1.0200,1.0191,1.0195,1.0195,1.0201,1.0201,1.0169,1.0156,1.0156,1.0182,1.0181,1.0156,1.0165,1.0165,1.0165,1.0199,1.0199,1.0199,0.9854,0.0532,1.0196,0.0532,1.0243,0.9763,0.0532,0.9933,0.0532
4.6226,1.0249,1.0247,1.0249,1.0248,1.0249,1.0248,1.0201,1.0201,1.0201,1.0201,1.0202,1.0202,1.0202,1.0201,1.0201,1.0198,1.0185,1.0185,1.0201,1.0200,1.0191,1.0195,1.0195,1.0201,1.0201,1.0169,1.0156,1.0156,1.0182,1.0181,1.0156,1.0165,1.0165,1.0165,1.0199,1.0199,1.0199,0.9854,0.0529,1.0196,0.0529,1.0243,0.9763,0.0529,0.9933,0.0529
4.6326,1.0249,1.0247,1.0249,1.0248,1.0249,1.0248,1.0201,1.0201,1.0201,1.0201,1.0202,1.0202,1.0202,1.0201,1.0201,1.0198,1.0185,1.0185,1.0201,1.0200,1.0191,1.0195,1.0195,1.0201,1.0201,1.0169,1.0156,1.0156,1.0182,1.0181,1.0156,1.0165,1.0165,1.0165,1.0199,1.0199,1.0199,0.9854,0.0525,1.0196,0.0525,1.0243,0.9763,0.0525,0.9933,0.0525
4.6426,1.0249,1.0247,1.0249,1.0248,1.0249,1.0248,1.0201,1.0201,1.0201,1.0201,1.0202,1.0202,1.0202,1.0201,1.0201,1.0198,1.0185,1.0185,1.0201,1.0200,1.0191,1.0195,1.0195,1.0201,1.0201,1.0169,1.0156,1.0156,1.0182,1.0181,1.0156,1.0165,1.0165,1.0165,1.0198,1.0198,1.0199,0.9854,0.0522,1.0196,0.0522,1.0243,0.9763,0.0521,0.9933,0.0522
4.6526,1.0249,1.0247,1.0249,1.0248,1.0249,1.0248,1.0201,1.0201,1.0201,1.0201,1.0202,1.0202,1.0202,1.0201,1.0201,1.0198,1.0185,1.0185,1.0201,1.0200,1.0191,1.0195,1.0195,1.0201,1.0201,1.0169,1.0156,1.0156,1.0182,1.0181,1.0156,1.0165,1.0165,1.0165,1.0198,1.0198,1.0199,0.9854,0.0518,1.0196,0.0518,1.0243,0.9763,0.0518,0.9933,0.0518
4.6626,1.0249,1.0247,1.0249,1.0248,1.0249,1.0248,1.0201,1.0201,1.0201,1.0201,1.0202,1.0202,1.0202,1.0201,1.0201,1.0198,1.0185,1.0185,1.0201,1.0200,1.0191,1.0195,1.0195,1.0201,1.0201,1.0169,1.0156,1.0156,1.0182,1.0181,1.0156,1.0165,1.0165,1.0165,1.0198,1.0198,1.0199,0.9854,0.0515,1.0196,0.0515,1.0243,0.9763,0.0514,0.9933,0.0515
4.6726,1.0249,1.0247,1.0249,1.0248,1.0249,1.0248,1.0201,1.0201,1.0201,1.0201,1.0202,1.0202,1.0202,1.0201,1.0201,1.0198,1.0185,1.0185,1.0201,1.0200,1.0191,1.0195,1.0195,1.0201,1.0201,1.0169,1.0156,1.0156,1.0182,1.0181,1.0156,1.0165,1.0165,1.0165,1.0198,1.0198,1.0199,0.9854,0.0511,1.0196,0.0511,1.0243,0.9763,0.0511,0.9933,0.0511
4.6826,1.0249,1.0247,1.0249,1.0248,1.0249,1.0248,1.0201,1.0201,1.0201,1.0201,1.0202,1.0202,1.0202,1.0201,1.0201,1.0198,1.0185,1.0185,1.0201,1.0200,1.0191,1.0195,1.0195,1.0201,1.0201,1.0169,1.0156,1.0156,1.0182,1.0181,1.0156,1.0165,1.0165,1.0165,1.0198,1.0198,1.0199,0.9854,0.0508,1.0196,0.0508,1.0243,0.9763,0.0507,0.9933,0.0508
4.6926,1.0249,1.0247,1.0249,1.0248,1.0249,1.0248,1.0201,1.0201,1.0201,1.0201,1.0202,1.0202,1.0202,1.0201,1.0201,1.0198,1.0185,1.0185,1.0201,1.0200,1.0191,1.0195,1.0195,1.0201,1.0201,1.0169,1.0156,1.0156,1.0182,1.0181,1.0156,1.0165,1.0165,1.0165,1.0198,1.0198,1.0199,0.9854,0.0504,1.0196,0.0504,1.0243,0.9763,0.0504,0.9933,0.0504
4.7026,1.0249,1.0247,1.0249,1.0248,1.0249,1.0248,1.0201,1.0201,1.0201,1.0201,1.0202,1.0202,1.0202,1.0201,1.0201,1.0198,1.0185,1.0185,1.0201,1.0200,1.0191,1.0195,1.0195,1.0201,1.0201,1.0169,1.0156,1.0156,1.0182,1.0181,1.0156,1.0165,1.0165,1.0165,1.0198,1.0198,1.0199,0.9854,0.0501,1.0196,0.0501,1.0243,0.9763,0.0501,0.9933,0.0501
4.7126,1.0249,1.0247,1.0249,1.0248,1.0249,1.0248,1.0201,1.0201,1.0201,1.0201,1.0202,1.0202,1.0202,1.0201,1.0201,1.0198,1.0185,1.0185,1.0201,1.0200,1.0191,1.0195,1.0195,1.0201,1.0201,1.0169,1.0156,1.0156,1.0182,1.0181,1.0156,1.0165,1.0165,1.0165,1.0198,1.0198,1.0199,0.9854,0.0497,1.0196,0.0497,1.0243,0.9763,0.0497,0.9933,0.0497
4.7226,1.0249,1.0247,1.0249,1.0248,1.0249,1.0248,1.0201,1.0201,1.0201,1.0201,1.0202,1.0202,1.0202,1.0201,1.0201,1.0198,1.0185,1.0185,1.0201,1.0200,1.0191,1.0195,1.0195,1.0201,1.0201,1.0169,1.0156,1.0156,1.0182,1.0181,1.0156,1.0165,1.0165,1.0165,1.0198,1.0198,1.0199,0.9854,0.0494,1.0196,0.0494,1.0243,0.9763,0.0494,0.9933,0.0494
4.7326,1.0249,1.0247,1.0249,1.0248,1.0249,1.0248,1.0201,1.0201,1.0201,1.0201,1.0202,1.0202,1.0202,1.0201,1.0201,1.0198,1.0185,1.0185,1.0201,1.0200,1.0191,1.0195,1.0195,1.0201,1.0201,1.0169,1.0156,1.0156,1.0182,1.0181,1.0156,1.0165,1.0165,1.0165,1.0198,1.0198,1.0199,0.9854,0.0491,1.0196,0.0491,1.0243,0.9763,0.0491,0.9933,0.0491
4.7426,1.0249,1.0247,1.0249,1.0248,1.0249,1.0248,1.0201,1.0201,1.0201,1.0201,1.0202,1.0202,1.0202,1.0201,1.0201,1.0198,1.0185,1.0185,1.0201,1.0200,1.0191,1.0195,1.0195,1.0201,1.0200,1.0169,1.0156,1.0156,1.0182,1.0181,1.0156,1.0165,1.0165,1.0165,1.0198,1.0198,1.0199,0.9854,0.0487,1.0196,0.0488,1.0243,0.9763,0.0487,0.9933,0.0487
4.7526,1.0249,1.0247,1.0249,1.0248,1.0249,1.0248,1.0201,1.0201,1.0201,1.0201,1.0202,1.0202,1.0202,1.0201,1.0201,1.0198,1.0185,1.0185,1.0201,1.0200,1.0191,1.0195,1.0195,1.0200,1.0200,1.0169,1.0156,1.0156,1.0182,1.0181,1.0156,1.0165,1.0165,1.0165,1.0198,1.0198,1.0199,0.9854,0.0484,1.0196,0.0484,1.0243,0.9763,0.0484,0.9933,0.0484
4.7626,1.0249,1.0247,1.0249,1.0248,1.0249,1.0248,1.0201,1.0201,1.0201,1.0201,1.0202,1.0202,1.0202,1.0201,1.0201,1.0198,1.0185,1.0185,1.0201,1.0200,1.0191,1.0195,1.0195,1.0200,1.0200,1.0169,1.0156,1.0156,1.0182,1.0181,1.0156,1.0165,1.0165,1.0165,1.0198,1.0198,1.0199,0.9854,0.0481,1.0196,0.0481,1.0243,0.9763,0.0481,0.9933,0.0481
4.7726,1.0249,1.0247,1.0249,1.0248,1.0249,1.0248,1.0201,1.0201,1.0201,1.0201,1.0202,1.0202,1.0202,1.0201,1.0201,1.0198,1.0185,1.0185,1.0201,1.0200,1.0191,1.0195,1.0195,1.0200,1.0200,1.0169,1.0156,1.0156,1.0182,1.0181,1.0156,1.0165,1.0165,1.0165,1.0198,1.0198,1.0199,0.9854,0.0478,1.0196,0.0478,1.0243,0.9763,0.0478,0.9933,0.0478
4.7826,1.0249,1.0247,1.0249,1.0248,1.0249,1.0248,1.0201,1.0201,1.0201,1.0201,1.0202,1.0202,1.0202,1.0201,1.0201,1.0198,1.0185,1.0185,1.0201,1.0200,1.0191,1.0195,1.0195,1.0200,1.0200,1.0169,1.0156,1.0156,1.0182,1.0181,1.0155,1.0165,1.0165,1.0165,1.0198,1.0198,1.0199,0.9854,0.0474,1.0196,0.0475,1.0243,0.9763,0.0474,0.9933,0.0475
4.7926,1.0249,1.0247,1.0249,1.0248,1.0249,1.0248,1.0201,1.0201,1.0201,1.0201,1.0202,1.0202,1.0202,1.0201,1.0201,1.0198,1.0185,1.0185,1.0201,1.0200,1.0191,1.0195,1.0195,1.0200,1.0200,1.0169,1.0156,1.0156,1.0182,1.0181,1.0155,1.0165,1.0165,1.0165,1.0198,1.0198,1.0199,0.9854,0.0471,1.0196,0.0471,1.0243,0.9763,0.0471,0.9933,0.0471
4.8026,1.0249,1.0247,1.0249,1.0248,1.0249,1.0248,1.0201,1.0201,1.0201,1.0201,1.0202,1.0202,1.0202,1.0201,1.0201,1.0198,1.0185,1.0185,1.0201,1.0200,1.0191,1.0195,1.0195,1.0200,1.0200,1.0169,1.0156,1.0156,1.0182,1.0181,1.0155,1.0165,1.0165,1.0165,1.0198,1.0198,1.0199,0.9854,0.0468,1.0196,0.0468,1.0243,0.9763,0.0468,0.9933,0.0468
4.8126,1.0249,1.0247,1.0249,1.0248,1.0249,1.0248,1.0201,1.0201,1.0201,1.0201,1.0202,1.0202,1.0202,1.0201,1.0201,1.0198,1.0185,1.0185,1.0201,1.0200,1.0191,1.0195,1.0195,1.0200,1.0200,1.0169,1.0156,1.0156,1.0182,1.0181,1.0155,1.0165,1.0165,1.0165,1.0198,1.0198,1.0199,0.9854,0.0465,1.0196,0.0465,1.0243,0.9763,0.0465,0.9933,0.0465
4.8226,1.0249,1.0247,1.0249,1.0248,1.0249,1.0248,1.0201,1.0201,1.0201,1.0201,1.0202,1.0202,1.0202,1.0201,1.0201,1.0198,1.0185,1.0185,1.0201,1.0199,1.0191,1.0195,1.0195,1.0200,1.0200,1.0169,1.0156,1.0156,1.0182,1.0181,1.0155,1.0165,1.0165,1.0165,1.0198,1.0198,1.0199,0.9854,0.0462,1.0196,0.0462,1.0243,0.9763,0.0462,0.9933,0.0462
4.8326,1.0248,1.0247,1.0249,1.0248,1.0249,1.0248,1.0201,1.0201,1.0201,1.0201,1.0202,1.0202,1.0202,1.0201,1.0201,1.0198,1.0185,1.0185,1.0200,1.0199,1.0191,1.0195,1.0195,1.0200,1.0200,1.0169,1.0156,1.0156,1.0182,1.0181,1.0155,1.0165,1.0165,1.0165,1.0198,1.0198,1.0199,0.9854,0.0459,1.0196,0.0459,1.0243,0.9763,0.0459,0.9933,0.0459
4.8426,1.0248,1.0247,1.0249,1.0248,1.0249,1.0248,1.0201,1.0201,1.0201,1.0201,1.0202,1.0202,1.0202,1.0201,1.0201,1.0198,1.0185,1.0185,1.0200,1.0199,1.0191,1.0195,1.0195,1.0200,1.0200,1.0169,1.0156,1.0156,1.0182,1.0181,1.0155,1.0165,1.0165,1.0165,1.0198,1.0198,1.0199,0.9854,0.0456,1.0196,0.0456,1.0243,0.9763,0.0456,0.9933,0.0456
4.8526,1.0248,1.0247,1.0249,1.0247,1.0249,1.0248,1.0201,1.0201,1.0201,1.0201,1.0202,1.0202,1.0202,1.0201,1.0201,1.0198,1.0185,1.0185,1.0200,1.0199,1.0191,1.0195,1.0195,1.0200,1.0200,1.0169,1.0156,1.0156,1.0182,1.0181,1.0155,1.0165,1.0165,1.0165,1.0198,1.0198,1.0199,0.9854,0.0453,1.0196,0.0453,1.0243,0.9763,0.0453,0.9933,0.0453
4.8626,1.0248,1.0247,1.0249,1.0247,1.0249,1.0248,1.0201,1.0201,1.0201,1.0201,1.0202,1.0202,1.0202,1.0201,1.0201,1.0198,1.0185,1.0185,1.0200,1.0199,1.0191,1.0195,1.0195,1.0200,1.0200,1.0169,1.0156,1.0156,1.0182,1.0181,1.0155,1.0165,1.0165,1.0165,1.0198,1.0198,1.0199,0.9854,0.0450,1.0196,0.0450,1.0243,0.9763,0.0449,0.9933,0.0450
4.8726,1.0248,1.0247,1.0249,1.0247,1.0249,1.0248,1.0201,1.0201,1.0201,1.0201,1.0202,1.0202,1.0202,1.0201,1.0201,1.0198,1.0185,1.0185,1.0200,1.0199,1.0191,1.0195,1.0195,1.0200,1.0200,1.0169,1.0156,1.0156,1.0182,1.0181,1.0155,1.0165,1.0165,1.0165,1.0198,1.0198,1.0199,0.9854,0.0447,1.0196,0.0447,1.0243,0.9763,0.0446,0.9933,0.0447
4.8826,1.0248,1.0247,1.0249,1.0247,1.0249,1.0248,1.0201,1.0201,1.0201,1.0201,1.0202,1.0202,1.0202,1.0201,1.0201,1.0198,1.0185,1.0185,1.0200,1.0199,1.0191,1.0195,1.0195,1.0200,1.0200,1.0169,1.0156,1.0156,1.0182,1.0181,1.0155,1.0165,1.0165,1.0165,1.0198,1.0198,1.0199,0.9854,0.0444,1.0196,0.0444,1.0243,0.9763,0.0444,0.9933,0.0444
4.8926,1.0248,1.0247,1.0249,1.0247,1.0249,1.0248,1.0201,1.0201,1.0201,1.0201,1.0202,1.0202,1.0202,1.0201,1.0201,1.0198,1.0185,1.0185,1.0200,1.0199,1.0191,1.0195,1.0195,1.0200,1.0200,1.0168,1.0156,1.0156,1.0182,1.0181,1.0155,1.0165,1.0165,1.0165,1.0198,1.0198,1.0199,0.9854,0.0441,1.0196,0.0441,1.0243,0.9763,0.0441,0.9933,0.0441
4.9026,1.0248,1.0247,1.0249,1.0247,1.0249,1.0248,1.0201,1.0201,1.0201,1.0201,1.0202,1.0202,1.0202,1.0201,1.0201,1.0198,1.0185,1.0185,1.0200,1.0199,1.0191,1.0195,1.0195,1.0200,1.0200,1.0168,1.0156,1.0156,1.0182,1.0181,1.0155,1.0165,1.0165,1.0165,1.0198,1.0198,1.0199,0.9854,0.0438,1.0196,0.0438,1.0243,0.9763,0.0438,0.9933,0.0438
4.9126,1.0248,1.0247,1.0249,1.0247,1.0249,1.0247,1.0201,1.0201,1.0201,1.0201,1.0202,1.0202,1.0202,1.0201,1.0201,1.0198,1.0185,1.0185,1.0200,1.0199,1.0191,1.0195,1.0195,1.0200,1.0200,1.0168,1.0156,1.0156,1.0182,1.0181,1.0155,1.0165,1.0165,1.0165,1.0198,1.0198,1.0199,0.9854,0.0435,1.0196,0.0435,1.0243,0.9763,0.0435,0.9933,0.0435
4.9226,1.0248,1.0247,1.0249,1.0247,1.0249,1.0247,1.0201,1.0201,1.0201,1.0201,1.0202,1.0202,1.0202,1.0201,1.0201,1.0198,1.0185,1.0185,1.0200,1.0199,1.0191,1.0195,1.0195,1.0200,1.0200,1.0168,1.0156,1.0156,1.0182,1.0181,1.0155,1.0165,1.0165,1.0165,1.0198,1.0198,1.0199,0.9854,0.0432,1.0196,0.0432,1.0243,0.9763,0.0432,0.9933,0.0432
4.9326,1.0248,1.0247,1.0249,1.0247,1.0249,1.0247,1.0201,1.0201,1.0201,1.0201,1.0202,1.0202,1.0202,1.0201,1.0201,1.0198,1.0185,1.0185,1.0200,1.0199,1.0191,1.0195,1.0195,1.0200,1.0200,1.0168,1.0156,1.0156,1.0182,1.0181,1.0155,1.0165,1.0165,1.0165,1.0198,1.0198,1.0199,0.9854,0.0429,1.0196,0.0429,1.0243,0.9763,0.0429,0.9933,0.0429
4.9426,1.0248,1.0247,1.0249,1.0247,1.0249,1.0247,1.0201,1.0201,1.0201,1.0201,1.0202,1.0202,1.0202,1.0201,1.0201,1.0198,1.0185,1.0185,1.0200,1.0199,1.0191,1.0195,1.0195,1.0200,1.0200,1.0168,1.0156,1.0156,1.0182,1.0181,1.0155,1.0165,1.0165,1.0165,1.0198,1.0198,1.0199,0.9854,0.0426,1.0196,0.0426,1.0243,0.9763,0.0426,0.9933,0.0426
4.9526,1.0248,1.0247,1.0249,1.0247,1.0249,1.0247,1.0201,1.0201,1.0201,1.0201,1.0202,1.0202,1.0202,1.0201,1.0201,1.0198,1.0185,1.0185,1.0200,1.0199,1.0191,1.0195,1.0195,1.0200,1.0200,1.0168,1.0156,1.0156,1.0182,1.0181,1.0155,1.0165,1.0165,1.0165,1.0198,1.0198,1.0199,0.9854,0.0423,1.0196,0.0423,1.0243,0.9763,0.0423,0.9933,0.0423
4.9626,1.0248,1.0247,1.0249,1.0247,1.0249,1.0247,1.0201,1.0201,1.0201,1.0201,1.0202,1.0202,1.0202,1.0201,1.0201,1.0198,1.0185,1.0185,1.0200,1.0199,1.0191,1.0195,1.0195,1.0200,1.0200,1.0168,1.0156,1.0156,1.0182,1.0181,1.0155,1.0165,1.0165,1.0165,1.0198,1.0198,1.0199,0.9854,0.0421,1.0196,0.0421,1.0243,0.9763,0.0420,0.9933,0.0421
4.9726,1.0248,1.0247,1.0249,1.0247,1.0249,1.0247,1.0201,1.0201,1.0201,1.0201,1.0202,1.0202,1.0202,1.0201,1.0201,1.0197,1.0185,1.0185,1.0200,1.0199,1.0191,1.0195,1.0195,1.0200,1.0200,1.0168,1.0156,1.0156,1.0182,1.0181,1.0155,1.0165,1.0165,1.0165,1.0198,1.0198,1.0199,0.9854,0.0418,1.0196,0.0418,1.0243,0.9763,0.0418,0.9933,0.0418
4.9826,1.0248,1.0247,1.0249,1.0247,1.0249,1.0247,1.0201,1.0201,1.0201,1.0201,1.0202,1.0202,1.0202,1.0201,1.0201,1.0197,1.0185,1.0185,1.0200,1.0199,1.0191,1.0195,1.0195,1.0200,1.0200,1.0168,1.0156,1.0156,1.0182,1.0181,1.0155,1.0165,1.0165,1.0165,1.0198,1.0198,1.0199,0.9854,0.0415,1.0196,0.0415,1.0243,0.9763,0.0415,0.9933,0.0415
4.9926,1.0248,1.0247,1.0249,1.0247,1.0249,1.0247,1.0201,1.0201,1.0201,1.0201,1.0202,1.0202,1.0202,1.0201,1.0201,1.0197,1.0185,1.0185,1.0200,1.0199,1.0191,1.0195,1.0195,1.0200,1.0200,1.0168,1.0156,1.0156,1.0182,1.0181,1.0155,1.0165,1.0165,1.0165,1.0198,1.0198,1.0198,0.9854,0.0412,1.0196,0.0412,1.0243,0.9763,0.0412,0.9933,0.0412
5.0026,1.0248,1.0247,1.0249,1.0247,1.0249,1.0247,1.0201,1.0201,1.0201,1.0201,1.0202,1.0202,1.0202,1.0201,1.0201,1.0197,1.0185,1.0185,1.0200,1.0199,1.0191,1.0195,1.0195,1.0200,1.0200,1.0168,1.0156,1.0156,1.0182,1.0181,1.0155,1.0165,1.0165,1.0165,1.0198,1.0198,1.0198,0.9854,0.0409,1.0196,0.0409,1.0243,0.9763,0.0409,0.9933,0.0409
5.0126,1.0248,1.0247,1.0249,1.0247,1.0249,1.0247,1.0201,1.0201,1.0201,1.0201,1.0202,1.0202,1.0202,1.0201,1.0201,1.0197,1.0185,1.0185,1.0200,1.0199,1.0191,1.0195,1.0195,1.0200,1.0200,1.0168,1.0156,1.0156,1.0182,1.0181,1.0155,1.0165,1.0165,1.0165,1.0198,1.0198,1.0198,0.9854,0.0407,1.0196,0.0407,1.0243,0.9763,0.0407,0.9933,0.0407
5.0226,1.0248,1.0247,1.0249,1.0247,1.0249,1.0247,1.0201,1.0201,1.0201,1.0201,1.0202,1.0202,1.0202,1.0201,1.0201,1.0197,1.0185,1.0185,1.0200,1.0199,1.0191,1.0195,1.0195,1.0200,1.0200,1.0168,1.0156,1.0156,1.0182,1.0181,1.0155,1.0165,1.0165,1.0165,1.0198,1.0198,1.0198,0.9854,0.0404,1.0196,0.0404,1.0243,0.9763,0.0404,0.9933,0.0404
5.0326,1.0248,1.0247,1.0249,1.0247,1.0249,1.0247,1.0201,1.0201,1.0201,1.0201,1.0202,1.0202,1.0202,1.0201,1.0201,1.0197,1.0185,1.0185,1.0200,1.0199,1.0191,1.0195,1.0195,1.0200,1.0200,1.0168,1.0156,1.0156,1.0182,1.0181,1.0155,1.0165,1.0165,1.0165,1.0198,1.0198,1.0198,0.9854,0.0401,1.0196,0.0401,1.0243,0.9763,0.0401,0.9933,0.0401
5.0426,1.0248,1.0247,1.0249,1.0247,1.0249,1.0247,1.0201,1.0201,1.0201,1.0201,1.0202,1.0202,1.0202,1.0201,1.0201,1.0197,1.0185,1.0185,1.0200,1.0199,1.0191,1.0195,1.0195,1.0200,1.0200,1.0168,1.0156,1.0156,1.0182,1.0181,1.0155,1.0165,1.0165,1.0165,1.0198,1.0198,1.0198,0.9854,0.0399,1.0196,0.0399,1.0243,0.9763,0.0399,0.9933,0.0399
5.0526,1.0248,1.0247,1.0249,1.0247,1.0249,1.0247,1.0201,1.0201,1.0201,1.0201,1.0202,1.0202,1.0202,1.0201,1.0201,1.0197,1.0185,1.0185,1.0200,1.0199,1.0191,1.0195,1.0195,1.0200,1.0200,1.0168,1.0156,1.0156,1.0182,1.0181,1.0155,1.0165,1.0165,1.0165,1.0198,1.0198,1.0198,0.9854,0.0396,1.0196,0.0396,1.0243,0.9763,0.0396,0.9933,0.0396
5.0626,1.0248,1.0247,1.0249,1.0247,1.0249,1.0247,1.0201,1.0201,1.0201,1.0201,1.0202,1.0202,1.0202,1.0201,1.0201,1.0197,1.0185,1.0185,1.0200,1.0199,1.0191,1.0195,1.0195,1.0200,1.0200,1.0168,1.0156,1.0156,1.0182,1.0181,1.0155,1.0165,1.0165,1.0165,1.0198,1.0198,1.0198,0.9854,0.0393,1.0196,0.0393,1.0243,0.9763,0.0393,0.9933,0.0393
5.0726,1.0248,1.0247,1.0248,1.0247,1.0249,1.0247,1.0201,1.0201,1.0201,1.0201,1.0202,1.0202,1.0202,1.0201,1.0201,1.0197,1.0185,1.0185,1.0200,1.0199,1.0191,1.0195,1.0195,1.0200,1.0200,1.0168,1.0156,1.0156,1.0182,1.0181,1.0155,1.0165,1.0165,1.0165,1.0198,1.0198,1.0198,0.9854,0.0391,1.0196,0.0391,1.0243,0.9763,0.0391,0.9933,0.0391
5.0826,1.0248,1.0247,1.0248,1.0247,1.0249,1.0247,1.0201,1.0201,1.0201,1.0201,1.0202,1.0202,1.0202,1.0201,1.0201,1.0197,1.0185,1.0185,1.0200,1.0199,1.0191,1.0195,1.0195,1.0200,1.0200,1.0168,1.0156,1.0156,1.0182,1.0181,1.0155,1.0165,1.0165,1.0165,1.0198,1.0198,1.0198,0.9854,0.0388,1.0196,0.0388,1.0243,0.9763,0.0388,0.9933,0.0388
5.0926,1.0248,1.0247,1.0248,1.0247,1.0249,1.0247,1.0201,1.0201,1.0201,1.0201,1.0202,1.0202,1.0202,1.0201,1.0201,1.0197,1.0185,1.0185,1.0200,1.0199,1.0191,1.0195,1.0195,1.0200,1.0200,1.0168,1.0156,1.0156,1.0182,1.0181,1.0155,1.0165,1.0165,1.0165,1.0198,1.0198,1.0198,0.9854,0.0386,1.0196,0.0386,1.0243,0.9763,0.0386,0.9933,0.0386
5.1026,1.0248,1.0247,1.0248,1.0247,1.0249,1.0247,1.0201,1.0201,1.0201,1.0201,1.0202,1.0202,1.0202,1.0201,1.0201,1.0197,1.0185,1.0185,1.0200,1.0199,1.0191,1.0195,1.0195,1.0200,1.0200,1.0168,1.0156,1.0156,1.0182,1.0181,1.0155,1.0165,1.0165,1.0165,1.0198,1.0198,1.0198,0.9854,0.0383,1.0196,0.0383,1.0243,0.9763,0.0383,0.9933,0.0383
5.1126,1.0248,1.0247,1.0248,1.0247,1.0249,1.0247,1.0201,1.0201,1.0201,1.0201,1.0202,1.0202,1.0202,1.0201,1.0200,1.0197,1.0185,1.0185,1.0200,1.0199,1.0191,1.0195,1.0195,1.0200,1.0200,1.0168,1.0156,1.0156,1.0182,1.0181,1.0155,1.0165,1.0165,1.0165,1.0198,1.0198,1.0198,0.9854,0.0381,1.0195,0.0381,1.0243,0.9763,0.0380,0.9933,0.0381
5.1226,1.0248,1.0247,1.0248,1.0247,1.0249,1.0247,1.0201,1.0200,1.0201,1.0201,1.0202,1.0202,1.0202,1.0200,1.0200,1.0197,1.0185,1.0185,1.0200,1.0199,1.0191,1.0195,1.0195,1.0200,1.0200,1.0168,1.0156,1.0156,1.0182,1.0181,1.0155,1.0165,1.0165,1.0165,1.0198,1.0198,1.0198,0.9854,0.0378,1.0195,0.0378,1.0243,0.9763,0.0378,0.9933,0.0378
5.1326,1.0248,1.0247,1.0248,1.0247,1.0249,1.0247,1.0200,1.0200,1.0201,1.0201,1.0202,1.0202,1.0202,1.0200,1.0200,1.0197,1.0185,1.0185,1.0200,1.0199,1.0191,1.0195,1.0195,1.0200,1.0200,1.0168,1.0156,1.0156,1.0182,1.0181,1.0155,1.0165,1.0165,1.0165,1.0198,1.0198,1.0198,0.9854,0.0376,1.0195,0.0376,1.0243,0.9763,0.0375,0.9933,0.0376
5.1426,1.0248,1.0247,1.0248,1.0247,1.0248,1.0247,1.0200,1.0200,1.0201,1.0201,1.0202,1.0202,1.0202,1.0200,1.0200,1.0197,1.0185,1.0185,1.0200,1.0199,1.0191,1.0195,1.0195,1.0200,1.0200,1.0168,1.0156,1.0156,1.0182,1.0181,1.0155,1.0165,1.0165,1.0165,1.0198,1.0198,1.0198,0.9854,0.0373,1.0195,0.0373,1.0243,0.9763,0.0373,0.9933,0.0373
5.1526,1.0248,1.0247,1.0248,1.0247,1.0248,1.0247,1.0200,1.0200,1.0201,1.0201,1.0202,1.0202,1.0202,1.0200,1.0200,1.0197,1.0185,1.0185,1.0200,1.0199,1.0191,1.0195,1.0195,1.0200,1.0200,1.0168,1.0156,1.0156,1.0182,1.0181,1.0155,1.0165,1.0165,1.0165,1.0198,1.0198,1.0198,0.9854,0.0371,1.0195,0.0371,1.0243,0.9763,0.0370,0.9933,0.0371
5.1626,1.0248,1.0247,1.0248,1.0247,1.0248,1.0247,1.0200,1.0200,1.0201,1.0201,1.0202,1.0202,1.0202,1.0200,1.0200,1.0197,1.0185,1.0185,1.0200,1.0199,1.0191,1.0195,1.0195,1.0200,1.0200,1.0168,1.0156,1.0156,1.0182,1.0181,1.0155,1.0165,1.0165,1.0165,1.0198,1.0198,1.0198,0.9854,0.0368,1.0195,0.0368,1.0243,0.9763,0.0368,0.9933,0.0368
5.1726,1.0248,1.0247,1.0248,1.0247,1.0248,1.0247,1.0200,1.0200,1.0200,1.0200,1.0202,1.0202,1.0202,1.0200,1.0200,1.0197,1.0185,1.0185,1.0200,1.0199,1.0191,1.0195,1.0195,1.0200,1.0200,1.0168,1.0156,1.0156,1.0182,1.0181,1.0155,1.0165,1.0165,1.0165,1.0198,1.0198,1.0198,0.9854,0.0366,1.0195,0.0366,1.0243,0.9763,0.0366,0.9933,0.0366
5.1826,1.0248,1.0247,1.0248,1.0247,1.0248,1.0247,1.0200,1.0200,1.0200,1.0200,1.0202,1.0202,1.0202,1.0200,1.0200,1.0197,1.0185,1.0185,1.0200,1.0199,1.0191,1.0195,1.0195,1.0200,1.0200,1.0168,1.0156,1.0156,1.0182,1.0181,1.0155,1.0165,1.0165,1.0165,1.0198,1.0198,1.0198,0.9853,0.0363,1.0195,0.0363,1.0243,0.9763,0.0363,0.9933,0.0363
5.1926,1.0248,1.0247,1.0248,1.0247,1.0248,1.0247,1.0200,1.0200,1.0200,1.0200,1.0202,1.0202,1.0202,1.0200,1.0200,1.0197,1.0185,1.0185,1.0200,1.0199,1.0191,1.0195,1.0195,1.0200,1.0200,1.0168,1.0156,1.0156,1.0182,1.0181,1.0155,1.0165,1.0165,1.0165,1.0198,1.0198,1.0198,0.9853,0.0361,1.0195,0.0361,1.0243,0.9763,0.0361,0.9933,0.0361
5.2026,1.0248,1.0247,1.0248,1.0247,1.0248,1.0247,1.0200,1.0200,1.0200,1.0200,1.0202,1.0202,1.0202,1.0200,1.0200,1.0197,1.0185,1.0185,1.0200,1.0199,1.0191,1.0195,1.0195,1.0200,1.0200,1.0168,1.0156,1.0156,1.0182,1.0181,1.0155,1.0165,1.0165,1.0165,1.0198,1.0198,1.0198,0.9853,0.0359,1.0195,0.0359,1.0243,0.9763,0.0358,0.9933,0.0359
5.2126,1.0248,1.0247,1.0248,1.0247,1.0248,1.0247,1.0200,1.0200,1.0200,1.0200,1.0202,1.0202,1.0202,1.0200,1.0200,1.0197,1.0185,1.0185,1.0200,1.0199,1.0191,1.0195,1.0195,1.0200,1.0200,1.0168,1.0156,1.0156,1.0182,1.0181,1.0155,1.0165,1.0165,1.0165,1.0198,1.0198,1.0198,0.9853,0.0356,1.0195,0.0356,1.0243,0.9763,0.0356,0.9933,0.0356
5.2226,1.0248,1.0247,1.0248,1.0247,1.0248,1.0247,1.0200,1.0200,1.0200,1.0200,1.0202,1.0202,1.0202,1.0200,1.0200,1.0197,1.0185,1.0185,1.0200,1.0199,1.0191,1.0195,1.0195,1.0200,1.0200,1.0168,1.0156,1.0156,1.0182,1.0181,1.0155,1.0165,1.0165,1.0165,1.0198,1.0198,1.0198,0.9853,0.0354,1.0195,0.0354,1.0243,0.9763,0.0354,0.9933,0.0354
5.2326,1.0248,1.0247,1.0248,1.0247,1.0248,1.0247,1.0200,1.0200,1.0200,1.0200,1.0202,1.0202,1.0202,1.0200,1.0200,1.0197,1.0185,1.0185,1.0200,1.0199,1.0191,1.0195,1.0195,1.0200,1.0200,1.0168,1.0156,1.0156,1.0182,1.0181,1.0155,1.0165,1.0165,1.0165,1.0198,1.0198,1.0198,0.9853,0.0351,1.0195,0.0352,1.0243,0.9763,0.0351,0.9933,0.0352
5.2426,1.0248,1.0247,1.0248,1.0247,1.0248,1.0247,1.0200,1.0200,1.0200,1.0200,1.0202,1.0202,1.0202,1.0200,1.0200,1.0197,1.0185,1.0185,1.0200,1.0199,1.0191,1.0195,1.0195,1.0200,1.0200,1.0168,1.0156,1.0156,1.0182,1.0181,1.0155,1.0165,1.0165,1.0165,1.0198,1.0198,1.0198,0.9853,0.0349,1.0195,0.0349,1.0243,0.9763,0.0349,0.9933,0.0349
5.2526,1.0248,1.0247,1.0248,1.0247,1.0248,1.0247,1.0200,1.0200,1.0200,1.0200,1.0202,1.0202,1.0202,1.0200,1.0200,1.0197,1.0185,1.0185,1.0200,1.0199,1.0191,1.0195,1.0195,1.0200,1.0200,1.0168,1.0156,1.0156,1.0182,1.0181,1.0155,1.0165,1.0165,1.0165,1.0198,1.0198,1.0198,0.9853,0.0347,1.0195,0.0347,1.0243,0.9763,0.0347,0.9933,0.0347
5.2626,1.0248,1.0247,1.0248,1.0247,1.0248,1.0247,1.0200,1.0200,1.0200,1.0200,1.0202,1.0202,1.0202,1.0200,1.0200,1.0197,1.0185,1.0185,1.0200,1.0199,1.0191,1.0195,1.0195,1.0200,1.0200,1.0168,1.0156,1.0156,1.0182,1.0181,1.0155,1.0165,1.0165,1.0165,1.0198,1.0198,1.0198,0.9853,0.0345,1.0195,0.0345,1.0242,0.9763,0.0344,0.9933,0.0345
5.2726,1.0248,1.0247,1.0248,1.0247,1.0248,1.0247,1.0200,1.0200,1.0200,1.0200,1.0202,1.0202,1.0202,1.0200,1.0200,1.0197,1.0185,1.0185,1.0200,1.0199,1.0191,1.0195,1.0195,1.0200,1.0200,1.0168,1.0156,1.0156,1.0182,1.0181,1.0155,1.0165,1.0165,1.0165,1.0198,1.0198,1.0198,0.9853,0.0342,1.0195,0.0342,1.0242,0.9763,0.0342,0.9933,0.0342
5.2826,1.0248,1.0247,1.0248,1.0247,1.0248,1.0247,1.0200,1.0200,1.0200,1.0200,1.0202,1.0202,1.0202,1.0200,1.0200,1.0197,1.0185,1.0185,1.0200,1.0199,1.0191,1.0195,1.0195,1.0200,1.0200,1.0168,1.0156,1.0156,1.0182,1.0181,1.0155,1.0165,1.0165,1.0165,1.0198,1.0198,1.0198,0.9853,0.0340,1.0195,0.0340,1.0242,0.9763,0.0340,0.9933,0.0340
5.2926,1.0248,1.0247,1.0248,1.0247,1.0248,1.0247,1.0200,1.0200,1.0200,1.0200,1.0202,1.0202,1.0202,1.0200,1.0200,1.0197,1.0185,1.0185,1.0200,1.0199,1.0191,1.0195,1.0195,1.0200,1.0200,1.0168,1.0156,1.0156,1.0182,1.0181,1.0155,1.0165,1.0165,1.0165,1.0198,1.0198,1.0198,0.9853,0.0338,1.0195,0.0338,1.0242,0.9763,0.0338,0.9933,0.0338
5.3026,1.0248,1.0247,1.0248,1.0247,1.0248,1.0247,1.0200,1.0200,1.0200,1.0200,1.0202,1.0202,1.0202,1.0200,1.0200,1.0197,1.0185,1.0185,1.0200,1.0199,1.0191,1.0195,1.0195,1.0200,1.0200,1.0168,1.0156,1.0156,1.0182,1.0181,1.0155,1.0165,1.0165,1.0165,1.0198,1.0198,1.0198,0.9853,0.0336,1.0195,0.0336,1.0242,0.9763,0.0336,0.9933,0.0336
5.3126,1.0248,1.0247,1.0248,1.0247,1.0248,1.0247,1.0200,1.0200,1.0200,1.0200,1.0202,1.0202,1.0202,1.0200,1.0200,1.0197,1.0185,1.0185,1.0200,1.0199,1.0191,1.0195,1.0195,1.0200,1.0200,1.0168,1.0156,1.0156,1.0182,1.0181,1.0155,1.0165,1.0165,1.0165,1.0198,1.0198,1.0198,0.9853,0.0333,1.0195,0.0333,1.0242,0.9763,0.0333,0.9933,0.0333
5.3226,1.0248,1.0247,1.0248,1.0247,1.0248,1.0247,1.0200,1.0200,1.0200,1.0200,1.0202,1.0202,1.0202,1.0200,1.0200,1.0197,1.0185,1.0185,1.0200,1.0199,1.0191,1.0195,1.0195,1.0200,1.0200,1.0168,1.0156,1.0156,1.0182,1.0181,1.0155,1.0165,1.0165,1.0165,1.0198,1.0198,1.0198,0.9853,0.0331,1.0195,0.0331,1.0242,0.9763,0.0331,0.9933,0.0331
5.3326,1.0248,1.0247,1.0248,1.0247,1.0248,1.0247,1.0200,1.0200,1.0200,1.0200,1.0202,1.0202,1.0202,1.0200,1.0200,1.0197,1.0185,1.0185,1.0200,1.0199,1.0191,1.0195,1.0195,1.0200,1.0200,1.0168,1.0156,1.0156,1.0182,1.0181,1.0155,1.0165,1.0165,1.0165,1.0198,1.0198,1.0198,0.9853,0.0329,1.0195,0.0329,1.0242,0.9763,0.0329,0.9933,0.0329
5.3426,1.0248,1.0247,1.0248,1.0247,1.0248,1.0247,1.0200,1.0200,1.0200,1.0200,1.0202,1.0202,1.0202,1.0200,1.0200,1.0197,1.0185,1.0185,1.0200,1.0199,1.0191,1.0195,1.0195,1.0200,1.0200,1.0168,1.0156,1.0156,1.0182,1.0181,1.0155,1.0165,1.0165,1.0165,1.0198,1.0198,1.0198,0.9853,0.0327,1.0195,0.0327,1.0242,0.9763,0.0327,0.9933,0.0327
5.3526,1.0248,1.0247,1.0248,1.0247,1.0248,1.0247,1.0200,1.0200,1.0200,1.0200,1.0202,1.0202,1.0202,1.0200,1.0200,1.0197,1.0185,1.0185,1.0200,1.0199,1.0191,1.0195,1.0195,1.0200,1.0200,1.0168,1.0156,1.0156,1.0182,1.0181,1.0155,1.0165,1.0165,1.0165,1.0198,1.0198,1.0198,0.9853,0.0325,1.0195,0.0325,1.0242,0.9763,0.0325,0.9933,0.0325
5.3626,1.0248,1.0247,1.0248,1.0247,1.0248,1.0247,1.0200,1.0200,1.0200,1.0200,1.0202,1.0202,1.0202,1.0200,1.0200,1.0197,1.0185,1.0185,1.0200,1.0199,1.0191,1.0195,1.0195,1.0200,1.0200,1.0168,1.0156,1.0156,1.0182,1.0181,1.0155,1.0165,1.0165,1.0165,1.0198,1.0198,1.0198,0.9853,0.0323,1.0195,0.0323,1.0242,0.9763,0.0323,0.9933,0.0323
5.3726,1.0248,1.0247,1.0248,1.0247,1.0248,1.0247,1.0200,1.0200,1.0200,1.0200,1.0202,1.0202,1.0202,1.0200,1.0200,1.0197,1.0185,1.0185,1.0200,1.0199,1.0191,1.0195,1.0195,1.0200,1.0200,1.0168,1.0156,1.0156,1.0182,1.0181,1.0155,1.0165,1.0165,1.0165,1.0198,1.0198,1.0198,0.9853,0.0321,1.0195,0.0321,1.0242,0.9763,0.0320,0.9933,0.0321
5.3826,1.0248,1.0247,1.0248,1.0247,1.0248,1.0247,1.0200,1.0200,1.0200,1.0200,1.0202,1.0202,1.0202,1.0200,1.0200,1.0197,1.0185,1.0185,1.0200,1.0199,1.0191,1.0195,1.0195,1.0200,1.0200,1.0168,1.0156,1.0156,1.0182,1.0181,1.0155,1.0165,1.0165,1.0165,1.0198,1.0198,1.0198,0.9853,0.0318,1.0195,0.0318,1.0242,0.9763,0.0318,0.9933,0.0318
5.3926,1.0248,1.0247,1.0248,1.0247,1.0248,1.0247,1.0200,1.0200,1.0200,1.0200,1.0202,1.0202,1.0202,1.0200,1.0200,1.0197,1.0185,1.0185,1.0200,1.0199,1.0191,1.0195,1.0195,1.0200,1.0200,1.0168,1.0156,1.0156,1.0182,1.0181,1.0155,1.0165,1.0165,1.0165,1.0198,1.0198,1.0198,0.9853,0.0316,1.0195,0.0316,1.0242,0.9763,0.0316,0.9933,0.0316
5.4026,1.0248,1.0247,1.0248,1.0247,1.0248,1.0247,1.0200,1.0200,1.0200,1.0200,1.0202,1.0202,1.0202,1.0200,1.0200,1.0197,1.0185,1.0185,1.0200,1.0199,1.0191,1.0195,1.0195,1.0200,1.0200,1.0168,1.0156,1.0156,1.0182,1.0181,1.0155,1.0165,1.0165,1.0165,1.0198,1.0198,1.0198,0.9853,0.0314,1.0195,0.0314,1.0242,0.9763,0.0314,0.9933,0.0314
5.4126,1.0248,1.0247,1.0248,1.0247,1.0248,1.0247,1.0200,1.0200,1.0200,1.0200,1.0202,1.0202,1.0202,1.0200,1.0200,1.0197,1.0185,1.0185,1.0200,1.0199,1.0191,1.0195,1.0195,1.0200,1.0200,1.0168,1.0156,1.0156,1.0182,1.0181,1.0155,1.0165,1.0165,1.0165,1.0198,1.0198,1.0198,0.9853,0.0312,1.0195,0.0312,1.0242,0.9763,0.0312,0.9933,0.0312
5.4226,1.0248,1.0247,1.0248,1.0247,1.0248,1.0247,1.0200,1.0200,1.0200,1.0200,1.0202,1.0202,1.0202,1.0200,1.0200,1.0197,1.0185,1.0185,1.0200,1.0199,1.0191,1.0195,1.0195,1.0200,1.0200,1.0168,1.0155,1.0155,1.0182,1.0181,1.0155,1.0165,1.0165,1.0165,1.0198,1.0198,1.0198,0.9853,0.0310,1.0195,0.0310,1.0242,0.9763,0.0310,0.9933,0.0310
5.4326,1.0248,1.0247,1.0248,1.0247,1.0248,1.0247,1.0200,1.0200,1.0200,1.0200,1.0202,1.0202,1.0202,1.0200,1.0200,1.0197,1.0185,1.0185,1.0200,1.0199,1.0191,1.0195,1.0195,1.0200,1.0200,1.0168,1.0155,1.0155,1.0182,1.0181,1.0155,1.0165,1.0165,1.0165,1.0198,1.0198,1.0198,0.9853,0.0308,1.0195,0.0308,1.0242,0.9763,0.0308,0.9933,0.0308
5.4426,1.0248,1.0247,1.0248,1.0247,1.0248,1.0247,1.0200,1.0200,1.0200,1.0200,1.0202,1.0202,1.0202,1.0200,1.0200,1.0197,1.0185,1.0185,1.0200,1.0199,1.0191,1.0195,1.0195,1.0200,1.0200,1.0168,1.0155,1.0155,1.0182,1.0181,1.0155,1.0165,1.0165,1.0165,1.0198,1.0198,1.0198,0.9853,0.0306,1.0195,0.0306,1.0242,0.9763,0.0306,0.9933,0.0306
5.4526,1.0248,1.0247,1.0248,1.0247,1.0248,1.0247,1.0200,1.0200,1.0200,1.0200,1.0202,1.0202,1.0202,1.0200,1.0200,1.0197,1.0185,1.0185,1.0200,1.0199,1.0191,1.0195,1.0195,1.0200,1.0200,1.0168,1.0155,1.0155,1.0182,1.0181,1.0155,1.0165,1.0165,1.0165,1.0198,1.0198,1.0198,0.9853,0.0304,1.0195,0.0304,1.0242,0.9763,0.0304,0.9933,0.0304
5.4626,1.0248,1.0247,1.0248,1.0247,1.0248,1.0247,1.0200,1.0200,1.0200,1.0200,1.0202,1.0202,1.0202,1.0200,1.0200,1.0197,1.0185,1.0185,1.0200,1.0199,1.0191,1.0195,1.0195,1.0200,1.0200,1.0168,1.0155,1.0155,1.0182,1.0180,1.0155,1.0165,1.0165,1.0165,1.0198,1.0198,1.0198,0.9853,0.0302,1.0195,0.0302,1.0242,0.9763,0.0302,0.9933,0.0302
5.4726,1.0248,1.0247,1.0248,1.0247,1.0248,1.0247,1.0200,1.0200,1.0200,1.0200,1.0202,1.0202,1.0202,1.0200,1.0200,1.0197,1.0185,1.0185,1.0200,1.0199,1.0191,1.0195,1.0195,1.0200,1.0200,1.0168,1.0155,1.0155,1.0181,1.0180,1.0155,1.0165,1.0165,1.0165,1.0198,1.0198,1.0198,0.9853,0.0300,1.0195,0.0300,1.0242,0.9763,0.0300,0.9933,0.0300
5.4826,1.0248,1.0247,1.0248,1.0247,1.0248,1.0247,1.0200,1.0200,1.0200,1.0200,1.0202,1.0202,1.0202,1.0200,1.0200,1.0197,1.0185,1.0185,1.0200,1.0199,1.0191,1.0195,1.0195,1.0200,1.0200,1.0168,1.0155,1.0155,1.0181,1.0180,1.0155,1.0165,1.0165,1.0165,1.0198,1.0198,1.0198,0.9853,0.0298,1.0195,0.0298,1.0242,0.9763,0.0298,0.9933,0.0298
5.4926,1.0248,1.0247,1.0248,1.0247,1.0248,1.0247,1.0200,1.0200,1.0200,1.0200,1.0202,1.0202,1.0202,1.0200,1.0200,1.0197,1.0185,1.0185,1.0200,1.0199,1.0191,1.0194,1.0194,1.0200,1.0200,1.0168,1.0155,1.0155,1.0181,1.0180,1.0155,1.0165,1.0165,1.0165,1.0198,1.0198,1.0198,0.9853,0.0296,1.0195,0.0296,1.0242,0.9763,0.0296,0.9933,0.0296
5.5026,1.0248,1.0247,1.0248,1.0247,1.0248,1.0247,1.0200,1.0200,1.0200,1.0200,1.0202,1.0202,1.0202,1.0200,1.0200,1.0197,1.0184,1.0184,1.0200,1.0199,1.0191,1.0194,1.0194,1.0200,1.0200,1.0168,1.0155,1.0155,1.0181,1.0180,1.0155,1.0165,1.0165,1.0165,1.0198,1.0198,1.0198,0.9853,0.0294,1.0195,0.0294,1.0242,0.9763,0.0294,0.9933,0.0294
5.5126,1.0248,1.0247,1.0248,1.0247,1.0248,1.0247,1.0200,1.0200,1.0200,1.0200,1.0202,1.0202,1.0202,1.0200,1.0200,1.0197,1.0184,1.0184,1.0200,1.0199,1.0190,1.0194,1.0194,1.0200,1.0200,1.0168,1.0155,1.0155,1.0181,1.0180,1.0155,1.0165,1.0165,1.0165,1.0198,1.0198,1.0198,0.9853,0.0292,1.0195,0.0292,1.0242,0.9763,0.0292,0.9933,0.0292
5.5226,1.0248,1.0247,1.0248,1.0247,1.0248,1.0247,1.0200,1.0200,1.0200,1.0200,1.0202,1.0202,1.0202,1.0200,1.0200,1.0197,1.0184,1.0184,1.0200,1.0199,1.0190,1.0194,1.0194,1.0200,1.0200,1.0168,1.0155,1.0155,1.0181,1.0180,1.0155,1.0165,1.0165,1.0165,1.0198,1.0198,1.0198,0.9853,0.0291,1.0195,0.0291,1.0242,0.9763,0.0290,0.9933,0.0291
5.5326,1.0248,1.0247,1.0248,1.0247,1.0248,1.0247,1.0200,1.0200,1.0200,1.0200,1.0202,1.0202,1.0202,1.0200,1.0200,1.0197,1.0184,1.0184,1.0200,1.0199,1.0190,1.0194,1.0194,1.0200,1.0200,1.0168,1.0155,1.0155,1.0181,1.0180,1.0155,1.0165,1.0165,1.0165,1.0198,1.0198,1.0198,0.9853,0.0289,1.0195,0.0289,1.0242,0.9763,0.0289,0.9933,0.0289
5.5426,1.0248,1.0247,1.0248,1.0247,1.0248,1.0247,1.0200,1.0200,1.0200,1.0200,1.0202,1.0202,1.0202,1.0200,1.0200,1.0197,1.0184,1.0184,1.0200,1.0199,1.0190,1.0194,1.0194,1.0200,1.0200,1.0168,1.0155,1.0155,1.0181,1.0180,1.0155,1.0165,1.0165,1.0165,1.0198,1.0198,1.0198,0.9853,0.0287,1.0195,0.0287,1.0242,0.9763,0.0287,0.9933,0.0287
5.5526,1.0248,1.0247,1.0248,1.0247,1.0248,1.0247,1.0200,1.0200,1.0200,1.0200,1.0202,1.0202,1.0202,1.0200,1.0200,1.0197,1.0184,1.0184,1.0200,1.0199,1.0190,1.0194,1.0194,1.0200,1.0200,1.0168,1.0155,1.0155,1.0181,1.0180,1.0155,1.0165,1.0165,1.0165,1.0198,1.0198,1.0198,0.9853,0.0285,1.0195,0.0285,1.0242,0.9763,0.0285,0.9933,0.0285
5.5626,1.0248,1.0247,1.0248,1.0247,1.0248,1.0247,1.0200,1.0200,1.0200,1.0200,1.0201,1.0201,1.0201,1.0200,1.0200,1.0197,1.0184,1.0184,1.0200,1.0199,1.0190,1.0194,1.0194,1.0200,1.0200,1.0168,1.0155,1.0155,1.0181,1.0180,1.0155,1.0165,1.0165,1.0165,1.0198,1.0198,1.0198,0.9853,0.0283,1.0195,0.0283,1.0242,0.9763,0.0283,0.9933,0.0283
5.5726,1.0248,1.0247,1.0248,1.0247,1.0248,1.0247,1.0200,1.0200,1.0200,1.0200,1.0201,1.0201,1.0201,1.0200,1.0200,1.0197,1.0184,1.0184,1.0200,1.0199,1.0190,1.0194,1.0194,1.0200,1.0200,1.0168,1.0155,1.0155,1.0181,1.0180,1.0155,1.0165,1.0165,1.0165,1.0198,1.0198,1.0198,0.9853,0.0281,1.0195,0.0281,1.0242,0.9763,0.0281,0.9933,0.0281
5.5826,1.0248,1.0247,1.0248,1.0247,1.0248,1.0247,1.0200,1.0200,1.0200,1.0200,1.0201,1.0201,1.0201,1.0200,1.0200,1.0197,1.0184,1.0184,1.0200,1.0199,1.0190,1.0194,1.0194,1.0200,1.0200,1.0168,1.0155,1.0155,1.0181,1.0180,1.0155,1.0165,1.0165,1.0165,1.0198,1.0198,1.0198,0.9853,0.0279,1.0195,0.0279,1.0242,0.9763,0.0279,0.9933,0.0279
5.5926,1.0248,1.0247,1.0248,1.0247,1.0248,1.0247,1.0200,1.0200,1.0200,1.0200,1.0201,1.0201,1.0201,1.0200,1.0200,1.0197,1.0184,1.0184,1.0200,1.0199,1.0190,1.0194,1.0194,1.0200,1.0200,1.0168,1.0155,1.0155,1.0181,1.0180,1.0155,1.0165,1.0165,1.0165,1.0198,1.0198,1.0198,0.9853,0.0278,1.0195,0.0278,1.0242,0.9763,0.0277,0.9933,0.0278
5.6026,1.0248,1.0247,1.0248,1.0247,1.0248,1.0247,1.0200,1.0200,1.0200,1.0200,1.0201,1.0201,1.0201,1.0200,1.0200,1.0197,1.0184,1.0184,1.0200,1.0199,1.0190,1.0194,1.0194,1.0200,1.0200,1.0168,1.0155,1.0155,1.0181,1.0180,1.0155,1.0165,1.0165,1.0165,1.0198,1.0198,1.0198,0.9853,0.0276,1.0195,0.0276,1.0242,0.9763,0.0276,0.9933,0.0276
5.6126,1.0248,1.0247,1.0248,1.0247,1.0248,1.0247,1.0200,1.0200,1.0200,1.0200,1.0201,1.0201,1.0201,1.0200,1.0200,1.0197,1.0184,1.0184,1.0200,1.0199,1.0190,1.0194,1.0194,1.0200,1.0200,1.0168,1.0155,1.0155,1.0181,1.0180,1.0155,1.0165,1.0165,1.0165,1.0198,1.0198,1.0198,0.9853,0.0274,1.0195,0.0274,1.0242,0.9763,0.0274,0.9933,0.0274
5.6226,1.0248,1.0247,1.0248,1.0247,1.0248,1.0247,1.0200,1.0200,1.0200,1.0200,1.0201,1.0201,1.0201,1.0200,1.0200,1.0197,1.0184,1.0184,1.0200,1.0199,1.0190,1.0194,1.0194,1.0200,1.0200,1.0168,1.0155,1.0155,1.0181,1.0180,1.0155,1.0165,1.0165,1.0165,1.0198,1.0198,1.0198,0.9853,0.0272,1.0195,0.0272,1.0242,0.9763,0.0272,0.9933,0.0272
5.6326,1.0248,1.0247,1.0248,1.0247,1.0248,1.0247,1.0200,1.0200,1.0200,1.0200,1.0201,1.0201,1.0201,1.0200,1.0200,1.0197,1.0184,1.0184,1.0200,1.0199,1.0190,1.0194,1.0194,1.0200,1.0200,1.0168,1.0155,1.0155,1.0181,1.0180,1.0155,1.0165,1.0165,1.0165,1.0198,1.0198,1.0198,0.9853,0.0270,1.0195,0.0270,1.0242,0.9763,0.0270,0.9933,0.0270
5.6426,1.0248,1.0247,1.0248,1.0247,1.0248,1.0247,1.0200,1.0200,1.0200,1.0200,1.0201,1.0201,1.0201,1.0200,1.0200,1.0197,1.0184,1.0184,1.0200,1.0199,1.0190,1.0194,1.0194,1.0200,1.0200,1.0168,1.0155,1.0155,1.0181,1.0180,1.0155,1.0165,1.0165,1.0165,1.0198,1.0198,1.0198,0.9853,0.0269,1.0195,0.0269,1.0242,0.9763,0.0269,0.9933,0.0269
5.6526,1.0248,1.0247,1.0248,1.0247,1.0248,1.0247,1.0200,1.0200,1.0200,1.0200,1.0201,1.0201,1.0201,1.0200,1.0200,1.0197,1.0184,1.0184,1.0200,1.0199,1.0190,1.0194,1.0194,1.0200,1.0200,1.0168,1.0155,1.0155,1.0181,1.0180,1.0155,1.0165,1.0165,1.0165,1.0198,1.0198,1.0198,0.9853,0.0267,1.0195,0.0267,1.0242,0.9763,0.0267,0.9933,0.0267
5.6626,1.0248,1.0247,1.0248,1.0247,1.0248,1.0247,1.0200,1.0200,1.0200,1.0200,1.0201,1.0201,1.0201,1.0200,1.0200,1.0197,1.0184,1.0184,1.0200,1.0199,1.0190,1.0194,1.0194,1.0200,1.0200,1.0168,1.0155,1.0155,1.0181,1.0180,1.0155,1.0165,1.0165,1.0165,1.0198,1.0198,1.0198,0.9853,0.0265,1.0195,0.0265,1.0242,0.9763,0.0265,0.9933,0.0265
5.6726,1.0248,1.0247,1.0248,1.0247,1.0248,1.0247,1.0200,1.0200,1.0200,1.0200,1.0201,1.0201,1.0201,1.0200,1.0200,1.0197,1.0184,1.0184,1.0200,1.0199,1.0190,1.0194,1.0194,1.0200,1.0200,1.0168,1.0155,1.0155,1.0181,1.0180,1.0155,1.0165,1.0165,1.0165,1.0198,1.0198,1.0198,0.9853,0.0263,1.0195,0.0264,1.0242,0.9763,0.0263,0.9933,0.0264
5.6826,1.0248,1.0247,1.0248,1.0247,1.0248,1.0247,1.0200,1.0200,1.0200,1.0200,1.0201,1.0201,1.0201,1.0200,1.0200,1.0197,1.0184,1.0184,1.0200,1.0199,1.0190,1.0194,1.0194,1.0200,1.0200,1.0168,1.0155,1.0155,1.0181,1.0180,1.0155,1.0165,1.0165,1.0165,1.0198,1.0198,1.0198,0.9853,0.0262,1.0195,0.0262,1.0242,0.9763,0.0262,0.9933,0.0262
5.6926,1.0248,1.0247,1.0248,1.0247,1.0248,1.0247,1.0200,1.0200,1.0200,1.0200,1.0201,1.0201,1.0201,1.0200,1.0200,1.0197,1.0184,1.0184,1.0200,1.0199,1.0190,1.0194,1.0194,1.0200,1.0200,1.0168,1.0155,1.0155,1.0181,1.0180,1.0155,1.0165,1.0165,1.0165,1.0198,1.0198,1.0198,0.9853,0.0260,1.0195,0.0260,1.0242,0.9763,0.0260,0.9933,0.0260
5.7026,1.0248,1.0247,1.0248,1.0247,1.0248,1.0247,1.0200,1.0200,1.0200,1.0200,1.0201,1.0201,1.0201,1.0200,1.0200,1.0197,1.0184,1.0184,1.0200,1.0199,1.0190,1.0194,1.0194,1.0200,1.0200,1.0168,1.0155,1.0155,1.0181,1.0180,1.0155,1.0165,1.0165,1.0165,1.0198,1.0198,1.0198,0.9853,0.0258,1.0195,0.0258,1.0242,0.9763,0.0258,0.9933,0.0258
5.7126,1.0248,1.0247,1.0248,1.0247,1.0248,1.0247,1.0200,1.0200,1.0200,1.0200,1.0201,1.0201,1.0201,1.0200,1.0200,1.0197,1.0184,1.0184,1.0200,1.0199,1.0190,1.0194,1.0194,1.0200,1.0200,1.0168,1.0155,1.0155,1.0181,1.0180,1.0155,1.0165,1.0165,1.0165,1.0198,1.0198,1.0198,0.9853,0.0257,1.0195,0.0257,1.0242,0.9763,0.0257,0.9933,0.0257
5.7226,1.0248,1.0247,1.0248,1.0247,1.0248,1.0247,1.0200,1.0200,1.0200,1.0200,1.0201,1.0201,1.0201,1.0200,1.0200,1.0197,1.0184,1.0184,1.0200,1.0199,1.0190,1.0194,1.0194,1.0200,1.0200,1.0168,1.0155,1.0155,1.0181,1.0180,1.0155,1.0165,1.0165,1.0165,1.0198,1.0198,1.0198,0.9853,0.0255,1.0195,0.0255,1.0242,0.9763,0.0255,0.9933,0.0255
5.7326,1.0248,1.0247,1.0248,1.0247,1.0248,1.0247,1.0200,1.0200,1.0200,1.0200,1.0201,1.0201,1.0201,1.0200,1.0200,1.0197,1.0184,1.0184,1.0200,1.0199,1.0190,1.0194,1.0194,1.0200,1.0200,1.0168,1.0155,1.0155,1.0181,1.0180,1.0155,1.0165,1.0165,1.0165,1.0198,1.0198,1.0198,0.9853,0.0253,1.0195,0.0253,1.0242,0.9763,0.0253,0.9933,0.0253
5.7426,1.0248,1.0247,1.0248,1.0247,1.0248,1.0247,1.0200,1.0200,1.0200,1.0200,1.0201,1.0201,1.0201,1.0200,1.0200,1.0197,1.0184,1.0184,1.0200,1.0199,1.0190,1.0194,1.0194,1.0200,1.0200,1.0168,1.0155,1.0155,1.0181,1.0180,1.0155,1.0165,1.0165,1.0165,1.0198,1.0198,1.0198,0.9853,0.0252,1.0195,0.0252,1.0242,0.9763,0.0252,0.9933,0.0252
5.7526,1.0248,1.0247,1.0248,1.0247,1.0248,1.0247,1.0200,1.0200,1.0200,1.0200,1.0201,1.0201,1.0201,1.0200,1.0200,1.0197,1.0184,1.0184,1.0200,1.0199,1.0190,1.0194,1.0194,1.0200,1.0200,1.0168,1.0155,1.0155,1.0181,1.0180,1.0155,1.0165,1.0165,1.0165,1.0198,1.0198,1.0198,0.9853,0.0250,1.0195,0.0250,1.0242,0.9763,0.0250,0.9932,0.0250
5.7626,1.0248,1.0247,1.0248,1.0247,1.0248,1.0247,1.0200,1.0200,1.0200,1.0200,1.0201,1.0201,1.0201,1.0200,1.0200,1.0197,1.0184,1.0184,1.0200,1.0199,1.0190,1.0194,1.0194,1.0200,1.0200,1.0168,1.0155,1.0155,1.0181,1.0180,1.0155,1.0165,1.0165,1.0165,1.0198,1.0198,1.0198,0.9853,0.0249,1.0195,0.0249,1.0242,0.9763,0.0248,0.9932,0.0249
5.7726,1.0248,1.0247,1.0248,1.0247,1.0248,1.0247,1.0200,1.0200,1.0200,1.0200,1.0201,1.0201,1.0201,1.0200,1.0200,1.0197,1.0184,1.0184,1.0200,1.0199,1.0190,1.0194,1.0194,1.0200,1.0200,1.0168,1.0155,1.0155,1.0181,1.0180,1.0155,1.0165,1.0165,1.0165,1.0198,1.0198,1.0198,0.9853,0.0247,1.0195,0.0247,1.0242,0.9763,0.0247,0.9932,0.0247
5.7826,1.0248,1.0247,1.0248,1.0247,1.0248,1.0247,1.0200,1.0200,1.0200,1.0200,1.0201,1.0201,1.0201,1.0200,1.0200,1.0197,1.0184,1.0184,1.0200,1.0199,1.0190,1.0194,1.0194,1.0200,1.0200,1.0168,1.0155,1.0155,1.0181,1.0180,1.0155,1.0165,1.0165,1.0165,1.0198,1.0198,1.0198,0.9853,0.0245,1.0195,0.0245,1.0242,0.9763,0.0245,0.9932,0.0245
5.7926,1.0248,1.0247,1.0248,1.0247,1.0248,1.0247,1.0200,1.0200,1.0200,1.0200,1.0201,1.0201,1.0201,1.0200,1.0200,1.0197,1.0184,1.0184,1.0200,1.0199,1.0190,1.0194,1.0194,1.0200,1.0200,1.0168,1.0155,1.0155,1.0181,1.0180,1.0155,1.0165,1.0165,1.0165,1.0198,1.0198,1.0198,0.9853,0.0244,1.0195,0.0244,1.0242,0.9763,0.0244,0.9932,0.0244
5.8026,1.0248,1.0247,1.0248,1.0247,1.0248,1.0247,1.0200,1.0200,1.0200,1.0200,1.0201,1.0201,1.0201,1.0200,1.0200,1.0197,1.0184,1.0184,1.0200,1.0199,1.0190,1.0194,1.0194,1.0200,1.0200,1.0168,1.0155,1.0155,1.0181,1.0180,1.0155,1.0165,1.0165,1.0165,1.0198,1.0198,1.0198,0.9853,0.0242,1.0195,0.0242,1.0242,0.9763,0.0242,0.9932,0.0242
5.8126,1.0248,1.0247,1.0248,1.0247,1.0248,1.0247,1.0200,1.0200,1.0200,1.0200,1.0201,1.0201,1.0201,1.0200,1.0200,1.0197,1.0184,1.0184,1.0200,1.0199,1.0190,1.0194,1.0194,1.0200,1.0200,1.0168,1.0155,1.0155,1.0181,1.0180,1.0155,1.0165,1.0165,1.0165,1.0198,1.0198,1.0198,0.9853,0.0241,1.0195,0.0241,1.0242,0.9763,0.0241,0.9932,0.0241
5.8226,1.0248,1.0247,1.0248,1.0247,1.0248,1.0247,1.0200,1.0200,1.0200,1.0200,1.0201,1.0201,1.0201,1.0200,1.0200,1.0197,1.0184,1.0184,1.0200,1.0199,1.0190,1.0194,1.0194,1.0200,1.0200,1.0168,1.0155,1.0155,1.0181,1.0180,1.0155,1.0165,1.0165,1.0165,1.0198,1.0198,1.0198,0.9853,0.0239,1.0195,0.0239,1.0242,0.9763,0.0239,0.9932,0.0239
5.8326,1.0248,1.0247,1.0248,1.0247,1.0248,1.0247,1.0200,1.0200,1.0200,1.0200,1.0201,1.0201,1.0201,1.0200,1.0200,1.0197,1.0184,1.0184,1.0200,1.0199,1.0190,1.0194,1.0194,1.0200,1.0200,1.0168,1.0155,1.0155,1.0181,1.0180,1.0155,1.0165,1.0165,1.0165,1.0198,1.0198,1.0198,0.9853,0.0238,1.0195,0.0238,1.0242,0.9763,0.0237,0.9932,0.0238
5.8426,1.0248,1.0247,1.0248,1.0247,1.0248,1.0247,1.0200,1.0200,1.0200,1.0200,1.0201,1.0201,1.0201,1.0200,1.0200,1.0197,1.0184,1.0184,1.0200,1.0199,1.0190,1.0194,1.0194,1.0200,1.0200,1.0168,1.0155,1.0155,1.0181,1.0180,1.0155,1.0165,1.0165,1.0165,1.0198,1.0198,1.0198,0.9853,0.0236,1.0195,0.0236,1.0242,0.9763,0.0236,0.9932,0.0236
5.8526,1.0248,1.0247,1.0248,1.0247,1.0248,1.0247,1.0200,1.0200,1.0200,1.0200,1.0201,1.0201,1.0201,1.0200,1.0200,1.0197,1.0184,1.0184,1.0200,1.0199,1.0190,1.0194,1.0194,1.0200,1.0200,1.0168,1.0155,1.0155,1.0181,1.0180,1.0155,1.0165,1.0165,1.0165,1.0198,1.0198,1.0198,0.9853,0.0234,1.0195,0.0235,1.0242,0.9763,0.0234,0.9932,0.0235
5.8626,1.0248,1.0247,1.0248,1.0247,1.0248,1.0247,1.0200,1.0200,1.0200,1.0200,1.0201,1.0201,1.0201,1.0200,1.0200,1.0197,1.0184,1.0184,1.0200,1.0199,1.0190,1.0194,1.0194,1.0200,1.0200,1.0168,1.0155,1.0155,1.0181,1.0180,1.0155,1.0165,1.0165,1.0165,1.0198,1.0198,1.0198,0.9853,0.0233,1.0195,0.0233,1.0242,0.9763,0.0233,0.9932,0.0233
5.8726,1.0248,1.0247,1.0248,1.0247,1.0248,1.0247,1.0200,1.0200,1.0200,1.0200,1.0201,1.0201,1.0201,1.0200,1.0200,1.0197,1.0184,1.0184,1.0200,1.0199,1.0190,1.0194,1.0194,1.0200,1.0200,1.0168,1.0155,1.0155,1.0181,1.0180,1.0155,1.0165,1.0165,1.0165,1.0198,1.0198,1.0198,0.9853,0.0231,1.0195,0.0232,1.0242,0.9763,0.0231,0.9932,0.0232
5.8826,1.0248,1.0247,1.0248,1.0247,1.0248,1.0247,1.0200,1.0200,1.0200,1.0200,1.0201,1.0201,1.0201,1.0200,1.0200,1.0197,1.0184,1.0184,1.0200,1.0199,1.0190,1.0194,1.0194,1.0200,1.0200,1.0168,1.0155,1.0155,1.0181,1.0180,1.0155,1.0165,1.0165,1.0165,1.0198,1.0198,1.0198,0.9853,0.0230,1.0195,0.0230,1.0242,0.9763,0.0230,0.9932,0.0230
5.8926,1.0248,1.0247,1.0248,1.0247,1.0248,1.0247,1.0200,1.0200,1.0200,1.0200,1.0201,1.0201,1.0201,1.0200,1.0200,1.0197,1.0184,1.0184,1.0200,1.0199,1.0190,1.0194,1.0194,1.0200,1.0200,1.0168,1.0155,1.0155,1.0181,1.0180,1.0155,1.0165,1.0165,1.0165,1.0198,1.0198,1.0198,0.9853,0.0229,1.0195,0.0229,1.0242,0.9763,0.0228,0.9932,0.0229
5.9026,1.0248,1.0247,1.0248,1.0247,1.0248,1.0247,1.0200,1.0200,1.0200,1.0200,1.0201,1.0201,1.0201,1.0200,1.0200,1.0197,1.0184,1.0184,1.0200,1.0199,1.0190,1.0194,1.0194,1.0200,1.0200,1.0168,1.0155,1.0155,1.0181,1.0180,1.0155,1.0165,1.0165,1.0165,1.0198,1.0198,1.0198,0.9853,0.0227,1.0195,0.0227,1.0242,0.9763,0.0227,0.9932,0.0227
5.9126,1.0248,1.0247,1.0248,1.0247,1.0248,1.0247,1.0200,1.0200,1.0200,1.0200,1.0201,1.0201,1.0201,1.0200,1.0200,1.0197,1.0184,1.0184,1.0200,1.0199,1.0190,1.0194,1.0194,1.0200,1.0200,1.0168,1.0155,1.0155,1.0181,1.0180,1.0155,1.0165,1.0165,1.0165,1.0198,1.0198,1.0198,0.9853,0.0226,1.0195,0.0226,1.0242,0.9763,0.0226,0.9932,0.0226
5.9226,1.0248,1.0247,1.0248,1.0247,1.0248,1.0247,1.0200,1.0200,1.0200,1.0200,1.0201,1.0201,1.0201,1.0200,1.0200,1.0197,1.0184,1.0184,1.0200,1.0199,1.0190,1.0194,1.0194,1.0200,1.0200,1.0168,1.0155,1.0155,1.0181,1.0180,1.0155,1.0165,1.0165,1.0165,1.0198,1.0198,1.0198,0.9853,0.0224,1.0195,0.0224,1.0242,0.9762,0.0224,0.9932,0.0224
5.9326,1.0248,1.0247,1.0248,1.0247,1.0248,1.0247,1.0200,1.0200,1.0200,1.0200,1.0201,1.0201,1.0201,1.0200,1.0200,1.0197,1.0184,1.0184,1.0200,1.0199,1.0190,1.0194,1.0194,1.0200,1.0200,1.0168,1.0155,1.0155,1.0181,1.0180,1.0155,1.0165,1.0165,1.0165,1.0198,1.0198,1.0198,0.9853,0.0223,1.0195,0.0223,1.0242,0.9762,0.0223,0.9932,0.0223
5.9426,1.0248,1.0247,1.0248,1.0247,1.0248,1.0247,1.0200,1.0200,1.0200,1.0200,1.0201,1.0201,1.0201,1.0200,1.0200,1.0197,1.0184,1.0184,1.0200,1.0199,1.0190,1.0194,1.0194,1.0200,1.0200,1.0168,1.0155,1.0155,1.0181,1.0180,1.0155,1.0164,1.0164,1.0164,1.0198,1.0198,1.0198,0.9853,0.0221,1.0195,0.0221,1.0242,0.9762,0.0221,0.9932,0.0221
5.9526,1.0248,1.0247,1.0248,1.0247,1.0248,1.0247,1.0200,1.0200,1.0200,1.0200,1.0201,1.0201,1.0201,1.0200,1.0200,1.0197,1.0184,1.0184,1.0200,1.0199,1.0190,1.0194,1.0194,1.0200,1.0200,1.0168,1.0155,1.0155,1.0181,1.0180,1.0155,1.0164,1.0164,1.0164,1.0198,1.0198,1.0198,0.9853,0.0220,1.0195,0.0220,1.0242,0.9762,0.0220,0.9932,0.0220
5.9626,1.0248,1.0247,1.0248,1.0247,1.0248,1.0247,1.0200,1.0200,1.0200,1.0200,1.0201,1.0201,1.0201,1.0200,1.0200,1.0197,1.0184,1.0184,1.0200,1.0199,1.0190,1.0194,1.0194,1.0200,1.0200,1.0168,1.0155,1.0155,1.0181,1.0180,1.0155,1.0164,1.0164,1.0164,1.0198,1.0198,1.0198,0.9853,0.0218,1.0195,0.0218,1.0242,0.9762,0.0218,0.9932,0.0218
5.9726,1.0248,1.0247,1.0248,1.0247,1.0248,1.0247,1.0200,1.0200,1.0200,1.0200,1.0201,1.0201,1.0201,1.0200,1.0200,1.0197,1.0184,1.0184,1.0200,1.0199,1.0190,1.0194,1.0194,1.0200,1.0200,1.0168,1.0155,1.0155,1.0181,1.0180,1.0155,1.0164,1.0164,1.0164,1.0198,1.0198,1.0198,0.9853,0.0217,1.0195,0.0217,1.0242,0.9762,0.0217,0.9932,0.0217
5.9826,1.0248,1.0247,1.0248,1.0247,1.0248,1.0247,1.0200,1.0200,1.0200,1.0200,1.0201,1.0201,1.0201,1.0200,1.0200,1.0197,1.0184,1.0184,1.0200,1.0199,1.0190,1.0194,1.0194,1.0200,1.0200,1.0168,1.0155,1.0155,1.0181,1.0180,1.0155,1.0164,1.0164,1.0164,1.0198,1.0198,1.0198,0.9853,0.0216,1.0195,0.0216,1.0242,0.9762,0.0216,0.9932,0.0216
5.9926,1.0248,1.0247,1.0248,1.0247,1.0248,1.0247,1.0200,1.0200,1.0200,1.0200,1.0201,1.0201,1.0201,1.0200,1.0200,1.0197,1.0184,1.0184,1.0200,1.0199,1.0190,1.0194,1.0194,1.0200,1.0200,1.0168,1.0155,1.0155,1.0181,1.0180,1.0155,1.0164,1.0164,1.0164,1.0198,1.0198,1.0198,0.9853,0.0214,1.0195,0.0214,1.0242,0.9762,0.0214,0.9932,0.0214
6.0026,1.0248,1.0247,1.0248,1.0247,1.0248,1.0247,1.0200,1.0200,1.0200,1.0200,1.0201,1.0201,1.0201,1.0200,1.0200,1.0197,1.0184,1.0184,1.0200,1.0199,1.0190,1.0194,1.0194,1.0200,1.0200,1.0168,1.0155,1.0155,1.0181,1.0180,1.0155,1.0164,1.0164,1.0164,1.0198,1.0198,1.0198,0.9853,0.0213,1.0195,0.0213,1.0242,0.9762,0.0213,0.9932,0.0213
6.0126,1.0248,1.0247,1.0248,1.0247,1.0248,1.0247,1.0200,1.0200,1.0200,1.0200,1.0201,1.0201,1.0201,1.0200,1.0200,1.0197,1.0184,1.0184,1.0200,1.0199,1.0190,1.0194,1.0194,1.0200,1.0200,1.0168,1.0155,1.0155,1.0181,1.0180,1.0155,1.0164,1.0164,1.0164,1.0198,1.0198,1.0198,0.9853,0.0212,1.0195,0.0212,1.0242,0.9762,0.0211,0.9932,0.0212
6.0226,1.0248,1.0247,1.0248,1.0247,1.0248,1.0247,1.0200,1.0200,1.0200,1.0200,1.0201,1.0201,1.0201,1.0200,1.0200,1.0197,1.0184,1.0184,1.0200,1.0199,1.0190,1.0194,1.0194,1.0200,1.0200,1.0168,1.0155,1.0155,1.0181,1.0180,1.0155,1.0164,1.0164,1.0164,1.0198,1.0198,1.0198,0.9853,0.0210,1.0195,0.0210,1.0242,0.9762,0.0210,0.9932,0.0210
6.0326,1.0248,1.0247,1.0248,1.0247,1.0248,1.0247,1.0200,1.0200,1.0200,1.0200,1.0201,1.0201,1.0201,1.0200,1.0200,1.0197,1.0184,1.0184,1.0200,1.0199,1.0190,1.0194,1.0194,1.0200,1.0200,1.0168,1.0155,1.0155,1.0181,1.0180,1.0155,1.0164,1.0164,1.0164,1.0198,1.0198,1.0198,0.9853,0.0209,1.0195,0.0209,1.0242,0.9762,0.0209,0.9932,0.0209
6.0426,1.0248,1.0247,1.0248,1.0247,1.0248,1.0247,1.0200,1.0200,1.0200,1.0200,1.0201,1.0201,1.0201,1.0200,1.0200,1.0197,1.0184,1.0184,1.0200,1.0199,1.0190,1.0194,1.0194,1.0200,1.0200,1.0168,1.0155,1.0155,1.0181,1.0180,1.0155,1.0164,1.0164,1.0164,1.0198,1.0198,1.0198,0.9853,0.0207,1.0195,0.0208,1.0242,0.9762,0.0207,0.9932,0.0208
6.0526,1.0248,1.0247,1.0248,1.0247,1.0248,1.0247,1.0200,1.0200,1.0200,1.0200,1.0201,1.0201,1.0201,1.0200,1.0200,1.0197,1.0184,1.0184,1.0200,1.0199,1.0190,1.0194,1.0194,1.0200,1.0200,1.0168,1.0155,1.0155,1.0181,1.0180,1.0155,1.0164,1.0164,1.0164,1.0198,1.0198,1.0198,0.9853,0.0206,1.0195,0.0206,1.0242,0.9762,0.0206,0.9932,0.0206
6.0626,1.0248,1.0247,1.0248,1.0247,1.0248,1.0247,1.0200,1.0200,1.0200,1.0200,1.0201,1.0201,1.0201,1.0200,1.0200,1.0197,1.0184,1.0184,1.0200,1.0199,1.0190,1.0194,1.0194,1.0200,1.0200,1.0168,1.0155,1.0155,1.0181,1.0180,1.0155,1.0164,1.0164,1.0164,1.0198,1.0198,1.0198,0.9853,0.0205,1.0195,0.0205,1.0242,0.9762,0.0205,0.9932,0.0205
6.0726,1.0248,1.0246,1.0248,1.0247,1.0248,1.0247,1.0200,1.0200,1.0200,1.0200,1.0201,1.0201,1.0201,1.0200,1.0200,1.0197,1.0184,1.0184,1.0200,1.0199,1.0190,1.0194,1.0194,1.0200,1.0200,1.0168,1.0155,1.0155,1.0181,1.0180,1.0155,1.0164,1.0164,1.0164,1.0198,1.0198,1.0198,0.9853,0.0204,1.0195,0.0204,1.0242,0.9762,0.0203,0.9932,0.0204
6.0826,1.0248,1.0246,1.0248,1.0247,1.0248,1.0247,1.0200,1.0200,1.0200,1.0200,1.0201,1.0201,1.0201,1.0200,1.0200,1.0197,1.0184,1.0184,1.0200,1.0199,1.0190,1.0194,1.0194,1.0200,1.0200,1.0168,1.0155,1.0155,1.0181,1.0180,1.0155,1.0164,1.0164,1.0164,1.0198,1.0198,1.0198,0.9853,0.0202,1.0195,0.0202,1.0242,0.9762,0.0202,0.9932,0.0202
6.0926,1.0248,1.0246,1.0248,1.0247,1.0248,1.0247,1.0200,1.0200,1.0200,1.0200,1.0201,1.0201,1.0201,1.0200,1.0200,1.0197,1.0184,1.0184,1.0200,1.0199,1.0190,1.0194,1.0194,1.0200,1.0200,1.0168,1.0155,1.0155,1.0181,1.0180,1.0155,1.0164,1.0164,1.0164,1.0198,1.0198,1.0198,0.9853,0.0201,1.0195,0.0201,1.0242,0.9762,0.0201,0.9932,0.0201
6.1026,1.0248,1.0246,1.0248,1.0247,1.0248,1.0247,1.0200,1.0200,1.0200,1.0200,1.0201,1.0201,1.0201,1.0200,1.0200,1.0197,1.0184,1.0184,1.0200,1.0199,1.0190,1.0194,1.0194,1.0200,1.0200,1.0168,1.0155,1.0155,1.0181,1.0180,1.0155,1.0164,1.0164,1.0164,1.0198,1.0198,1.0198,0.9853,0.0200,1.0195,0.0200,1.0242,0.9762,0.0200,0.9932,0.0200
6.1126,1.0248,1.0246,1.0248,1.0247,1.0248,1.0247,1.0200,1.0200,1.0200,1.0200,1.0201,1.0201,1.0201,1.0200,1.0200,1.0197,1.0184,1.0184,1.0200,1.0199,1.0190,1.0194,1.0194,1.0200,1.0200,1.0168,1.0155,1.0155,1.0181,1.0180,1.0155,1.0164,1.0164,1.0164,1.0197,1.0197,1.0198,0.9853,0.0198,1.0195,0.0198,1.0242,0.9762,0.0198,0.9932,0.0198
6.1226,1.0248,1.0246,1.0248,1.0247,1.0248,1.0247,1.0200,1.0200,1.0200,1.0200,1.0201,1.0201,1.0201,1.0200,1.0200,1.0197,1.0184,1.0184,1.0200,1.0199,1.0190,1.0194,1.0194,1.0200,1.0200,1.0168,1.0155,1.0155,1.0181,1.0180,1.0155,1.0164,1.0164,1.0164,1.0197,1.0197,1.0198,0.9853,0.0197,1.0195,0.0197,1.0242,0.9762,0.0197,0.9932,0.0197
6.1326,1.0248,1.0246,1.0248,1.0247,1.0248,1.0247,1.0200,1.0200,1.0200,1.0200,1.0201,1.0201,1.0201,1.0200,1.0200,1.0197,1.0184,1.0184,1.0200,1.0199,1.0190,1.0194,1.0194,1.0200,1.0200,1.0168,1.0155,1.0155,1.0181,1.0180,1.0155,1.0164,1.0164,1.0164,1.0197,1.0197,1.0198,0.9853,0.0196,1.0195,0.0196,1.0242,0.9762,0.0196,0.9932,0.0196
6.1426,1.0248,1.0246,1.0248,1.0247,1.0248,1.0247,1.0200,1.0200,1.0200,1.0200,1.0201,1.0201,1.0201,1.0200,1.0200,1.0197,1.0184,1.0184,1.0200,1.0199,1.0190,1.0194,1.0194,1.0200,1.0200,1.0168,1.0155,1.0155,1.0181,1.0180,1.0155,1.0164,1.0164,1.0164,1.0197,1.0197,1.0198,0.9853,0.0195,1.0195,0.0195,1.0242,0.9762,0.0195,0.9932,0.0195
6.1526,1.0248,1.0246,1.0248,1.0247,1.0248,1.0247,1.0200,1.0200,1.0200,1.0200,1.0201,1.0201,1.0201,1.0200,1.0200,1.0197,1.0184,1.0184,1.0200,1.0199,1.0190,1.0194,1.0194,1.0200,1.0200,1.0168,1.0155,1.0155,1.0181,1.0180,1.0155,1.0164,1.0164,1.0164,1.0197,1.0197,1.0198,0.9853,0.0193,1.0195,0.0193,1.0242,0.9762,0.0193,0.9932,0.0193
6.1626,1.0248,1.0246,1.0248,1.0247,1.0248,1.0247,1.0200,1.0200,1.0200,1.0200,1.0201,1.0201,1.0201,1.0200,1.0200,1.0197,1.0184,1.0184,1.0200,1.0199,1.0190,1.0194,1.0194,1.0200,1.0200,1.0168,1.0155,1.0155,1.0181,1.0180,1.0155,1.0164,1.0164,1.0164,1.0197,1.0197,1.0198,0.9853,0.0192,1.0195,0.0192,1.0242,0.9762,0.0192,0.9932,0.0192
6.1726,1.0248,1.0246,1.0248,1.0247,1.0248,1.0247,1.0200,1.0200,1.0200,1.0200,1.0201,1.0201,1.0201,1.0200,1.0200,1.0197,1.0184,1.0184,1.0200,1.0199,1.0190,1.0194,1.0194,1.0200,1.0200,1.0168,1.0155,1.0155,1.0181,1.0180,1.0155,1.0164,1.0164,1.0164,1.0197,1.0197,1.0198,0.9853,0.0191,1.0195,0.0191,1.0242,0.9762,0.0191,0.9932,0.0191
6.1826,1.0248,1.0246,1.0248,1.0247,1.0248,1.0247,1.0200,1.0200,1.0200,1.0200,1.0201,1.0201,1.0201,1.0200,1.0200,1.0197,1.0184,1.0184,1.0200,1.0199,1.0190,1.0194,1.0194,1.0200,1.0200,1.0168,1.0155,1.0155,1.0181,1.0180,1.0155,1.0164,1.0164,1.0164,1.0197,1.0197,1.0198,0.9853,0.0190,1.0195,0.0190,1.0242,0.9762,0.0190,0.9932,0.0190
6.1926,1.0248,1.0246,1.0248,1.0247,1.0248,1.0247,1.0200,1.0200,1.0200,1.0200,1.0201,1.0201,1.0201,1.0200,1.0200,1.0197,1.0184,1.0184,1.0200,1.0199,1.0190,1.0194,1.0194,1.0200,1.0200,1.0168,1.0155,1.0155,1.0181,1.0180,1.0155,1.0164,1.0164,1.0164,1.0197,1.0197,1.0198,0.9853,0.0189,1.0195,0.0189,1.0242,0.9762,0.0188,0.9932,0.0189
6.2026,1.0248,1.0246,1.0248,1.0247,1.0248,1.0247,1.0200,1.0200,1.0200,1.0200,1.0201,1.0201,1.0201,1.0200,1.0200,1.0197,1.0184,1.0184,1.0200,1.0199,1.0190,1.0194,1.0194,1.0200,1.0200,1.0168,1.0155,1.0155,1.0181,1.0180,1.0155,1.0164,1.0164,1.0164,1.0197,1.0197,1.0198,0.9853,0.0187,1.0195,0.0187,1.0242,0.9762,0.0187,0.9932,0.0187
6.2126,1.0248,1.0246,1.0248,1.0247,1.0248,1.0247,1.0200,1.0200,1.0200,1.0200,1.0201,1.0201,1.0201,1.0200,1.0200,1.0197,1.0184,1.0184,1.0200,1.0199,1.0190,1.0194,1.0194,1.0200,1.0200,1.0168,1.0155,1.0155,1.0181,1.0180,1.0155,1.0164,1.0164,1.0164,1.0197,1.0197,1.0198,0.9853,0.0186,1.0195,0.0186,1.0242,0.9762,0.0186,0.9932,0.0186
6.2226,1.0248,1.0246,1.0248,1.0247,1.0248,1.0247,1.0200,1.0200,1.0200,1.0200,1.0201,1.0201,1.0201,1.0200,1.0200,1.0197,1.0184,1.0184,1.0200,1.0199,1.0190,1.0194,1.0194,1.0200,1.0200,1.0168,1.0155,1.0155,1.0181,1.0180,1.0155,1.0164,1.0164,1.0164,1.0197,1.0197,1.0198,0.9853,0.0185,1.0195,0.0185,1.0242,0.9762,0.0185,0.9932,0.0185
6.2326,1.0248,1.0246,1.0248,1.0247,1.0248,1.0247,1.0200,1.0200,1.0200,1.0200,1.0201,1.0201,1.0201,1.0200,1.0200,1.0197,1.0184,1.0184,1.0200,1.0199,1.0190,1.0194,1.0194,1.0200,1.0200,1.0168,1.0155,1.0155,1.0181,1.0180,1.0155,1.0164,1.0164,1.0164,1.0197,1.0197,1.0198,0.9853,0.0184,1.0195,0.0184,1.0242,0.9762,0.0184,0.9932,0.0184
6.2426,1.0248,1.0246,1.0248,1.0247,1.0248,1.0247,1.0200,1.0200,1.0200,1.0200,1.0201,1.0201,1.0201,1.0200,1.0200,1.0197,1.0184,1.0184,1.0200,1.0199,1.0190,1.0194,1.0194,1.0200,1.0200,1.0168,1.0155,1.0155,1.0181,1.0180,1.0155,1.0164,1.0164,1.0164,1.0197,1.0197,1.0198,0.9853,0.0183,1.0195,0.0183,1.0242,0.9762,0.0183,0.9932,0.0183
6.2526,1.0248,1.0246,1.0248,1.0247,1.0248,1.0247,1.0200,1.0200,1.0200,1.0200,1.0201,1.0201,1.0201,1.0200,1.0200,1.0197,1.0184,1.0184,1.0200,1.0199,1.0190,1.0194,1.0194,1.0200,1.0200,1.0168,1.0155,1.0155,1.0181,1.0180,1.0155,1.0164,1.0164,1.0164,1.0197,1.0197,1.0198,0.9853,0.0181,1.0195,0.0181,1.0242,0.9762,0.0181,0.9932,0.0181
6.2626,1.0248,1.0246,1.0248,1.0247,1.0248,1.0247,1.0200,1.0200,1.0200,1.0200,1.0201,1.0201,1.0201,1.0200,1.0200,1.0197,1.0184,1.0184,1.0200,1.0199,1.0190,1.0194,1.0194,1.0200,1.0200,1.0168,1.0155,1.0155,1.0181,1.0180,1.0155,1.0164,1.0164,1.0164,1.0197,1.0197,1.0198,0.9853,0.0180,1.0195,0.0180,1.0242,0.9762,0.0180,0.9932,0.0180
6.2726,1.0248,1.0246,1.0248,1.0247,1.0248,1.0247,1.0200,1.0200,1.0200,1.0200,1.0201,1.0201,1.0201,1.0200,1.0200,1.0197,1.0184,1.0184,1.0200,1.0199,1.0190,1.0194,1.0194,1.0200,1.0200,1.0168,1.0155,1.0155,1.0181,1.0180,1.0155,1.0164,1.0164,1.0164,1.0197,1.0197,1.0198,0.9853,0.0179,1.0195,0.0179,1.0242,0.9762,0.0179,0.9932,0.0179
6.2826,1.0248,1.0246,1.0248,1.0247,1.0248,1.0247,1.0200,1.0200,1.0200,1.0200,1.0201,1.0201,1.0201,1.0200,1.0200,1.0197,1.0184,1.0184,1.0200,1.0199,1.0190,1.0194,1.0194,1.0200,1.0199,1.0168,1.0155,1.0155,1.0181,1.0180,1.0155,1.0164,1.0164,1.0164,1.0197,1.0197,1.0198,0.9853,0.0178,1.0195,0.0178,1.0242,0.9762,0.0178,0.9932,0.0178
6.2926,1.0248,1.0246,1.0248,1.0247,1.0248,1.0247,1.0200,1.0200,1.0200,1.0200,1.0201,1.0201,1.0201,1.0200,1.0200,1.0197,1.0184,1.0184,1.0200,1.0199,1.0190,1.0194,1.0194,1.0199,1.0199,1.0168,1.0155,1.0155,1.0181,1.0180,1.0155,1.0164,1.0164,1.0164,1.0197,1.0197,1.0198,0.9853,0.0177,1.0195,0.0177,1.0242,0.9762,0.0177,0.9932,0.0177
6.3026,1.0248,1.0246,1.0248,1.0247,1.0248,1.0247,1.0200,1.0200,1.0200,1.0200,1.0201,1.0201,1.0201,1.0200,1.0200,1.0197,1.0184,1.0184,1.0200,1.0199,1.0190,1.0194,1.0194,1.0199,1.0199,1.0168,1.0155,1.0155,1.0181,1.0180,1.0155,1.0164,1.0164,1.0164,1.0197,1.0197,1.0198,0.9853,0.0176,1.0195,0.0176,1.0242,0.9762,0.0176,0.9932,0.0176
6.3126,1.0248,1.0246,1.0248,1.0247,1.0248,1.0247,1.0200,1.0200,1.0200,1.0200,1.0201,1.0201,1.0201,1.0200,1.0200,1.0197,1.0184,1.0184,1.0200,1.0199,1.0190,1.0194,1.0194,1.0199,1.0199,1.0168,1.0155,1.0155,1.0181,1.0180,1.0155,1.0164,1.0164,1.0164,1.0197,1.0197,1.0198,0.9853,0.0175,1.0195,0.0175,1.0242,0.9762,0.0175,0.9932,0.0175
6.3226,1.0248,1.0246,1.0248,1.0247,1.0248,1.0247,1.0200,1.0200,1.0200,1.0200,1.0201,1.0201,1.0201,1.0200,1.0200,1.0197,1.0184,1.0184,1.0200,1.0199,1.0190,1.0194,1.0194,1.0199,1.0199,1.0168,1.0155,1.0155,1.0181,1.0180,1.0155,1.0164,1.0164,1.0164,1.0197,1.0197,1.0198,0.9853,0.0174,1.0195,0.0174,1.0242,0.9762,0.0173,0.9932,0.0174
6.3326,1.0248,1.0246,1.0248,1.0247,1.0248,1.0247,1.0200,1.0200,1.0200,1.0200,1.0201,1.0201,1.0201,1.0200,1.0200,1.0197,1.0184,1.0184,1.0200,1.0199,1.0190,1.0194,1.0194,1.0199,1.0199,1.0168,1.0155,1.0155,1.0181,1.0180,1.0155,1.0164,1.0164,1.0164,1.0197,1.0197,1.0198,0.9853,0.0172,1.0195,0.0172,1.0242,0.9762,0.0172,0.9932,0.0172
6.3426,1.0248,1.0246,1.0248,1.0247,1.0248,1.0247,1.0200,1.0200,1.0200,1.0200,1.0201,1.0201,1.0201,1.0200,1.0200,1.0197,1.0184,1.0184,1.0200,1.0199,1.0190,1.0194,1.0194,1.0199,1.0199,1.0168,1.0155,1.0155,1.0181,1.0180,1.0155,1.0164,1.0164,1.0164,1.0197,1.0197,1.0198,0.9853,0.0171,1.0195,0.0171,1.0242,0.9762,0.0171,0.9932,0.0171
6.3526,1.0248,1.0246,1.0248,1.0247,1.0248,1.0247,1.0200,1.0200,1.0200,1.0200,1.0201,1.0201,1.0201,1.0200,1.0200,1.0197,1.0184,1.0184,1.0200,1.0199,1.0190,1.0194,1.0194,1.0199,1.0199,1.0168,1.0155,1.0155,1.0181,1.0180,1.0154,1.0164,1.0164,1.0164,1.0197,1.0197,1.0198,0.9853,0.0170,1.0195,0.0170,1.0242,0.9762,0.0170,0.9932,0.0170
6.3626,1.0248,1.0246,1.0248,1.0247,1.0248,1.0247,1.0200,1.0200,1.0200,1.0200,1.0201,1.0201,1.0201,1.0200,1.0200,1.0197,1.0184,1.0184,1.0200,1.0199,1.0190,1.0194,1.0194,1.0199,1.0199,1.0168,1.0155,1.0155,1.0181,1.0180,1.0154,1.0164,1.0164,1.0164,1.0197,1.0197,1.0198,0.9853,0.0169,1.0195,0.0169,1.0242,0.9762,0.0169,0.9932,0.0169
6.3726,1.0248,1.0246,1.0248,1.0247,1.0248,1.0247,1.0200,1.0200,1.0200,1.0200,1.0201,1.0201,1.0201,1.0200,1.0200,1.0197,1.0184,1.0184,1.0200,1.0199,1.0190,1.0194,1.0194,1.0199,1.0199,1.0168,1.0155,1.0155,1.0181,1.0180,1.0154,1.0164,1.0164,1.0164,1.0197,1.0197,1.0198,0.9853,0.0168,1.0195,0.0168,1.0242,0.9762,0.0168,0.9932,0.0168
6.3826,1.0248,1.0246,1.0248,1.0247,1.0248,1.0247,1.0200,1.0200,1.0200,1.0200,1.0201,1.0201,1.0201,1.0200,1.0200,1.0197,1.0184,1.0184,1.0200,1.0199,1.0190,1.0194,1.0194,1.0199,1.0199,1.0168,1.0155,1.0155,1.0181,1.0180,1.0154,1.0164,1.0164,1.0164,1.0197,1.0197,1.0198,0.9853,0.0167,1.0195,0.0167,1.0242,0.9762,0.0167,0.9932,0.0167
6.3926,1.0248,1.0246,1.0248,1.0247,1.0248,1.0247,1.0200,1.0200,1.0200,1.0200,1.0201,1.0201,1.0201,1.0200,1.0200,1.0197,1.0184,1.0184,1.0200,1.0199,1.0190,1.0194,1.0194,1.0199,1.0199,1.0168,1.0155,1.0155,1.0181,1.0180,1.0154,1.0164,1.0164,1.0164,1.0197,1.0197,1.0198,0.9853,0.0166,1.0195,0.0166,1.0242,0.9762,0.0166,0.9932,0.0166
6.4026,1.0247,1.0246,1.0248,1.0247,1.0248,1.0247,1.0200,1.0200,1.0200,1.0200,1.0201,1.0201,1.0201,1.0200,1.0200,1.0197,1.0184,1.0184,1.0200,1.0199,1.0190,1.0194,1.0194,1.0199,1.0199,1.0168,1.0155,1.0155,1.0181,1.0180,1.0154,1.0164,1.0164,1.0164,1.0197,1.0197,1.0198,0.9853,0.0165,1.0195,0.0165,1.0242,0.9762,0.0165,0.9932,0.0165
6.4126,1.0247,1.0246,1.0248,1.0247,1.0248,1.0247,1.0200,1.0200,1.0200,1.0200,1.0201,1.0201,1.0201,1.0200,1.0200,1.0197,1.0184,1.0184,1.0200,1.0198,1.0190,1.0194,1.0194,1.0199,1.0199,1.0168,1.0155,1.0155,1.0181,1.0180,1.0154,1.0164,1.0164,1.0164,1.0197,1.0197,1.0198,0.9853,0.0164,1.0195,0.0164,1.0242,0.9762,0.0164,0.9932,0.0164
6.4226,1.0247,1.0246,1.0248,1.0247,1.0248,1.0247,1.0200,1.0200,1.0200,1.0200,1.0201,1.0201,1.0201,1.0200,1.0200,1.0197,1.0184,1.0184,1.0200,1.0198,1.0190,1.0194,1.0194,1.0199,1.0199,1.0168,1.0155,1.0155,1.0181,1.0180,1.0154,1.0164,1.0164,1.0164,1.0197,1.0197,1.0198,0.9853,0.0163,1.0195,0.0163,1.0242,0.9762,0.0163,0.9932,0.0163
6.4326,1.0247,1.0246,1.0248,1.0247,1.0248,1.0247,1.0200,1.0200,1.0200,1.0200,1.0201,1.0201,1.0201,1.0200,1.0200,1.0197,1.0184,1.0184,1.0199,1.0198,1.0190,1.0194,1.0194,1.0199,1.0199,1.0168,1.0155,1.0155,1.0181,1.0180,1.0154,1.0164,1.0164,1.0164,1.0197,1.0197,1.0198,0.9853,0.0162,1.0195,0.0162,1.0242,0.9762,0.0162,0.9932,0.0162
6.4426,1.0247,1.0246,1.0248,1.0247,1.0248,1.0247,1.0200,1.0200,1.0200,1.0200,1.0201,1.0201,1.0201,1.0200,1.0200,1.0197,1.0184,1.0184,1.0199,1.0198,1.0190,1.0194,1.0194,1.0199,1.0199,1.0168,1.0155,1.0155,1.0181,1.0180,1.0154,1.0164,1.0164,1.0164,1.0197,1.0197,1.0198,0.9853,0.0161,1.0195,0.0161,1.0242,0.9762,0.0161,0.9932,0.0161
6.4526,1.0247,1.0246,1.0248,1.0246,1.0248,1.0247,1.0200,1.0200,1.0200,1.0200,1.0201,1.0201,1.0201,1.0200,1.0200,1.0197,1.0184,1.0184,1.0199,1.0198,1.0190,1.0194,1.0194,1.0199,1.0199,1.0168,1.0155,1.0155,1.0181,1.0180,1.0154,1.0164,1.0164,1.0164,1.0197,1.0197,1.0198,0.9853,0.0160,1.0195,0.0160,1.0242,0.9762,0.0160,0.9932,0.0160
6.4626,1.0247,1.0246,1.0248,1.0246,1.0248,1.0247,1.0200,1.0200,1.0200,1.0200,1.0201,1.0201,1.0201,1.0200,1.0200,1.0197,1.0184,1.0184,1.0199,1.0198,1.0190,1.0194,1.0194,1.0199,1.0199,1.0168,1.0155,1.0155,1.0181,1.0180,1.0154,1.0164,1.0164,1.0164,1.0197,1.0197,1.0198,0.9853,0.0159,1.0195,0.0159,1.0242,0.9762,0.0159,0.9932,0.0159
6.4726,1.0247,1.0246,1.0248,1.0246,1.0248,1.0247,1.0200,1.0200,1.0200,1.0200,1.0201,1.0201,1.0201,1.0200,1.0200,1.0197,1.0184,1.0184,1.0199,1.0198,1.0190,1.0194,1.0194,1.0199,1.0199,1.0168,1.0155,1.0155,1.0181,1.0180,1.0154,1.0164,1.0164,1.0164,1.0197,1.0197,1.0198,0.9853,0.0158,1.0195,0.0158,1.0242,0.9762,0.0158,0.9932,0.0158
6.4826,1.0247,1.0246,1.0248,1.0246,1.0248,1.0247,1.0200,1.0200,1.0200,1.0200,1.0201,1.0201,1.0201,1.0200,1.0200,1.0197,1.0184,1.0184,1.0199,1.0198,1.0190,1.0194,1.0194,1.0199,1.0199,1.0168,1.0155,1.0155,1.0181,1.0180,1.0154,1.0164,1.0164,1.0164,1.0197,1.0197,1.0198,0.9853,0.0157,1.0195,0.0157,1.0242,0.9762,0.0157,0.9932,0.0157
6.4926,1.0247,1.0246,1.0248,1.0246,1.0248,1.0247,1.0200,1.0200,1.0200,1.0200,1.0201,1.0201,1.0201,1.0200,1.0200,1.0197,1.0184,1.0184,1.0199,1.0198,1.0190,1.0194,1.0194,1.0199,1.0199,1.0168,1.0155,1.0155,1.0181,1.0180,1.0154,1.0164,1.0164,1.0164,1.0197,1.0197,1.0198,0.9853,0.0156,1.0195,0.0156,1.0242,0.9762,0.0156,0.9932,0.0156
6.5026,1.0247,1.0246,1.0248,1.0246,1.0248,1.0247,1.0200,1.0200,1.0200,1.0200,1.0201,1.0201,1.0201,1.0200,1.0200,1.0197,1.0184,1.0184,1.0199,1.0198,1.0190,1.0194,1.0194,1.0199,1.0199,1.0168,1.0155,1.0155,1.0181,1.0180,1.0154,1.0164,1.0164,1.0164,1.0197,1.0197,1.0198,0.9853,0.0155,1.0195,0.0155,1.0242,0.9762,0.0155,0.9932,0.0155
6.5126,1.0247,1.0246,1.0248,1.0246,1.0248,1.0247,1.0200,1.0200,1.0200,1.0200,1.0201,1.0201,1.0201,1.0200,1.0200,1.0197,1.0184,1.0184,1.0199,1.0198,1.0190,1.0194,1.0194,1.0199,1.0199,1.0168,1.0155,1.0155,1.0181,1.0180,1.0154,1.0164,1.0164,1.0164,1.0197,1.0197,1.0198,0.9853,0.0154,1.0195,0.0154,1.0242,0.9762,0.0154,0.9932,0.0154
6.5226,1.0247,1.0246,1.0248,1.0246,1.0248,1.0247,1.0200,1.0200,1.0200,1.0200,1.0201,1.0201,1.0201,1.0200,1.0200,1.0197,1.0184,1.0184,1.0199,1.0198,1.0190,1.0194,1.0194,1.0199,1.0199,1.0168,1.0155,1.0155,1.0181,1.0180,1.0154,1.0164,1.0164,1.0164,1.0197,1.0197,1.0198,0.9853,0.0153,1.0195,0.0153,1.0242,0.9762,0.0153,0.9932,0.0153
6.5326,1.0247,1.0246,1.0248,1.0246,1.0248,1.0247,1.0200,1.0200,1.0200,1.0200,1.0201,1.0201,1.0201,1.0200,1.0200,1.0197,1.0184,1.0184,1.0199,1.0198,1.0190,1.0194,1.0194,1.0199,1.0199,1.0168,1.0155,1.0155,1.0181,1.0180,1.0154,1.0164,1.0164,1.0164,1.0197,1.0197,1.0198,0.9853,0.0152,1.0195,0.0152,1.0242,0.9762,0.0152,0.9932,0.0152
6.5426,1.0247,1.0246,1.0248,1.0246,1.0248,1.0247,1.0200,1.0200,1.0200,1.0200,1.0201,1.0201,1.0201,1.0200,1.0200,1.0197,1.0184,1.0184,1.0199,1.0198,1.0190,1.0194,1.0194,1.0199,1.0199,1.0167,1.0155,1.0155,1.0181,1.0180,1.0154,1.0164,1.0164,1.0164,1.0197,1.0197,1.0198,0.9853,0.0151,1.0195,0.0151,1.0242,0.9762,0.0151,0.9932,0.0151
6.5526,1.0247,1.0246,1.0248,1.0246,1.0248,1.0247,1.0200,1.0200,1.0200,1.0200,1.0201,1.0201,1.0201,1.0200,1.0200,1.0197,1.0184,1.0184,1.0199,1.0198,1.0190,1.0194,1.0194,1.0199,1.0199,1.0167,1.0155,1.0155,1.0181,1.0180,1.0154,1.0164,1.0164,1.0164,1.0197,1.0197,1.0198,0.9853,0.0150,1.0195,0.0150,1.0242,0.9762,0.0150,0.9932,0.0150
6.5626,1.0247,1.0246,1.0248,1.0246,1.0248,1.0246,1.0200,1.0200,1.0200,1.0200,1.0201,1.0201,1.0201,1.0200,1.0200,1.0197,1.0184,1.0184,1.0199,1.0198,1.0190,1.0194,1.0194,1.0199,1.0199,1.0167,1.0155,1.0155,1.0181,1.0180,1.0154,1.0164,1.0164,1.0164,1.0197,1.0197,1.0198,0.9853,0.0149,1.0195,0.0149,1.0242,0.9762,0.0149,0.9932,0.0149
6.5726,1.0247,1.0246,1.0248,1.0246,1.0248,1.0246,1.0200,1.0200,1.0200,1.0200,1.0201,1.0201,1.0201,1.0200,1.0200,1.0197,1.0184,1.0184,1.0199,1.0198,1.0190,1.0194,1.0194,1.0199,1.0199,1.0167,1.0155,1.0155,1.0181,1.0180,1.0154,1.0164,1.0164,1.0164,1.0197,1.0197,1.0198,0.9853,0.0148,1.0195,0.0148,1.0242,0.9762,0.0148,0.9932,0.0148
6.5826,1.0247,1.0246,1.0248,1.0246,1.0248,1.0246,1.0200,1.0200,1.0200,1.0200,1.0201,1.0201,1.0201,1.0200,1.0200,1.0197,1.0184,1.0184,1.0199,1.0198,1.0190,1.0194,1.0194,1.0199,1.0199,1.0167,1.0155,1.0155,1.0181,1.0180,1.0154,1.0164,1.0164,1.0164,1.0197,1.0197,1.0198,0.9853,0.0147,1.0195,0.0147,1.0242,0.9762,0.0147,0.9932,0.0147
6.5926,1.0247,1.0246,1.0248,1.0246,1.0248,1.0246,1.0200,1.0200,1.0200,1.0200,1.0201,1.0201,1.0201,1.0200,1.0200,1.0197,1.0184,1.0184,1.0199,1.0198,1.0190,1.0194,1.0194,1.0199,1.0199,1.0167,1.0155,1.0155,1.0181,1.0180,1.0154,1.0164,1.0164,1.0164,1.0197,1.0197,1.0198,0.9853,0.0146,1.0195,0.0146,1.0242,0.9762,0.0146,0.9932,0.0146
6.6026,1.0247,1.0246,1.0248,1.0246,1.0248,1.0246,1.0200,1.0200,1.0200,1.0200,1.0201,1.0201,1.0201,1.0200,1.0200,1.0197,1.0184,1.0184,1.0199,1.0198,1.0190,1.0194,1.0194,1.0199,1.0199,1.0167,1.0155,1.0155,1.0181,1.0180,1.0154,1.0164,1.0164,1.0164,1.0197,1.0197,1.0198,0.9853,0.0145,1.0195,0.0145,1.0242,0.9762,0.0145,0.9932,0.0145
6.6126,1.0247,1.0246,1.0248,1.0246,1.0248,1.0246,1.0200,1.0200,1.0200,1.0200,1.0201,1.0201,1.0201,1.0200,1.0200,1.0197,1.0184,1.0184,1.0199,1.0198,1.0190,1.0194,1.0194,1.0199,1.0199,1.0167,1.0155,1.0155,1.0181,1.0180,1.0154,1.0164,1.0164,1.0164,1.0197,1.0197,1.0198,0.9853,0.0144,1.0195,0.0144,1.0242,0.9762,0.0144,0.9932,0.0144
6.6226,1.0247,1.0246,1.0248,1.0246,1.0248,1.0246,1.0200,1.0200,1.0200,1.0200,1.0201,1.0201,1.0201,1.0200,1.0200,1.0197,1.0184,1.0184,1.0199,1.0198,1.0190,1.0194,1.0194,1.0199,1.0199,1.0167,1.0155,1.0155,1.0181,1.0180,1.0154,1.0164,1.0164,1.0164,1.0197,1.0197,1.0198,0.9853,0.0144,1.0195,0.0144,1.0242,0.9762,0.0143,0.9932,0.0144
6.6326,1.0247,1.0246,1.0248,1.0246,1.0248,1.0246,1.0200,1.0200,1.0200,1.0200,1.0201,1.0201,1.0201,1.0200,1.0200,1.0197,1.0184,1.0184,1.0199,1.0198,1.0190,1.0194,1.0194,1.0199,1.0199,1.0167,1.0155,1.0155,1.0181,1.0180,1.0154,1.0164,1.0164,1.0164,1.0197,1.0197,1.0198,0.9853,0.0143,1.0195,0.0143,1.0242,0.9762,0.0143,0.9932,0.0143
6.6426,1.0247,1.0246,1.0248,1.0246,1.0248,1.0246,1.0200,1.0200,1.0200,1.0200,1.0201,1.0201,1.0201,1.0200,1.0200,1.0197,1.0184,1.0184,1.0199,1.0198,1.0190,1.0194,1.0194,1.0199,1.0199,1.0167,1.0155,1.0155,1.0181,1.0180,1.0154,1.0164,1.0164,1.0164,1.0197,1.0197,1.0198,0.9853,0.0142,1.0195,0.0142,1.0242,0.9762,0.0142,0.9932,0.0142
6.6526,1.0247,1.0246,1.0248,1.0246,1.0248,1.0246,1.0200,1.0200,1.0200,1.0200,1.0201,1.0201,1.0201,1.0200,1.0200,1.0197,1.0184,1.0184,1.0199,1.0198,1.0190,1.0194,1.0194,1.0199,1.0199,1.0167,1.0155,1.0155,1.0181,1.0180,1.0154,1.0164,1.0164,1.0164,1.0197,1.0197,1.0198,0.9853,0.0141,1.0195,0.0141,1.0242,0.9762,0.0141,0.9932,0.0141
6.6626,1.0247,1.0246,1.0248,1.0246,1.0248,1.0246,1.0200,1.0200,1.0200,1.0200,1.0201,1.0201,1.0201,1.0200,1.0200,1.0196,1.0184,1.0184,1.0199,1.0198,1.0190,1.0194,1.0194,1.0199,1.0199,1.0167,1.0155,1.0155,1.0181,1.0180,1.0154,1.0164,1.0164,1.0164,1.0197,1.0197,1.0198,0.9853,0.0140,1.0195,0.0140,1.0242,0.9762,0.0140,0.9932,0.0140
6.6726,1.0247,1.0246,1.0248,1.0246,1.0248,1.0246,1.0200,1.0200,1.0200,1.0200,1.0201,1.0201,1.0201,1.0200,1.0200,1.0196,1.0184,1.0184,1.0199,1.0198,1.0190,1.0194,1.0194,1.0199,1.0199,1.0167,1.0155,1.0155,1.0181,1.0180,1.0154,1.0164,1.0164,1.0164,1.0197,1.0197,1.0198,0.9853,0.0139,1.0195,0.0139,1.0242,0.9762,0.0139,0.9932,0.0139
6.6826,1.0247,1.0246,1.0248,1.0246,1.0248,1.0246,1.0200,1.0200,1.0200,1.0200,1.0201,1.0201,1.0201,1.0200,1.0200,1.0196,1.0184,1.0184,1.0199,1.0198,1.0190,1.0194,1.0194,1.0199,1.0199,1.0167,1.0155,1.0155,1.0181,1.0180,1.0154,1.0164,1.0164,1.0164,1.0197,1.0197,1.0198,0.9853,0.0138,1.0195,0.0138,1.0242,0.9762,0.0138,0.9932,0.0138
6.6926,1.0247,1.0246,1.0248,1.0246,1.0248,1.0246,1.0200,1.0200,1.0200,1.0200,1.0201,1.0201,1.0201,1.0200,1.0200,1.0196,1.0184,1.0184,1.0199,1.0198,1.0190,1.0194,1.0194,1.0199,1.0199,1.0167,1.0155,1.0155,1.0181,1.0180,1.0154,1.0164,1.0164,1.0164,1.0197,1.0197,1.0198,0.9853,0.0137,1.0195,0.0137,1.0242,0.9762,0.0137,0.9932,0.0137
6.7026,1.0247,1.0246,1.0248,1.0246,1.0248,1.0246,1.0200,1.0200,1.0200,1.0200,1.0201,1.0201,1.0201,1.0200,1.0200,1.0196,1.0184,1.0184,1.0199,1.0198,1.0190,1.0194,1.0194,1.0199,1.0199,1.0167,1.0155,1.0155,1.0181,1.0180,1.0154,1.0164,1.0164,1.0164,1.0197,1.0197,1.0198,0.9853,0.0136,1.0195,0.0136,1.0242,0.9762,0.0136,0.9932,0.0136
6.7126,1.0247,1.0246,1.0248,1.0246,1.0248,1.0246,1.0200,1.0200,1.0200,1.0200,1.0201,1.0201,1.0201,1.0200,1.0200,1.0196,1.0184,1.0184,1.0199,1.0198,1.0190,1.0194,1.0194,1.0199,1.0199,1.0167,1.0155,1.0155,1.0181,1.0180,1.0154,1.0164,1.0164,1.0164,1.0197,1.0197,1.0197,0.9853,0.0136,1.0195,0.0136,1.0242,0.9762,0.0136,0.9932,0.0136
6.7226,1.0247,1.0246,1.0248,1.0246,1.0248,1.0246,1.0200,1.0200,1.0200,1.0200,1.0201,1.0201,1.0201,1.0200,1.0200,1.0196,1.0184,1.0184,1.0199,1.0198,1.0190,1.0194,1.0194,1.0199,1.0199,1.0167,1.0155,1.0155,1.0181,1.0180,1.0154,1.0164,1.0164,1.0164,1.0197,1.0197,1.0197,0.9853,0.0135,1.0195,0.0135,1.0242,0.9762,0.0135,0.9932,0.0135
6.7326,1.0247,1.0246,1.0248,1.0246,1.0248,1.0246,1.0200,1.0200,1.0200,1.0200,1.0201,1.0201,1.0201,1.0200,1.0200,1.0196,1.0184,1.0184,1.0199,1.0198,1.0190,1.0194,1.0194,1.0199,1.0199,1.0167,1.0155,1.0155,1.0181,1.0180,1.0154,1.0164,1.0164,1.0164,1.0197,1.0197,1.0197,0.9853,0.0134,1.0195,0.0134,1.0242,0.9762,0.0134,0.9932,0.0134
6.7426,1.0247,1.0246,1.0248,1.0246,1.0248,1.0246,1.0200,1.0200,1.0200,1.0200,1.0201,1.0201,1.0201,1.0200,1.0200,1.0196,1.0184,1.0184,1.0199,1.0198,1.0190,1.0194,1.0194,1.0199,1.0199,1.0167,1.0155,1.0155,1.0181,1.0180,1.0154,1.0164,1.0164,1.0164,1.0197,1.0197,1.0197,0.9853,0.0133,1.0195,0.0133,1.0242,0.9762,0.0133,0.9932,0.0133
6.7526,1.0247,1.0246,1.0248,1.0246,1.0248,1.0246,1.0200,1.0200,1.0200,1.0200,1.0201,1.0201,1.0201,1.0200,1.0200,1.0196,1.0184,1.0184,1.0199,1.0198,1.0190,1.0194,1.0194,1.0199,1.0199,1.0167,1.0155,1.0155,1.0181,1.0180,1.0154,1.0164,1.0164,1.0164,1.0197,1.0197,1.0197,0.9853,0.0132,1.0195,0.0132,1.0242,0.9762,0.0132,0.9932,0.0132
6.7626,1.0247,1.0246,1.0248,1.0246,1.0248,1.0246,1.0200,1.0200,1.0200,1.0200,1.0201,1.0201,1.0201,1.0200,1.0200,1.0196,1.0184,1.0184,1.0199,1.0198,1.0190,1.0194,1.0194,1.0199,1.0199,1.0167,1.0155,1.0155,1.0181,1.0180,1.0154,1.0164,1.0164,1.0164,1.0197,1.0197,1.0197,0.9853,0.0131,1.0195,0.0131,1.0242,0.9762,0.0131,0.9932,0.0131
6.7726,1.0247,1.0246,1.0248,1.0246,1.0248,1.0246,1.0200,1.0200,1.0200,1.0200,1.0201,1.0201,1.0201,1.0200,1.0200,1.0196,1.0184,1.0184,1.0199,1.0198,1.0190,1.0194,1.0194,1.0199,1.0199,1.0167,1.0155,1.0155,1.0181,1.0180,1.0154,1.0164,1.0164,1.0164,1.0197,1.0197,1.0197,0.9853,0.0131,1.0195,0.0131,1.0242,0.9762,0.0131,0.9932,0.0131
6.7826,1.0247,1.0246,1.0248,1.0246,1.0248,1.0246,1.0200,1.0200,1.0200,1.0200,1.0201,1.0201,1.0201,1.0200,1.0200,1.0196,1.0184,1.0184,1.0199,1.0198,1.0190,1.0194,1.0194,1.0199,1.0199,1.0167,1.0155,1.0155,1.0181,1.0180,1.0154,1.0164,1.0164,1.0164,1.0197,1.0197,1.0197,0.9853,0.0130,1.0195,0.0130,1.0242,0.9762,0.0130,0.9932,0.0130
6.7926,1.0247,1.0246,1.0248,1.0246,1.0248,1.0246,1.0200,1.0200,1.0200,1.0200,1.0201,1.0201,1.0201,1.0200,1.0200,1.0196,1.0184,1.0184,1.0199,1.0198,1.0190,1.0194,1.0194,1.0199,1.0199,1.0167,1.0155,1.0155,1.0181,1.0180,1.0154,1.0164,1.0164,1.0164,1.0197,1.0197,1.0197,0.9853,0.0129,1.0195,0.0129,1.0242,0.9762,0.0129,0.9932,0.0129
6.8026,1.0247,1.0246,1.0248,1.0246,1.0248,1.0246,1.0200,1.0200,1.0200,1.0200,1.0201,1.0201,1.0201,1.0200,1.0200,1.0196,1.0184,1.0184,1.0199,1.0198,1.0190,1.0194,1.0194,1.0199,1.0199,1.0167,1.0155,1.0155,1.0181,1.0180,1.0154,1.0164,1.0164,1.0164,1.0197,1.0197,1.0197,0.9853,0.0128,1.0195,0.0128,1.0242,0.9762,0.0128,0.9932,0.0128
6.8126,1.0247,1.0246,1.0248,1.0246,1.0248,1.0246,1.0200,1.0200,1.0200,1.0200,1.0201,1.0201,1.0201,1.0200,1.0200,1.0196,1.0184,1.0184,1.0199,1.0198,1.0190,1.0194,1.0194,1.0199,1.0199,1.0167,1.0155,1.0155,1.0181,1.0180,1.0154,1.0164,1.0164,1.0164,1.0197,1.0197,1.0197,0.9853,0.0127,1.0195,0.0127,1.0242,0.9762,0.0127,0.9932,0.0127
6.8226,1.0247,1.0246,1.0248,1.0246,1.0248,1.0246,1.0200,1.0200,1.0200,1.0200,1.0201,1.0201,1.0201,1.0200,1.0200,1.0196,1.0184,1.0184,1.0199,1.0198,1.0190,1.0194,1.0194,1.0199,1.0199,1.0167,1.0155,1.0155,1.0181,1.0180,1.0154,1.0164,1.0164,1.0164,1.0197,1.0197,1.0197,0.9853,0.0127,1.0195,0.0127,1.0242,0.9762,0.0127,0.9932,0.0127
6.8326,1.0247,1.0246,1.0247,1.0246,1.0248,1.0246,1.0200,1.0200,1.0200,1.0200,1.0201,1.0201,1.0201,1.0200,1.0200,1.0196,1.0184,1.0184,1.0199,1.0198,1.0190,1.0194,1.0194,1.0199,1.0199,1.0167,1.0155,1.0155,1.0181,1.0180,1.0154,1.0164,1.0164,1.0164,1.0197,1.0197,1.0197,0.9853,0.0126,1.0195,0.0126,1.0242,0.9762,0.0126,0.9932,0.0126
6.8426,1.0247,1.0246,1.0247,1.0246,1.0248,1.0246,1.0200,1.0200,1.0200,1.0200,1.0201,1.0201,1.0201,1.0200,1.0200,1.0196,1.0184,1.0184,1.0199,1.0198,1.0190,1.0194,1.0194,1.0199,1.0199,1.0167,1.0155,1.0155,1.0181,1.0180,1.0154,1.0164,1.0164,1.0164,1.0197,1.0197,1.0197,0.9853,0.0125,1.0195,0.0125,1.0242,0.9762,0.0125,0.9932,0.0125
6.8526,1.0247,1.0246,1.0247,1.0246,1.0248,1.0246,1.0200,1.0200,1.0200,1.0200,1.0201,1.0201,1.0201,1.0200,1.0200,1.0196,1.0184,1.0184,1.0199,1.0198,1.0190,1.0194,1.0194,1.0199,1.0199,1.0167,1.0155,1.0155,1.0181,1.0180,1.0154,1.0164,1.0164,1.0164,1.0197,1.0197,1.0197,0.9853,0.0124,1.0195,0.0124,1.0242,0.9762,0.0124,0.9932,0.0124
6.8626,1.0247,1.0246,1.0247,1.0246,1.0248,1.0246,1.0200,1.0200,1.0200,1.0200,1.0201,1.0201,1.0201,1.0200,1.0200,1.0196,1.0184,1.0184,1.0199,1.0198,1.0190,1.0194,1.0194,1.0199,1.0199,1.0167,1.0155,1.0155,1.0181,1.0180,1.0154,1.0164,1.0164,1.0164,1.0197,1.0197,1.0197,0.9853,0.0123,1.0195,0.0123,1.0242,0.9762,0.0123,0.9932,0.0123
6.8726,1.0247,1.0246,1.0247,1.0246,1.0248,1.0246,1.0200,1.0200,1.0200,1.0200,1.0201,1.0201,1.0201,1.0200,1.0200,1.0196,1.0184,1.0184,1.0199,1.0198,1.0190,1.0194,1.0194,1.0199,1.0199,1.0167,1.0155,1.0155,1.0181,1.0180,1.0154,1.0164,1.0164,1.0164,1.0197,1.0197,1.0197,0.9853,0.0123,1.0195,0.0123,1.0242,0.9762,0.0123,0.9932,0.0123
6.8826,1.0247,1.0246,1.0247,1.0246,1.0248,1.0246,1.0200,1.0200,1.0200,1.0200,1.0201,1.0201,1.0201,1.0200,1.0200,1.0196,1.0184,1.0184,1.0199,1.0198,1.0190,1.0194,1.0194,1.0199,1.0199,1.0167,1.0155,1.0155,1.0181,1.0180,1.0154,1.0164,1.0164,1.0164,1.0197,1.0197,1.0197,0.9853,0.0122,1.0195,0.0122,1.0242,0.9762,0.0122,0.9932,0.0122
6.8926,1.0247,1.0246,1.0247,1.0246,1.0248,1.0246,1.0200,1.0200,1.0200,1.0200,1.0201,1.0201,1.0201,1.0200,1.0200,1.0196,1.0184,1.0184,1.0199,1.0198,1.0190,1.0194,1.0194,1.0199,1.0199,1.0167,1.0155,1.0155,1.0181,1.0180,1.0154,1.0164,1.0164,1.0164,1.0197,1.0197,1.0197,0.9853,0.0121,1.0195,0.0121,1.0242,0.9762,0.0121,0.9932,0.0121
6.9026,1.0247,1.0246,1.0247,1.0246,1.0248,1.0246,1.0200,1.0200,1.0200,1.0200,1.0201,1.0201,1.0201,1.0200,1.0200,1.0196,1.0184,1.0184,1.0199,1.0198,1.0190,1.0194,1.0194,1.0199,1.0199,1.0167,1.0155,1.0155,1.0181,1.0180,1.0154,1.0164,1.0164,1.0164,1.0197,1.0197,1.0197,0.9853,0.0120,1.0195,0.0120,1.0242,0.9762,0.0120,0.9932,0.0120
6.9126,1.0247,1.0246,1.0247,1.0246,1.0248,1.0246,1.0200,1.0200,1.0200,1.0200,1.0201,1.0201,1.0201,1.0200,1.0200,1.0196,1.0184,1.0184,1.0199,1.0198,1.0190,1.0194,1.0194,1.0199,1.0199,1.0167,1.0155,1.0155,1.0181,1.0180,1.0154,1.0164,1.0164,1.0164,1.0197,1.0197,1.0197,0.9853,0.0120,1.0194,0.0120,1.0242,0.9762,0.0120,0.9932,0.0120
6.9226,1.0247,1.0246,1.0247,1.0246,1.0248,1.0246,1.0200,1.0200,1.0200,1.0200,1.0201,1.0201,1.0201,1.0200,1.0200,1.0196,1.0184,1.0184,1.0199,1.0198,1.0190,1.0194,1.0194,1.0199,1.0199,1.0167,1.0155,1.0155,1.0181,1.0180,1.0154,1.0164,1.0164,1.0164,1.0197,1.0197,1.0197,0.9853,0.0119,1.0194,0.0119,1.0242,0.9762,0.0119,0.9932,0.0119
6.9326,1.0247,1.0246,1.0247,1.0246,1.0248,1.0246,1.0200,1.0200,1.0200,1.0200,1.0201,1.0201,1.0201,1.0200,1.0199,1.0196,1.0184,1.0184,1.0199,1.0198,1.0190,1.0194,1.0194,1.0199,1.0199,1.0167,1.0155,1.0155,1.0181,1.0180,1.0154,1.0164,1.0164,1.0164,1.0197,1.0197,1.0197,0.9853,0.0118,1.0194,0.0118,1.0242,0.9762,0.0118,0.9932,0.0118
6.9426,1.0247,1.0246,1.0247,1.0246,1.0248,1.0246,1.0200,1.0200,1.0200,1.0200,1.0201,1.0201,1.0201,1.0200,1.0199,1.0196,1.0184,1.0184,1.0199,1.0198,1.0190,1.0194,1.0194,1.0199,1.0199,1.0167,1.0155,1.0155,1.0181,1.0180,1.0154,1.0164,1.0164,1.0164,1.0197,1.0197,1.0197,0.9853,0.0117,1.0194,0.0117,1.0242,0.9762,0.0117,0.9932,0.0117
6.9526,1.0247,1.0246,1.0247,1.0246,1.0248,1.0246,1.0200,1.0199,1.0200,1.0200,1.0201,1.0201,1.0201,1.0199,1.0199,1.0196,1.0184,1.0184,1.0199,1.0198,1.0190,1.0194,1.0194,1.0199,1.0199,1.0167,1.0155,1.0155,1.0181,1.0180,1.0154,1.0164,1.0164,1.0164,1.0197,1.0197,1.0197,0.9853,0.0117,1.0194,0.0117,1.0242,0.9762,0.0117,0.9932,0.0117
6.9626,1.0247,1.0246,1.0247,1.0246,1.0248,1.0246,1.0200,1.0199,1.0200,1.0200,1.0201,1.0201,1.0201,1.0199,1.0199,1.0196,1.0184,1.0184,1.0199,1.0198,1.0190,1.0194,1.0194,1.0199,1.0199,1.0167,1.0155,1.0155,1.0181,1.0180,1.0154,1.0164,1.0164,1.0164,1.0197,1.0197,1.0197,0.9853,0.0116,1.0194,0.0116,1.0242,0.9762,0.0116,0.9932,0.0116
6.9726,1.0247,1.0246,1.0247,1.0246,1.0247,1.0246,1.0199,1.0199,1.0200,1.0200,1.0201,1.0201,1.0201,1.0199,1.0199,1.0196,1.0184,1.0184,1.0199,1.0198,1.0190,1.0194,1.0194,1.0199,1.0199,1.0167,1.0155,1.0155,1.0181,1.0180,1.0154,1.0164,1.0164,1.0164,1.0197,1.0197,1.0197,0.9852,0.0115,1.0194,0.0115,1.0242,0.9762,0.0115,0.9932,0.0115
6.9826,1.0247,1.0246,1.0247,1.0246,1.0247,1.0246,1.0199,1.0199,1.0200,1.0200,1.0201,1.0201,1.0201,1.0199,1.0199,1.0196,1.0184,1.0184,1.0199,1.0198,1.0190,1.0194,1.0194,1.0199,1.0199,1.0167,1.0155,1.0155,1.0181,1.0180,1.0154,1.0164,1.0164,1.0164,1.0197,1.0197,1.0197,0.9852,0.0115,1.0194,0.0115,1.0242,0.9762,0.0114,0.9932,0.0115
6.9926,1.0247,1.0246,1.0247,1.0246,1.0247,1.0246,1.0199,1.0199,1.0200,1.0200,1.0201,1.0201,1.0201,1.0199,1.0199,1.0196,1.0184,1.0184,1.0199,1.0198,1.0190,1.0194,1.0194,1.0199,1.0199,1.0167,1.0155,1.0155,1.0181,1.0180,1.0154,1.0164,1.0164,1.0164,1.0197,1.0197,1.0197,0.9852,0.0114,1.0194,0.0114,1.0242,0.9762,0.0114,0.9932,0.0114
7.0026,1.0247,1.0246,1.0247,1.0246,1.0247,1.0246,1.0199,1.0199,1.0200,1.0200,1.0201,1.0201,1.0201,1.0199,1.0199,1.0196,1.0184,1.0184,1.0199,1.0198,1.0190,1.0194,1.0194,1.0199,1.0199,1.0167,1.0155,1.0155,1.0181,1.0180,1.0154,1.0164,1.0164,1.0164,1.0197,1.0197,1.0197,0.9852,0.0113,1.0194,0.0113,1.0242,0.9762,0.0113,0.9932,0.0113
7.0126,1.0247,1.0246,1.0247,1.0246,1.0247,1.0246,1.0199,1.0199,1.0200,1.0200,1.0201,1.0201,1.0201,1.0199,1.0199,1.0196,1.0184,1.0184,1.0199,1.0198,1.0190,1.0194,1.0194,1.0199,1.0199,1.0167,1.0155,1.0155,1.0181,1.0180,1.0154,1.0164,1.0164,1.0164,1.0197,1.0197,1.0197,0.9852,0.0112,1.0194,0.0112,1.0242,0.9762,0.0112,0.9932,0.0112
7.0226,1.0247,1.0246,1.0247,1.0246,1.0247,1.0246,1.0199,1.0199,1.0200,1.0200,1.0201,1.0201,1.0201,1.0199,1.0199,1.0196,1.0184,1.0184,1.0199,1.0198,1.0190,1.0194,1.0194,1.0199,1.0199,1.0167,1.0155,1.0155,1.0181,1.0180,1.0154,1.0164,1.0164,1.0164,1.0197,1.0197,1.0197,0.9852,0.0112,1.0194,0.0112,1.0242,0.9762,0.0112,0.9932,0.0112
7.0326,1.0247,1.0246,1.0247,1.0246,1.0247,1.0246,1.0199,1.0199,1.0199,1.0199,1.0201,1.0201,1.0201,1.0199,1.0199,1.0196,1.0184,1.0184,1.0199,1.0198,1.0190,1.0194,1.0194,1.0199,1.0199,1.0167,1.0155,1.0155,1.0181,1.0180,1.0154,1.0164,1.0164,1.0164,1.0197,1.0197,1.0197,0.9852,0.0111,1.0194,0.0111,1.0242,0.9762,0.0111,0.9932,0.0111
7.0426,1.0247,1.0246,1.0247,1.0246,1.0247,1.0246,1.0199,1.0199,1.0199,1.0199,1.0201,1.0201,1.0201,1.0199,1.0199,1.0196,1.0184,1.0184,1.0199,1.0198,1.0190,1.0194,1.0194,1.0199,1.0199,1.0167,1.0155,1.0155,1.0181,1.0180,1.0154,1.0164,1.0164,1.0164,1.0197,1.0197,1.0197,0.9852,0.0110,1.0194,0.0110,1.0242,0.9762,0.0110,0.9932,0.0110
7.0526,1.0247,1.0246,1.0247,1.0246,1.0247,1.0246,1.0199,1.0199,1.0199,1.0199,1.0201,1.0201,1.0201,1.0199,1.0199,1.0196,1.0184,1.0184,1.0199,1.0198,1.0190,1.0194,1.0194,1.0199,1.0199,1.0167,1.0155,1.0155,1.0181,1.0180,1.0154,1.0164,1.0164,1.0164,1.0197,1.0197,1.0197,0.9852,0.0110,1.0194,0.0110,1.0242,0.9762,0.0110,0.9932,0.0110
7.0626,1.0247,1.0246,1.0247,1.0246,1.0247,1.0246,1.0199,1.0199,1.0199,1.0199,1.0201,1.0201,1.0201,1.0199,1.0199,1.0196,1.0184,1.0184,1.0199,1.0198,1.0190,1.0194,1.0194,1.0199,1.0199,1.0167,1.0155,1.0155,1.0181,1.0180,1.0154,1.0164,1.0164,1.0164,1.0197,1.0197,1.0197,0.9852,0.0109,1.0194,0.0109,1.0242,0.9762,0.0109,0.9932,0.0109
7.0726,1.0247,1.0246,1.0247,1.0246,1.0247,1.0246,1.0199,1.0199,1.0199,1.0199,1.0201,1.0201,1.0201,1.0199,1.0199,1.0196,1.0184,1.0184,1.0199,1.0198,1.0190,1.0194,1.0194,1.0199,1.0199,1.0167,1.0155,1.0155,1.0181,1.0180,1.0154,1.0164,1.0164,1.0164,1.0197,1.0197,1.0197,0.9852,0.0108,1.0194,0.0108,1.0242,0.9762,0.0108,0.9932,0.0108
7.0826,1.0247,1.0246,1.0247,1.0246,1.0247,1.0246,1.0199,1.0199,1.0199,1.0199,1.0201,1.0201,1.0201,1.0199,1.0199,1.0196,1.0184,1.0184,1.0199,1.0198,1.0190,1.0194,1.0194,1.0199,1.0199,1.0167,1.0155,1.0155,1.0181,1.0180,1.0154,1.0164,1.0164,1.0164,1.0197,1.0197,1.0197,0.9852,0.0108,1.0194,0.0108,1.0242,0.9762,0.0108,0.9932,0.0108
7.0926,1.0247,1.0246,1.0247,1.0246,1.0247,1.0246,1.0199,1.0199,1.0199,1.0199,1.0201,1.0201,1.0201,1.0199,1.0199,1.0196,1.0184,1.0184,1.0199,1.0198,1.0190,1.0194,1.0194,1.0199,1.0199,1.0167,1.0155,1.0155,1.0181,1.0180,1.0154,1.0164,1.0164,1.0164,1.0197,1.0197,1.0197,0.9852,0.0107,1.0194,0.0107,1.0242,0.9762,0.0107,0.9932,0.0107
7.1026,1.0247,1.0246,1.0247,1.0246,1.0247,1.0246,1.0199,1.0199,1.0199,1.0199,1.0201,1.0201,1.0201,1.0199,1.0199,1.0196,1.0184,1.0184,1.0199,1.0198,1.0190,1.0194,1.0194,1.0199,1.0199,1.0167,1.0155,1.0155,1.0181,1.0180,1.0154,1.0164,1.0164,1.0164,1.0197,1.0197,1.0197,0.9852,0.0106,1.0194,0.0106,1.0242,0.9762,0.0106,0.9932,0.0106
7.1126,1.0247,1.0246,1.0247,1.0246,1.0247,1.0246,1.0199,1.0199,1.0199,1.0199,1.0201,1.0201,1.0201,1.0199,1.0199,1.0196,1.0184,1.0184,1.0199,1.0198,1.0190,1.0194,1.0194,1.0199,1.0199,1.0167,1.0155,1.0155,1.0181,1.0180,1.0154,1.0164,1.0164,1.0164,1.0197,1.0197,1.0197,0.9852,0.0106,1.0194,0.0106,1.0242,0.9762,0.0106,0.9932,0.0106
7.1226,1.0247,1.0246,1.0247,1.0246,1.0247,1.0246,1.0199,1.0199,1.0199,1.0199,1.0201,1.0201,1.0201,1.0199,1.0199,1.0196,1.0184,1.0184,1.0199,1.0198,1.0190,1.0194,1.0194,1.0199,1.0199,1.0167,1.0155,1.0155,1.0181,1.0180,1.0154,1.0164,1.0164,1.0164,1.0197,1.0197,1.0197,0.9852,0.0105,1.0194,0.0105,1.0242,0.9762,0.0105,0.9932,0.0105
7.1326,1.0247,1.0246,1.0247,1.0246,1.0247,1.0246,1.0199,1.0199,1.0199,1.0199,1.0201,1.0201,1.0201,1.0199,1.0199,1.0196,1.0184,1.0184,1.0199,1.0198,1.0190,1.0194,1.0194,1.0199,1.0199,1.0167,1.0155,1.0155,1.0181,1.0180,1.0154,1.0164,1.0164,1.0164,1.0197,1.0197,1.0197,0.9852,0.0104,1.0194,0.0104,1.0242,0.9762,0.0104,0.9932,0.0104
7.1426,1.0247,1.0246,1.0247,1.0246,1.0247,1.0246,1.0199,1.0199,1.0199,1.0199,1.0201,1.0201,1.0201,1.0199,1.0199,1.0196,1.0184,1.0184,1.0199,1.0198,1.0190,1.0194,1.0194,1.0199,1.0199,1.0167,1.0155,1.0155,1.0181,1.0180,1.0154,1.0164,1.0164,1.0164,1.0197,1.0197,1.0197,0.9852,0.0104,1.0194,0.0104,1.0242,0.9762,0.0104,0.9932,0.0104
7.1526,1.0247,1.0246,1.0247,1.0246,1.0247,1.0246,1.0199,1.0199,1.0199,1.0199,1.0201,1.0201,1.0201,1.0199,1.0199,1.0196,1.0184,1.0184,1.0199,1.0198,1.0190,1.0194,1.0194,1.0199,1.0199,1.0167,1.0155,1.0155,1.0181,1.0180,1.0154,1.0164,1.0164,1.0164,1.0197,1.0197,1.0197,0.9852,0.0103,1.0194,0.0103,1.0242,0.9762,0.0103,0.9932,0.0103
7.1626,1.0247,1.0246,1.0247,1.0246,1.0247,1.0246,1.0199,1.0199,1.0199,1.0199,1.0201,1.0201,1.0201,1.0199,1.0199,1.0196,1.0184,1.0184,1.0199,1.0198,1.0190,1.0194,1.0194,1.0199,1.0199,1.0167,1.0155,1.0155,1.0181,1.0180,1.0154,1.0164,1.0164,1.0164,1.0197,1.0197,1.0197,0.9852,0.0102,1.0194,0.0102,1.0242,0.9762,0.0102,0.9932,0.0102
7.1726,1.0247,1.0246,1.0247,1.0246,1.0247,1.0246,1.0199,1.0199,1.0199,1.0199,1.0201,1.0201,1.0201,1.0199,1.0199,1.0196,1.0184,1.0184,1.0199,1.0198,1.0190,1.0194,1.0194,1.0199,1.0199,1.0167,1.0155,1.0155,1.0181,1.0180,1.0154,1.0164,1.0164,1.0164,1.0197,1.0197,1.0197,0.9852,0.0102,1.0194,0.0102,1.0242,0.9762,0.0102,0.9932,0.0102
7.1826,1.0247,1.0246,1.0247,1.0246,1.0247,1.0246,1.0199,1.0199,1.0199,1.0199,1.0201,1.0201,1.0201,1.0199,1.0199,1.0196,1.0184,1.0184,1.0199,1.0198,1.0190,1.0194,1.0194,1.0199,1.0199,1.0167,1.0155,1.0155,1.0181,1.0180,1.0154,1.0164,1.0164,1.0164,1.0197,1.0197,1.0197,0.9852,0.0101,1.0194,0.0101,1.0242,0.9762,0.0101,0.9932,0.0101
7.1926,1.0247,1.0246,1.0247,1.0246,1.0247,1.0246,1.0199,1.0199,1.0199,1.0199,1.0201,1.0201,1.0201,1.0199,1.0199,1.0196,1.0184,1.0184,1.0199,1.0198,1.0190,1.0194,1.0194,1.0199,1.0199,1.0167,1.0155,1.0155,1.0181,1.0180,1.0154,1.0164,1.0164,1.0164,1.0197,1.0197,1.0197,0.9852,0.0100,1.0194,0.0100,1.0242,0.9762,0.0100,0.9932,0.0100
7.2026,1.0247,1.0246,1.0247,1.0246,1.0247,1.0246,1.0199,1.0199,1.0199,1.0199,1.0201,1.0201,1.0201,1.0199,1.0199,1.0196,1.0184,1.0184,1.0199,1.0198,1.0190,1.0194,1.0194,1.0199,1.0199,1.0167,1.0155,1.0155,1.0181,1.0180,1.0154,1.0164,1.0164,1.0164,1.0197,1.0197,1.0197,0.9852,0.0100,1.0194,0.0100,1.0241,0.9762,0.0100,0.9932,0.0100
7.2126,1.0247,1.0246,1.0247,1.0246,1.0247,1.0246,1.0199,1.0199,1.0199,1.0199,1.0201,1.0201,1.0201,1.0199,1.0199,1.0196,1.0184,1.0184,1.0199,1.0198,1.0190,1.0194,1.0194,1.0199,1.0199,1.0167,1.0155,1.0155,1.0181,1.0180,1.0154,1.0164,1.0164,1.0164,1.0197,1.0197,1.0197,0.9852,0.0099,1.0194,0.0099,1.0241,0.9762,0.0099,0.9932,0.0099
7.2226,1.0247,1.0246,1.0247,1.0246,1.0247,1.0246,1.0199,1.0199,1.0199,1.0199,1.0201,1.0201,1.0201,1.0199,1.0199,1.0196,1.0184,1.0184,1.0199,1.0198,1.0190,1.0194,1.0194,1.0199,1.0199,1.0167,1.0155,1.0155,1.0181,1.0180,1.0154,1.0164,1.0164,1.0164,1.0197,1.0197,1.0197,0.9852,0.0099,1.0194,0.0099,1.0241,0.9762,0.0099,0.9932,0.0099
7.2326,1.0247,1.0246,1.0247,1.0246,1.0247,1.0246,1.0199,1.0199,1.0199,1.0199,1.0201,1.0201,1.0201,1.0199,1.0199,1.0196,1.0184,1.0184,1.0199,1.0198,1.0190,1.0194,1.0194,1.0199,1.0199,1.0167,1.0155,1.0155,1.0181,1.0180,1.0154,1.0164,1.0164,1.0164,1.0197,1.0197,1.0197,0.9852,0.0098,1.0194,0.0098,1.0241,0.9762,0.0098,0.9932,0.0098
7.2426,1.0247,1.0246,1.0247,1.0246,1.0247,1.0246,1.0199,1.0199,1.0199,1.0199,1.0201,1.0201,1.0201,1.0199,1.0199,1.0196,1.0184,1.0184,1.0199,1.0198,1.0190,1.0194,1.0194,1.0199,1.0199,1.0167,1.0155,1.0155,1.0181,1.0180,1.0154,1.0164,1.0164,1.0164,1.0197,1.0197,1.0197,0.9852,0.0097,1.0194,0.0097,1.0241,0.9762,0.0097,0.9932,0.0097
7.2526,1.0247,1.0246,1.0247,1.0246,1.0247,1.0246,1.0199,1.0199,1.0199,1.0199,1.0201,1.0201,1.0201,1.0199,1.0199,1.0196,1.0184,1.0184,1.0199,1.0198,1.0190,1.0194,1.0194,1.0199,1.0199,1.0167,1.0155,1.0155,1.0181,1.0180,1.0154,1.0164,1.0164,1.0164,1.0197,1.0197,1.0197,0.9852,0.0097,1.0194,0.0097,1.0241,0.9762,0.0097,0.9932,0.0097
7.2626,1.0247,1.0246,1.0247,1.0246,1.0247,1.0246,1.0199,1.0199,1.0199,1.0199,1.0201,1.0201,1.0201,1.0199,1.0199,1.0196,1.0184,1.0184,1.0199,1.0198,1.0190,1.0194,1.0194,1.0199,1.0199,1.0167,1.0155,1.0155,1.0181,1.0180,1.0154,1.0164,1.0164,1.0164,1.0197,1.0197,1.0197,0.9852,0.0096,1.0194,0.0096,1.0241,0.9762,0.0096,0.9932,0.0096
7.2726,1.0247,1.0246,1.0247,1.0246,1.0247,1.0246,1.0199,1.0199,1.0199,1.0199,1.0201,1.0201,1.0201,1.0199,1.0199,1.0196,1.0184,1.0184,1.0199,1.0198,1.0190,1.0194,1.0194,1.0199,1.0199,1.0167,1.0155,1.0155,1.0181,1.0180,1.0154,1.0164,1.0164,1.0164,1.0197,1.0197,1.0197,0.9852,0.0096,1.0194,0.0096,1.0241,0.9762,0.0096,0.9932,0.0096
7.2826,1.0247,1.0246,1.0247,1.0246,1.0247,1.0246,1.0199,1.0199,1.0199,1.0199,1.0201,1.0201,1.0201,1.0199,1.0199,1.0196,1.0184,1.0184,1.0199,1.0198,1.0190,1.0194,1.0194,1.0199,1.0199,1.0167,1.0155,1.0155,1.0181,1.0180,1.0154,1.0164,1.0164,1.0164,1.0197,1.0197,1.0197,0.9852,0.0095,1.0194,0.0095,1.0241,0.9762,0.0095,0.9932,0.0095
7.2926,1.0247,1.0246,1.0247,1.0246,1.0247,1.0246,1.0199,1.0199,1.0199,1.0199,1.0201,1.0201,1.0201,1.0199,1.0199,1.0196,1.0184,1.0184,1.0199,1.0198,1.0190,1.0194,1.0194,1.0199,1.0199,1.0167,1.0155,1.0155,1.0181,1.0180,1.0154,1.0164,1.0164,1.0164,1.0197,1.0197,1.0197,0.9852,0.0094,1.0194,0.0094,1.0241,0.9762,0.0094,0.9932,0.0094
7.3026,1.0247,1.0246,1.0247,1.0246,1.0247,1.0246,1.0199,1.0199,1.0199,1.0199,1.0201,1.0201,1.0201,1.0199,1.0199,1.0196,1.0184,1.0184,1.0199,1.0198,1.0190,1.0194,1.0194,1.0199,1.0199,1.0167,1.0155,1.0155,1.0181,1.0180,1.0154,1.0164,1.0164,1.0164,1.0197,1.0197,1.0197,0.9852,0.0094,1.0194,0.0094,1.0241,0.9762,0.0094,0.9932,0.0094
7.3126,1.0247,1.0246,1.0247,1.0246,1.0247,1.0246,1.0199,1.0199,1.0199,1.0199,1.0201,1.0201,1.0201,1.0199,1.0199,1.0196,1.0184,1.0184,1.0199,1.0198,1.0190,1.0194,1.0194,1.0199,1.0199,1.0167,1.0155,1.0155,1.0181,1.0180,1.0154,1.0164,1.0164,1.0164,1.0197,1.0197,1.0197,0.9852,0.0093,1.0194,0.0093,1.0241,0.9762,0.0093,0.9932,0.0093
7.3226,1.0247,1.0246,1.0247,1.0246,1.0247,1.0246,1.0199,1.0199,1.0199,1.0199,1.0201,1.0201,1.0201,1.0199,1.0199,1.0196,1.0184,1.0184,1.0199,1.0198,1.0190,1.0194,1.0194,1.0199,1.0199,1.0167,1.0155,1.0155,1.0181,1.0180,1.0154,1.0164,1.0164,1.0164,1.0197,1.0197,1.0197,0.9852,0.0093,1.0194,0.0093,1.0241,0.9762,0.0093,0.9932,0.0093
7.3326,1.0247,1.0246,1.0247,1.0246,1.0247,1.0246,1.0199,1.0199,1.0199,1.0199,1.0201,1.0201,1.0201,1.0199,1.0199,1.0196,1.0184,1.0184,1.0199,1.0198,1.0190,1.0194,1.0194,1.0199,1.0199,1.0167,1.0155,1.0155,1.0181,1.0180,1.0154,1.0164,1.0164,1.0164,1.0197,1.0197,1.0197,0.9852,0.0092,1.0194,0.0092,1.0241,0.9762,0.0092,0.9932,0.0092
7.3426,1.0247,1.0246,1.0247,1.0246,1.0247,1.0246,1.0199,1.0199,1.0199,1.0199,1.0201,1.0201,1.0201,1.0199,1.0199,1.0196,1.0184,1.0184,1.0199,1.0198,1.0190,1.0194,1.0194,1.0199,1.0199,1.0167,1.0155,1.0155,1.0181,1.0180,1.0154,1.0164,1.0164,1.0164,1.0197,1.0197,1.0197,0.9852,0.0092,1.0194,0.0092,1.0241,0.9762,0.0092,0.9932,0.0092
7.3526,1.0247,1.0246,1.0247,1.0246,1.0247,1.0246,1.0199,1.0199,1.0199,1.0199,1.0201,1.0201,1.0201,1.0199,1.0199,1.0196,1.0184,1.0184,1.0199,1.0198,1.0190,1.0194,1.0194,1.0199,1.0199,1.0167,1.0155,1.0155,1.0181,1.0180,1.0154,1.0164,1.0164,1.0164,1.0197,1.0197,1.0197,0.9852,0.0091,1.0194,0.0091,1.0241,0.9762,0.0091,0.9932,0.0091
7.3626,1.0247,1.0246,1.0247,1.0246,1.0247,1.0246,1.0199,1.0199,1.0199,1.0199,1.0201,1.0201,1.0201,1.0199,1.0199,1.0196,1.0184,1.0184,1.0199,1.0198,1.0190,1.0194,1.0194,1.0199,1.0199,1.0167,1.0155,1.0155,1.0181,1.0180,1.0154,1.0164,1.0164,1.0164,1.0197,1.0197,1.0197,0.9852,0.0090,1.0194,0.0090,1.0241,0.9762,0.0090,0.9932,0.0090
7.3726,1.0247,1.0246,1.0247,1.0246,1.0247,1.0246,1.0199,1.0199,1.0199,1.0199,1.0201,1.0201,1.0201,1.0199,1.0199,1.0196,1.0184,1.0184,1.0199,1.0198,1.0190,1.0194,1.0194,1.0199,1.0199,1.0167,1.0155,1.0155,1.0181,1.0180,1.0154,1.0164,1.0164,1.0164,1.0197,1.0197,1.0197,0.9852,0.0090,1.0194,0.0090,1.0241,0.9762,0.0090,0.9932,0.0090
7.3826,1.0247,1.0246,1.0247,1.0246,1.0247,1.0246,1.0199,1.0199,1.0199,1.0199,1.0201,1.0201,1.0201,1.0199,1.0199,1.0196,1.0184,1.0184,1.0199,1.0198,1.0190,1.0194,1.0194,1.0199,1.0199,1.0167,1.0155,1.0155,1.0181,1.0180,1.0154,1.0164,1.0164,1.0164,1.0197,1.0197,1.0197,0.9852,0.0089,1.0194,0.0089,1.0241,0.9762,0.0089,0.9932,0.0089
7.3926,1.0247,1.0246,1.0247,1.0246,1.0247,1.0246,1.0199,1.0199,1.0199,1.0199,1.0201,1.0201,1.0201,1.0199,1.0199,1.0196,1.0184,1.0184,1.0199,1.0198,1.0190,1.0194,1.0194,1.0199,1.0199,1.0167,1.0155,1.0155,1.0181,1.0180,1.0154,1.0164,1.0164,1.0164,1.0197,1.0197,1.0197,0.9852,0.0089,1.0194,0.0089,1.0241,0.9762,0.0089,0.9932,0.0089
7.4026,1.0247,1.0246,1.0247,1.0246,1.0247,1.0246,1.0199,1.0199,1.0199,1.0199,1.0201,1.0201,1.0201,1.0199,1.0199,1.0196,1.0184,1.0184,1.0199,1.0198,1.0190,1.0194,1.0194,1.0199,1.0199,1.0167,1.0155,1.0155,1.0181,1.0180,1.0154,1.0164,1.0164,1.0164,1.0197,1.0197,1.0197,0.9852,0.0088,1.0194,0.0088,1.0241,0.9762,0.0088,0.9932,0.0088
7.4126,1.0247,1.0246,1.0247,1.0246,1.0247,1.0246,1.0199,1.0199,1.0199,1.0199,1.0201,1.0201,1.0201,1.0199,1.0199,1.0196,1.0184,1.0184,1.0199,1.0198,1.0190,1.0194,1.0194,1.0199,1.0199,1.0167,1.0155,1.0155,1.0181,1.0180,1.0154,1.0164,1.0164,1.0164,1.0197,1.0197,1.0197,0.9852,0.0088,1.0194,0.0088,1.0241,0.9762,0.0088,0.9932,0.0088
7.4226,1.0247,1.0246,1.0247,1.0246,1.0247,1.0246,1.0199,1.0199,1.0199,1.0199,1.0201,1.0201,1.0201,1.0199,1.0199,1.0196,1.0184,1.0184,1.0199,1.0198,1.0190,1.0194,1.0194,1.0199,1.0199,1.0167,1.0155,1.0155,1.0181,1.0180,1.0154,1.0164,1.0164,1.0164,1.0197,1.0197,1.0197,0.9852,0.0087,1.0194,0.0087,1.0241,0.9762,0.0087,0.9932,0.0087
7.4326,1.0247,1.0246,1.0247,1.0246,1.0247,1.0246,1.0199,1.0199,1.0199,1.0199,1.0201,1.0201,1.0201,1.0199,1.0199,1.0196,1.0184,1.0184,1.0199,1.0198,1.0190,1.0194,1.0194,1.0199,1.0199,1.0167,1.0155,1.0155,1.0181,1.0180,1.0154,1.0164,1.0164,1.0164,1.0197,1.0197,1.0197,0.9852,0.0087,1.0194,0.0087,1.0241,0.9762,0.0087,0.9932,0.0087
7.4426,1.0247,1.0246,1.0247,1.0246,1.0247,1.0246,1.0199,1.0199,1.0199,1.0199,1.0201,1.0201,1.0201,1.0199,1.0199,1.0196,1.0184,1.0184,1.0199,1.0198,1.0190,1.0194,1.0194,1.0199,1.0199,1.0167,1.0155,1.0155,1.0181,1.0180,1.0154,1.0164,1.0164,1.0164,1.0197,1.0197,1.0197,0.9852,0.0086,1.0194,0.0086,1.0241,0.9762,0.0086,0.9932,0.0086
7.4526,1.0247,1.0246,1.0247,1.0246,1.0247,1.0246,1.0199,1.0199,1.0199,1.0199,1.0201,1.0201,1.0201,1.0199,1.0199,1.0196,1.0184,1.0184,1.0199,1.0198,1.0190,1.0194,1.0194,1.0199,1.0199,1.0167,1.0155,1.0155,1.0181,1.0180,1.0154,1.0164,1.0164,1.0164,1.0197,1.0197,1.0197,0.9852,0.0086,1.0194,0.0086,1.0241,0.9762,0.0086,0.9932,0.0086
7.4626,1.0247,1.0246,1.0247,1.0246,1.0247,1.0246,1.0199,1.0199,1.0199,1.0199,1.0201,1.0201,1.0201,1.0199,1.0199,1.0196,1.0184,1.0184,1.0199,1.0198,1.0190,1.0194,1.0194,1.0199,1.0199,1.0167,1.0155,1.0155,1.0181,1.0180,1.0154,1.0164,1.0164,1.0164,1.0197,1.0197,1.0197,0.9852,0.0085,1.0194,0.0085,1.0241,0.9762,0.0085,0.9932,0.0085
7.4726,1.0247,1.0246,1.0247,1.0246,1.0247,1.0246,1.0199,1.0199,1.0199,1.0199,1.0201,1.0201,1.0201,1.0199,1.0199,1.0196,1.0184,1.0184,1.0199,1.0198,1.0190,1.0194,1.0194,1.0199,1.0199,1.0167,1.0155,1.0155,1.0181,1.0180,1.0154,1.0164,1.0164,1.0164,1.0197,1.0197,1.0197,0.9852,0.0084,1.0194,0.0085,1.0241,0.9762,0.0084,0.9932,0.0085
7.4826,1.0247,1.0246,1.0247,1.0246,1.0247,1.0246,1.0199,1.0199,1.0199,1.0199,1.0201,1.0201,1.0201,1.0199,1.0199,1.0196,1.0184,1.0184,1.0199,1.0198,1.0190,1.0194,1.0194,1.0199,1.0199,1.0167,1.0155,1.0155,1.0181,1.0180,1.0154,1.0164,1.0164,1.0164,1.0197,1.0197,1.0197,0.9852,0.0084,1.0194,0.0084,1.0241,0.9762,0.0084,0.9932,0.0084
7.4926,1.0247,1.0246,1.0247,1.0246,1.0247,1.0246,1.0199,1.0199,1.0199,1.0199,1.0201,1.0201,1.0201,1.0199,1.0199,1.0196,1.0184,1.0184,1.0199,1.0198,1.0190,1.0194,1.0194,1.0199,1.0199,1.0167,1.0155,1.0155,1.0181,1.0180,1.0154,1.0164,1.0164,1.0164,1.0197,1.0197,1.0197,0.9852,0.0083,1.0194,0.0083,1.0241,0.9762,0.0083,0.9932,0.0083
7.5026,1.0247,1.0246,1.0247,1.0246,1.0247,1.0246,1.0199,1.0199,1.0199,1.0199,1.0201,1.0201,1.0201,1.0199,1.0199,1.0196,1.0184,1.0184,1.0199,1.0198,1.0190,1.0194,1.0194,1.0199,1.0199,1.0167,1.0155,1.0155,1.0181,1.0180,1.0154,1.0164,1.0164,1.0164,1.0197,1.0197,1.0197,0.9852,0.0083,1.0194,0.0083,1.0241,0.9762,0.0083,0.9932,0.0083
7.5126,1.0247,1.0246,1.0247,1.0246,1.0247,1.0246,1.0199,1.0199,1.0199,1.0199,1.0201,1.0201,1.0201,1.0199,1.0199,1.0196,1.0184,1.0184,1.0199,1.0198,1.0190,1.0194,1.0194,1.0199,1.0199,1.0167,1.0155,1.0155,1.0181,1.0180,1.0154,1.0164,1.0164,1.0164,1.0197,1.0197,1.0197,0.9852,0.0082,1.0194,0.0082,1.0241,0.9762,0.0082,0.9932,0.0082
7.5226,1.0247,1.0246,1.0247,1.0246,1.0247,1.0246,1.0199,1.0199,1.0199,1.0199,1.0201,1.0201,1.0201,1.0199,1.0199,1.0196,1.0184,1.0184,1.0199,1.0198,1.0190,1.0194,1.0194,1.0199,1.0199,1.0167,1.0155,1.0155,1.0181,1.0180,1.0154,1.0164,1.0164,1.0164,1.0197,1.0197,1.0197,0.9852,0.0082,1.0194,0.0082,1.0241,0.9762,0.0082,0.9932,0.0082
7.5326,1.0247,1.0246,1.0247,1.0246,1.0247,1.0246,1.0199,1.0199,1.0199,1.0199,1.0201,1.0201,1.0201,1.0199,1.0199,1.0196,1.0184,1.0184,1.0199,1.0198,1.0190,1.0194,1.0194,1.0199,1.0199,1.0167,1.0155,1.0155,1.0181,1.0180,1.0154,1.0164,1.0164,1.0164,1.0197,1.0197,1.0197,0.9852,0.0081,1.0194,0.0081,1.0241,0.9762,0.0081,0.9932,0.0081
7.5426,1.0247,1.0246,1.0247,1.0246,1.0247,1.0246,1.0199,1.0199,1.0199,1.0199,1.0201,1.0201,1.0201,1.0199,1.0199,1.0196,1.0184,1.0184,1.0199,1.0198,1.0190,1.0194,1.0194,1.0199,1.0199,1.0167,1.0155,1.0155,1.0181,1.0180,1.0154,1.0164,1.0164,1.0164,1.0197,1.0197,1.0197,0.9852,0.0081,1.0194,0.0081,1.0241,0.9762,0.0081,0.9932,0.0081
7.5526,1.0247,1.0246,1.0247,1.0246,1.0247,1.0246,1.0199,1.0199,1.0199,1.0199,1.0201,1.0201,1.0201,1.0199,1.0199,1.0196,1.0184,1.0184,1.0199,1.0198,1.0190,1.0194,1.0194,1.0199,1.0199,1.0167,1.0155,1.0155,1.0181,1.0180,1.0154,1.0164,1.0164,1.0164,1.0197,1.0197,1.0197,0.9852,0.0080,1.0194,0.0080,1.0241,0.9762,0.0080,0.9932,0.0080
7.5626,1.0247,1.0246,1.0247,1.0246,1.0247,1.0246,1.0199,1.0199,1.0199,1.0199,1.0201,1.0201,1.0201,1.0199,1.0199,1.0196,1.0184,1.0184,1.0199,1.0198,1.0190,1.0194,1.0194,1.0199,1.0199,1.0167,1.0155,1.0155,1.0181,1.0180,1.0154,1.0164,1.0164,1.0164,1.0197,1.0197,1.0197,0.9852,0.0080,1.0194,0.0080,1.0241,0.9762,0.0080,0.9932,0.0080
7.5726,1.0247,1.0246,1.0247,1.0246,1.0247,1.0246,1.0199,1.0199,1.0199,1.0199,1.0201,1.0201,1.0201,1.0199,1.0199,1.0196,1.0184,1.0184,1.0199,1.0198,1.0190,1.0194,1.0194,1.0199,1.0199,1.0167,1.0155,1.0155,1.0181,1.0180,1.0154,1.0164,1.0164,1.0164,1.0197,1.0197,1.0197,0.9852,0.0079,1.0194,0.0079,1.0241,0.9762,0.0079,0.9932,0.0079
7.5826,1.0247,1.0246,1.0247,1.0246,1.0247,1.0246,1.0199,1.0199,1.0199,1.0199,1.0201,1.0201,1.0201,1.0199,1.0199,1.0196,1.0184,1.0184,1.0199,1.0198,1.0190,1.0194,1.0194,1.0199,1.0199,1.0167,1.0155,1.0155,1.0181,1.0180,1.0154,1.0164,1.0164,1.0164,1.0197,1.0197,1.0197,0.9852,0.0079,1.0194,0.0079,1.0241,0.9762,0.0079,0.9932,0.0079
7.5926,1.0247,1.0246,1.0247,1.0246,1.0247,1.0246,1.0199,1.0199,1.0199,1.0199,1.0201,1.0201,1.0201,1.0199,1.0199,1.0196,1.0184,1.0184,1.0199,1.0198,1.0190,1.0194,1.0194,1.0199,1.0199,1.0167,1.0154,1.0154,1.0181,1.0180,1.0154,1.0164,1.0164,1.0164,1.0197,1.0197,1.0197,0.9852,0.0078,1.0194,0.0078,1.0241,0.9762,0.0078,0.9932,0.0078
7.6026,1.0247,1.0246,1.0247,1.0246,1.0247,1.0246,1.0199,1.0199,1.0199,1.0199,1.0201,1.0201,1.0201,1.0199,1.0199,1.0196,1.0184,1.0184,1.0199,1.0198,1.0190,1.0194,1.0194,1.0199,1.0199,1.0167,1.0154,1.0154,1.0181,1.0180,1.0154,1.0164,1.0164,1.0164,1.0197,1.0197,1.0197,0.9852,0.0078,1.0194,0.0078,1.0241,0.9762,0.0078,0.9932,0.0078
7.6126,1.0247,1.0246,1.0247,1.0246,1.0247,1.0246,1.0199,1.0199,1.0199,1.0199,1.0201,1.0201,1.0201,1.0199,1.0199,1.0196,1.0184,1.0184,1.0199,1.0198,1.0190,1.0194,1.0194,1.0199,1.0199,1.0167,1.0154,1.0154,1.0181,1.0180,1.0154,1.0164,1.0164,1.0164,1.0197,1.0197,1.0197,0.9852,0.0078,1.0194,0.0078,1.0241,0.9762,0.0077,0.9932,0.0078
7.6226,1.0247,1.0246,1.0247,1.0246,1.0247,1.0246,1.0199,1.0199,1.0199,1.0199,1.0201,1.0201,1.0201,1.0199,1.0199,1.0196,1.0184,1.0184,1.0199,1.0198,1.0190,1.0194,1.0194,1.0199,1.0199,1.0167,1.0154,1.0154,1.0181,1.0180,1.0154,1.0164,1.0164,1.0164,1.0197,1.0197,1.0197,0.9852,0.0077,1.0194,0.0077,1.0241,0.9762,0.0077,0.9932,0.0077
7.6326,1.0247,1.0246,1.0247,1.0246,1.0247,1.0246,1.0199,1.0199,1.0199,1.0199,1.0201,1.0201,1.0201,1.0199,1.0199,1.0196,1.0184,1.0184,1.0199,1.0198,1.0190,1.0194,1.0194,1.0199,1.0199,1.0167,1.0154,1.0154,1.0181,1.0180,1.0154,1.0164,1.0164,1.0164,1.0197,1.0197,1.0197,0.9852,0.0077,1.0194,0.0077,1.0241,0.9762,0.0077,0.9932,0.0077
7.6426,1.0247,1.0246,1.0247,1.0246,1.0247,1.0246,1.0199,1.0199,1.0199,1.0199,1.0201,1.0201,1.0201,1.0199,1.0199,1.0196,1.0184,1.0184,1.0199,1.0198,1.0190,1.0194,1.0194,1.0199,1.0199,1.0167,1.0154,1.0154,1.0181,1.0180,1.0154,1.0164,1.0164,1.0164,1.0197,1.0197,1.0197,0.9852,0.0076,1.0194,0.0076,1.0241,0.9762,0.0076,0.9932,0.0076
7.6526,1.0247,1.0246,1.0247,1.0246,1.0247,1.0246,1.0199,1.0199,1.0199,1.0199,1.0201,1.0201,1.0201,1.0199,1.0199,1.0196,1.0184,1.0184,1.0199,1.0198,1.0190,1.0194,1.0194,1.0199,1.0199,1.0167,1.0154,1.0154,1.0181,1.0180,1.0154,1.0164,1.0164,1.0164,1.0197,1.0197,1.0197,0.9852,0.0076,1.0194,0.0076,1.0241,0.9762,0.0076,0.9932,0.0076
7.6626,1.0247,1.0246,1.0247,1.0246,1.0247,1.0246,1.0199,1.0199,1.0199,1.0199,1.0201,1.0201,1.0201,1.0199,1.0199,1.0196,1.0184,1.0184,1.0199,1.0198,1.0190,1.0194,1.0194,1.0199,1.0199,1.0167,1.0154,1.0154,1.0181,1.0180,1.0154,1.0164,1.0164,1.0164,1.0197,1.0197,1.0197,0.9852,0.0075,1.0194,0.0075,1.0241,0.9762,0.0075,0.9932,0.0075
7.6726,1.0247,1.0246,1.0247,1.0246,1.0247,1.0246,1.0199,1.0199,1.0199,1.0199,1.0201,1.0201,1.0201,1.0199,1.0199,1.0196,1.0184,1.0184,1.0199,1.0198,1.0190,1.0194,1.0194,1.0199,1.0199,1.0167,1.0154,1.0154,1.0181,1.0179,1.0154,1.0164,1.0164,1.0164,1.0197,1.0197,1.0197,0.9852,0.0075,1.0194,0.0075,1.0241,0.9762,0.0075,0.9932,0.0075
7.6826,1.0247,1.0246,1.0247,1.0246,1.0247,1.0246,1.0199,1.0199,1.0199,1.0199,1.0201,1.0201,1.0201,1.0199,1.0199,1.0196,1.0184,1.0184,1.0199,1.0198,1.0190,1.0194,1.0194,1.0199,1.0199,1.0167,1.0154,1.0154,1.0181,1.0179,1.0154,1.0164,1.0164,1.0164,1.0197,1.0197,1.0197,0.9852,0.0074,1.0194,0.0074,1.0241,0.9762,0.0074,0.9932,0.0074
7.6926,1.0247,1.0246,1.0247,1.0246,1.0247,1.0246,1.0199,1.0199,1.0199,1.0199,1.0201,1.0201,1.0201,1.0199,1.0199,1.0196,1.0184,1.0184,1.0199,1.0198,1.0190,1.0194,1.0194,1.0199,1.0199,1.0167,1.0154,1.0154,1.0181,1.0179,1.0154,1.0164,1.0164,1.0164,1.0197,1.0197,1.0197,0.9852,0.0074,1.0194,0.0074,1.0241,0.9762,0.0074,0.9932,0.0074
7.7026,1.0247,1.0246,1.0247,1.0246,1.0247,1.0246,1.0199,1.0199,1.0199,1.0199,1.0201,1.0201,1.0201,1.0199,1.0199,1.0196,1.0184,1.0184,1.0199,1.0198,1.0190,1.0194,1.0194,1.0199,1.0199,1.0167,1.0154,1.0154,1.0180,1.0179,1.0154,1.0164,1.0164,1.0164,1.0197,1.0197,1.0197,0.9852,0.0073,1.0194,0.0073,1.0241,0.9762,0.0073,0.9932,0.0073
7.7126,1.0247,1.0246,1.0247,1.0246,1.0247,1.0246,1.0199,1.0199,1.0199,1.0199,1.0201,1.0201,1.0201,1.0199,1.0199,1.0196,1.0184,1.0184,1.0199,1.0198,1.0190,1.0194,1.0194,1.0199,1.0199,1.0167,1.0154,1.0154,1.0180,1.0179,1.0154,1.0164,1.0164,1.0164,1.0197,1.0197,1.0197,0.9852,0.0073,1.0194,0.0073,1.0241,0.9762,0.0073,0.9932,0.0073
7.7226,1.0247,1.0246,1.0247,1.0246,1.0247,1.0246,1.0199,1.0199,1.0199,1.0199,1.0201,1.0201,1.0201,1.0199,1.0199,1.0196,1.0184,1.0184,1.0199,1.0198,1.0190,1.0194,1.0194,1.0199,1.0199,1.0167,1.0154,1.0154,1.0180,1.0179,1.0154,1.0164,1.0164,1.0164,1.0197,1.0197,1.0197,0.9852,0.0072,1.0194,0.0072,1.0241,0.9762,0.0072,0.9932,0.0072
7.7326,1.0247,1.0246,1.0247,1.0246,1.0247,1.0246,1.0199,1.0199,1.0199,1.0199,1.0201,1.0201,1.0201,1.0199,1.0199,1.0196,1.0184,1.0184,1.0199,1.0198,1.0190,1.0194,1.0194,1.0199,1.0199,1.0167,1.0154,1.0154,1.0180,1.0179,1.0154,1.0164,1.0164,1.0164,1.0197,1.0197,1.0197,0.9852,0.0072,1.0194,0.0072,1.0241,0.9762,0.0072,0.9932,0.0072
7.7426,1.0247,1.0246,1.0247,1.0246,1.0247,1.0246,1.0199,1.0199,1.0199,1.0199,1.0201,1.0201,1.0201,1.0199,1.0199,1.0196,1.0184,1.0184,1.0199,1.0198,1.0190,1.0194,1.0194,1.0199,1.0199,1.0167,1.0154,1.0154,1.0180,1.0179,1.0154,1.0164,1.0164,1.0164,1.0197,1.0197,1.0197,0.9852,0.0072,1.0194,0.0072,1.0241,0.9762,0.0072,0.9932,0.0072
7.7526,1.0247,1.0246,1.0247,1.0246,1.0247,1.0246,1.0199,1.0199,1.0199,1.0199,1.0201,1.0201,1.0201,1.0199,1.0199,1.0196,1.0184,1.0184,1.0199,1.0198,1.0190,1.0193,1.0193,1.0199,1.0199,1.0167,1.0154,1.0154,1.0180,1.0179,1.0154,1.0164,1.0164,1.0164,1.0197,1.0197,1.0197,0.9852,0.0071,1.0194,0.0071,1.0241,0.9762,0.0071,0.9932,0.0071
7.7626,1.0247,1.0246,1.0247,1.0246,1.0247,1.0246,1.0199,1.0199,1.0199,1.0199,1.0201,1.0201,1.0201,1.0199,1.0199,1.0196,1.0184,1.0184,1.0199,1.0198,1.0190,1.0193,1.0193,1.0199,1.0199,1.0167,1.0154,1.0154,1.0180,1.0179,1.0154,1.0164,1.0164,1.0164,1.0197,1.0197,1.0197,0.9852,0.0071,1.0194,0.0071,1.0241,0.9762,0.0071,0.9932,0.0071
7.7726,1.0247,1.0246,1.0247,1.0246,1.0247,1.0246,1.0199,1.0199,1.0199,1.0199,1.0201,1.0201,1.0201,1.0199,1.0199,1.0196,1.0183,1.0183,1.0199,1.0198,1.0190,1.0193,1.0193,1.0199,1.0199,1.0167,1.0154,1.0154,1.0180,1.0179,1.0154,1.0164,1.0164,1.0164,1.0197,1.0197,1.0197,0.9852,0.0070,1.0194,0.0070,1.0241,0.9762,0.0070,0.9932,0.0070
7.7826,1.0247,1.0246,1.0247,1.0246,1.0247,1.0246,1.0199,1.0199,1.0199,1.0199,1.0201,1.0201,1.0201,1.0199,1.0199,1.0196,1.0183,1.0183,1.0199,1.0198,1.0189,1.0193,1.0193,1.0199,1.0199,1.0167,1.0154,1.0154,1.0180,1.0179,1.0154,1.0164,1.0164,1.0164,1.0197,1.0197,1.0197,0.9852,0.0070,1.0194,0.0070,1.0241,0.9762,0.0070,0.9932,0.0070
7.7926,1.0247,1.0246,1.0247,1.0246,1.0247,1.0246,1.0199,1.0199,1.0199,1.0199,1.0201,1.0201,1.0201,1.0199,1.0199,1.0196,1.0183,1.0183,1.0199,1.0198,1.0189,1.0193,1.0193,1.0199,1.0199,1.0167,1.0154,1.0154,1.0180,1.0179,1.0154,1.0164,1.0164,1.0164,1.0197,1.0197,1.0197,0.9852,0.0069,1.0194,0.0069,1.0241,0.9762,0.0069,0.9932,0.0069
7.8026,1.0247,1.0246,1.0247,1.0246,1.0247,1.0246,1.0199,1.0199,1.0199,1.0199,1.0201,1.0201,1.0201,1.0199,1.0199,1.0196,1.0183,1.0183,1.0199,1.0198,1.0189,1.0193,1.0193,1.0199,1.0199,1.0167,1.0154,1.0154,1.0180,1.0179,1.0154,1.0164,1.0164,1.0164,1.0197,1.0197,1.0197,0.9852,0.0069,1.0194,0.0069,1.0241,0.9762,0.0069,0.9932,0.0069
7.8126,1.0247,1.0246,1.0247,1.0246,1.0247,1.0246,1.0199,1.0199,1.0199,1.0199,1.0201,1.0201,1.0201,1.0199,1.0199,1.0196,1.0183,1.0183,1.0199,1.0198,1.0189,1.0193,1.0193,1.0199,1.0199,1.0167,1.0154,1.0154,1.0180,1.0179,1.0154,1.0164,1.0164,1.0164,1.0197,1.0197,1.0197,0.9852,0.0069,1.0194,0.0069,1.0241,0.9762,0.0069,0.9932,0.0069
7.8226,1.0247,1.0246,1.0247,1.0246,1.0247,1.0246,1.0199,1.0199,1.0199,1.0199,1.0201,1.0201,1.0201,1.0199,1.0199,1.0196,1.0183,1.0183,1.0199,1.0198,1.0189,1.0193,1.0193,1.0199,1.0199,1.0167,1.0154,1.0154,1.0180,1.0179,1.0154,1.0164,1.0164,1.0164,1.0197,1.0197,1.0197,0.9852,0.0068,1.0194,0.0068,1.0241,0.9762,0.0068,0.9932,0.0068
7.8326,1.0247,1.0246,1.0247,1.0246,1.0247,1.0246,1.0199,1.0199,1.0199,1.0199,1.0201,1.0201,1.0201,1.0199,1.0199,1.0196,1.0183,1.0183,1.0199,1.0198,1.0189,1.0193,1.0193,1.0199,1.0199,1.0167,1.0154,1.0154,1.0180,1.0179,1.0154,1.0164,1.0164,1.0164,1.0197,1.0197,1.0197,0.9852,0.0068,1.0194,0.0068,1.0241,0.9762,0.0068,0.9932,0.0068
7.8426,1.0247,1.0246,1.0247,1.0246,1.0247,1.0246,1.0199,1.0199,1.0199,1.0199,1.0201,1.0201,1.0201,1.0199,1.0199,1.0196,1.0183,1.0183,1.0199,1.0198,1.0189,1.0193,1.0193,1.0199,1.0199,1.0167,1.0154,1.0154,1.0180,1.0179,1.0154,1.0164,1.0164,1.0164,1.0197,1.0197,1.0197,0.9852,0.0067,1.0194,0.0067,1.0241,0.9762,0.0067,0.9932,0.0067
7.8526,1.0247,1.0246,1.0247,1.0246,1.0247,1.0246,1.0199,1.0199,1.0199,1.0199,1.0201,1.0201,1.0201,1.0199,1.0199,1.0196,1.0183,1.0183,1.0199,1.0198,1.0189,1.0193,1.0193,1.0199,1.0199,1.0167,1.0154,1.0154,1.0180,1.0179,1.0154,1.0164,1.0164,1.0164,1.0197,1.0197,1.0197,0.9852,0.0067,1.0194,0.0067,1.0241,0.9762,0.0067,0.9932,0.0067
7.8626,1.0247,1.0246,1.0247,1.0246,1.0247,1.0246,1.0199,1.0199,1.0199,1.0199,1.0201,1.0201,1.0201,1.0199,1.0199,1.0196,1.0183,1.0183,1.0199,1.0198,1.0189,1.0193,1.0193,1.0199,1.0199,1.0167,1.0154,1.0154,1.0180,1.0179,1.0154,1.0164,1.0164,1.0164,1.0197,1.0197,1.0197,0.9852,0.0067,1.0194,0.0067,1.0241,0.9762,0.0066,0.9932,0.0067
7.8726,1.0247,1.0246,1.0247,1.0246,1.0247,1.0246,1.0199,1.0199,1.0199,1.0199,1.0201,1.0201,1.0201,1.0199,1.0199,1.0196,1.0183,1.0183,1.0199,1.0198,1.0189,1.0193,1.0193,1.0199,1.0199,1.0167,1.0154,1.0154,1.0180,1.0179,1.0154,1.0164,1.0164,1.0164,1.0197,1.0197,1.0197,0.9852,0.0066,1.0194,0.0066,1.0241,0.9762,0.0066,0.9932,0.0066
7.8826,1.0247,1.0246,1.0247,1.0246,1.0247,1.0246,1.0199,1.0199,1.0199,1.0199,1.0201,1.0201,1.0201,1.0199,1.0199,1.0196,1.0183,1.0183,1.0199,1.0198,1.0189,1.0193,1.0193,1.0199,1.0199,1.0167,1.0154,1.0154,1.0180,1.0179,1.0154,1.0164,1.0164,1.0164,1.0197,1.0197,1.0197,0.9852,0.0066,1.0194,0.0066,1.0241,0.9762,0.0066,0.9932,0.0066
7.8926,1.0247,1.0246,1.0247,1.0246,1.0247,1.0246,1.0199,1.0199,1.0199,1.0199,1.0201,1.0201,1.0201,1.0199,1.0199,1.0196,1.0183,1.0183,1.0199,1.0198,1.0189,1.0193,1.0193,1.0199,1.0199,1.0167,1.0154,1.0154,1.0180,1.0179,1.0154,1.0164,1.0164,1.0164,1.0197,1.0197,1.0197,0.9852,0.0064,1.0194,0.0064,1.0241,0.9762,0.0064,0.9932,0.0064
7.9026,1.0247,1.0246,1.0247,1.0246,1.0247,1.0246,1.0199,1.0199,1.0199,1.0199,1.0201,1.0201,1.0201,1.0199,1.0199,1.0196,1.0183,1.0183,1.0199,1.0198,1.0189,1.0193,1.0193,1.0199,1.0199,1.0167,1.0154,1.0154,1.0180,1.0179,1.0154,1.0164,1.0164,1.0164,1.0197,1.0197,1.0197,0.9852,0.0064,1.0194,0.0064,1.0241,0.9762,0.0064,0.9932,0.0064
7.9126,1.0247,1.0246,1.0247,1.0246,1.0247,1.0246,1.0199,1.0199,1.0199,1.0199,1.0201,1.0201,1.0201,1.0199,1.0199,1.0196,1.0183,1.0183,1.0199,1.0198,1.0189,1.0193,1.0193,1.0199,1.0199,1.0167,1.0154,1.0154,1.0180,1.0179,1.0154,1.0164,1.0164,1.0164,1.0197,1.0197,1.0197,0.9852,0.0063,1.0194,0.0063,1.0241,0.9762,0.0063,0.9932,0.0063
7.9226,1.0247,1.0246,1.0247,1.0246,1.0247,1.0246,1.0199,1.0199,1.0199,1.0199,1.0201,1.0201,1.0201,1.0199,1.0199,1.0196,1.0183,1.0183,1.0199,1.0198,1.0189,1.0193,1.0193,1.0199,1.0199,1.0167,1.0154,1.0154,1.0180,1.0179,1.0154,1.0164,1.0164,1.0164,1.0197,1.0197,1.0197,0.9852,0.0063,1.0194,0.0063,1.0241,0.9762,0.0063,0.9932,0.0063
7.9326,1.0247,1.0246,1.0247,1.0246,1.0247,1.0246,1.0199,1.0199,1.0199,1.0199,1.0200,1.0200,1.0200,1.0199,1.0199,1.0196,1.0183,1.0183,1.0199,1.0198,1.0189,1.0193,1.0193,1.0199,1.0199,1.0167,1.0154,1.0154,1.0180,1.0179,1.0154,1.0164,1.0164,1.0164,1.0197,1.0197,1.0197,0.9852,0.0063,1.0194,0.0063,1.0241,0.9762,0.0063,0.9932,0.0063
7.9426,1.0247,1.0246,1.0247,1.0246,1.0247,1.0246,1.0199,1.0199,1.0199,1.0199,1.0200,1.0200,1.0200,1.0199,1.0199,1.0196,1.0183,1.0183,1.0199,1.0198,1.0189,1.0193,1.0193,1.0199,1.0199,1.0167,1.0154,1.0154,1.0180,1.0179,1.0154,1.0164,1.0164,1.0164,1.0197,1.0197,1.0197,0.9852,0.0062,1.0194,0.0062,1.0241,0.9762,0.0062,0.9932,0.0062
7.9526,1.0247,1.0246,1.0247,1.0246,1.0247,1.0246,1.0199,1.0199,1.0199,1.0199,1.0200,1.0200,1.0200,1.0199,1.0199,1.0196,1.0183,1.0183,1.0199,1.0198,1.0189,1.0193,1.0193,1.0199,1.0199,1.0167,1.0154,1.0154,1.0180,1.0179,1.0154,1.0164,1.0164,1.0164,1.0197,1.0197,1.0197,0.9852,0.0062,1.0194,0.0062,1.0241,0.9762,0.0062,0.9932,0.0062
7.9626,1.0247,1.0246,1.0247,1.0246,1.0247,1.0246,1.0199,1.0199,1.0199,1.0199,1.0200,1.0200,1.0200,1.0199,1.0199,1.0196,1.0183,1.0183,1.0199,1.0198,1.0189,1.0193,1.0193,1.0199,1.0199,1.0167,1.0154,1.0154,1.0180,1.0179,1.0154,1.0164,1.0164,1.0164,1.0197,1.0197,1.0197,0.9852,0.0062,1.0194,0.0062,1.0241,0.9762,0.0062,0.9932,0.0062
7.9726,1.0247,1.0246,1.0247,1.0246,1.0247,1.0246,1.0199,1.0199,1.0199,1.0199,1.0200,1.0200,1.0200,1.0199,1.0199,1.0196,1.0183,1.0183,1.0199,1.0198,1.0189,1.0193,1.0193,1.0199,1.0199,1.0167,1.0154,1.0154,1.0180,1.0179,1.0154,1.0164,1.0164,1.0164,1.0197,1.0197,1.0197,0.9852,0.0061,1.0194,0.0061,1.0241,0.9762,0.0061,0.9932,0.0061
7.9826,1.0247,1.0246,1.0247,1.0246,1.0247,1.0246,1.0199,1.0199,1.0199,1.0199,1.0200,1.0200,1.0200,1.0199,1.0199,1.0196,1.0183,1.0183,1.0199,1.0198,1.0189,1.0193,1.0193,1.0199,1.0199,1.0167,1.0154,1.0154,1.0180,1.0179,1.0154,1.0164,1.0164,1.0164,1.0197,1.0197,1.0197,0.9852,0.0061,1.0194,0.0061,1.0241,0.9762,0.0061,0.9932,0.0061
7.9926,1.0247,1.0246,1.0247,1.0246,1.0247,1.0246,1.0199,1.0199,1.0199,1.0199,1.0200,1.0200,1.0200,1.0199,1.0199,1.0196,1.0183,1.0183,1.0199,1.0198,1.0189,1.0193,1.0193,1.0199,1.0199,1.0167,1.0154,1.0154,1.0180,1.0179,1.0154,1.0164,1.0164,1.0164,1.0197,1.0197,1.0197,0.9852,0.0060,1.0194,0.0060,1.0241,0.9762,0.0060,0.9932,0.0060
8.0026,1.0247,1.0246,1.0247,1.0246,1.0247,1.0246,1.0199,1.0199,1.0199,1.0199,1.0200,1.0200,1.0200,1.0199,1.0199,1.0196,1.0183,1.0183,1.0199,1.0198,1.0189,1.0193,1.0193,1.0199,1.0199,1.0167,1.0154,1.0154,1.0180,1.0179,1.0154,1.0164,1.0164,1.0164,1.0197,1.0197,1.0197,0.9852,0.0060,1.0194,0.0060,1.0241,0.9762,0.0060,0.9932,0.0060
8.0126,1.0247,1.0246,1.0247,1.0246,1.0247,1.0246,1.0199,1.0199,1.0199,1.0199,1.0200,1.0200,1.0200,1.0199,1.0199,1.0196,1.0183,1.0183,1.0199,1.0198,1.0189,1.0193,1.0193,1.0199,1.0199,1.0167,1.0154,1.0154,1.0180,1.0179,1.0154,1.0164,1.0164,1.0164,1.0197,1.0197,1.0197,0.9852,0.0060,1.0194,0.0060,1.0241,0.9762,0.0060,0.9932,0.0060
8.0226,1.0247,1.0246,1.0247,1.0246,1.0247,1.0246,1.0199,1.0199,1.0199,1.0199,1.0200,1.0200,1.0200,1.0199,1.0199,1.0196,1.0183,1.0183,1.0199,1.0198,1.0189,1.0193,1.0193,1.0199,1.0199,1.0167,1.0154,1.0154,1.0180,1.0179,1.0154,1.0164,1.0164,1.0164,1.0197,1.0197,1.0197,0.9852,0.0059,1.0194,0.0059,1.0241,0.9762,0.0059,0.9932,0.0059
8.0326,1.0247,1.0246,1.0247,1.0246,1.0247,1.0246,1.0199,1.0199,1.0199,1.0199,1.0200,1.0200,1.0200,1.0199,1.0199,1.0196,1.0183,1.0183,1.0199,1.0198,1.0189,1.0193,1.0193,1.0199,1.0199,1.0167,1.0154,1.0154,1.0180,1.0179,1.0154,1.0164,1.0164,1.0164,1.0197,1.0197,1.0197,0.9852,0.0059,1.0194,0.0059,1.0241,0.9762,0.0059,0.9932,0.0059
8.0426,1.0247,1.0246,1.0247,1.0246,1.0247,1.0246,1.0199,1.0199,1.0199,1.0199,1.0200,1.0200,1.0200,1.0199,1.0199,1.0196,1.0183,1.0183,1.0199,1.0198,1.0189,1.0193,1.0193,1.0199,1.0199,1.0167,1.0154,1.0154,1.0180,1.0179,1.0154,1.0164,1.0164,1.0164,1.0197,1.0197,1.0197,0.9852,0.0059,1.0194,0.0059,1.0241,0.9762,0.0059,0.9932,0.0059
8.0526,1.0247,1.0246,1.0247,1.0246,1.0247,1.0246,1.0199,1.0199,1.0199,1.0199,1.0200,1.0200,1.0200,1.0199,1.0199,1.0196,1.0183,1.0183,1.0199,1.0198,1.0189,1.0193,1.0193,1.0199,1.0199,1.0167,1.0154,1.0154,1.0180,1.0179,1.0154,1.0164,1.0164,1.0164,1.0197,1.0197,1.0197,0.9852,0.0058,1.0194,0.0058,1.0241,0.9762,0.0058,0.9932,0.0058
8.0626,1.0247,1.0246,1.0247,1.0246,1.0247,1.0246,1.0199,1.0199,1.0199,1.0199,1.0200,1.0200,1.0200,1.0199,1.0199,1.0196,1.0183,1.0183,1.0199,1.0198,1.0189,1.0193,1.0193,1.0199,1.0199,1.0167,1.0154,1.0154,1.0180,1.0179,1.0154,1.0164,1.0164,1.0164,1.0197,1.0197,1.0197,0.9852,0.0058,1.0194,0.0058,1.0241,0.9762,0.0058,0.9932,0.0058
8.0726,1.0247,1.0246,1.0247,1.0246,1.0247,1.0246,1.0199,1.0199,1.0199,1.0199,1.0200,1.0200,1.0200,1.0199,1.0199,1.0196,1.0183,1.0183,1.0199,1.0198,1.0189,1.0193,1.0193,1.0199,1.0199,1.0167,1.0154,1.0154,1.0180,1.0179,1.0154,1.0164,1.0164,1.0164,1.0197,1.0197,1.0197,0.9852,0.0058,1.0194,0.0058,1.0241,0.9762,0.0058,0.9932,0.0058
8.0826,1.0247,1.0246,1.0247,1.0246,1.0247,1.0246,1.0199,1.0199,1.0199,1.0199,1.0200,1.0200,1.0200,1.0199,1.0199,1.0196,1.0183,1.0183,1.0199,1.0198,1.0189,1.0193,1.0193,1.0199,1.0199,1.0167,1.0154,1.0154,1.0180,1.0179,1.0154,1.0164,1.0164,1.0164,1.0197,1.0197,1.0197,0.9852,0.0057,1.0194,0.0057,1.0241,0.9762,0.0057,0.9932,0.0057
8.0926,1.0247,1.0246,1.0247,1.0246,1.0247,1.0246,1.0199,1.0199,1.0199,1.0199,1.0200,1.0200,1.0200,1.0199,1.0199,1.0196,1.0183,1.0183,1.0199,1.0198,1.0189,1.0193,1.0193,1.0199,1.0199,1.0167,1.0154,1.0154,1.0180,1.0179,1.0154,1.0164,1.0164,1.0164,1.0197,1.0197,1.0197,0.9852,0.0057,1.0194,0.0057,1.0241,0.9762,0.0057,0.9932,0.0057
8.1026,1.0247,1.0246,1.0247,1.0246,1.0247,1.0246,1.0199,1.0199,1.0199,1.0199,1.0200,1.0200,1.0200,1.0199,1.0199,1.0196,1.0183,1.0183,1.0199,1.0198,1.0189,1.0193,1.0193,1.0199,1.0199,1.0167,1.0154,1.0154,1.0180,1.0179,1.0154,1.0164,1.0164,1.0164,1.0197,1.0197,1.0197,0.9852,0.0057,1.0194,0.0057,1.0241,0.9762,0.0056,0.9932,0.0057
8.1126,1.0247,1.0246,1.0247,1.0246,1.0247,1.0246,1.0199,1.0199,1.0199,1.0199,1.0200,1.0200,1.0200,1.0199,1.0199,1.0196,1.0183,1.0183,1.0199,1.0198,1.0189,1.0193,1.0193,1.0199,1.0199,1.0167,1.0154,1.0154,1.0180,1.0179,1.0154,1.0164,1.0164,1.0164,1.0197,1.0197,1.0197,0.9852,0.0056,1.0194,0.0056,1.0241,0.9762,0.0056,0.9932,0.0056
8.1226,1.0247,1.0246,1.0247,1.0246,1.0247,1.0246,1.0199,1.0199,1.0199,1.0199,1.0200,1.0200,1.0200,1.0199,1.0199,1.0196,1.0183,1.0183,1.0199,1.0198,1.0189,1.0193,1.0193,1.0199,1.0199,1.0167,1.0154,1.0154,1.0180,1.0179,1.0154,1.0164,1.0164,1.0164,1.0197,1.0197,1.0197,0.9852,0.0056,1.0194,0.0056,1.0241,0.9762,0.0056,0.9932,0.0056
8.1326,1.0247,1.0246,1.0247,1.0246,1.0247,1.0246,1.0199,1.0199,1.0199,1.0199,1.0200,1.0200,1.0200,1.0199,1.0199,1.0196,1.0183,1.0183,1.0199,1.0198,1.0189,1.0193,1.0193,1.0199,1.0199,1.0167,1.0154,1.0154,1.0180,1.0179,1.0154,1.0164,1.0164,1.0164,1.0197,1.0197,1.0197,0.9852,0.0055,1.0194,0.0055,1.0241,0.9762,0.0055,0.9932,0.0055
8.1426,1.0247,1.0246,1.0247,1.0246,1.0247,1.0246,1.0199,1.0199,1.0199,1.0199,1.0200,1.0200,1.0200,1.0199,1.0199,1.0196,1.0183,1.0183,1.0199,1.0198,1.0189,1.0193,1.0193,1.0199,1.0199,1.0167,1.0154,1.0154,1.0180,1.0179,1.0154,1.0164,1.0164,1.0164,1.0197,1.0197,1.0197,0.9852,0.0055,1.0194,0.0055,1.0241,0.9762,0.0055,0.9932,0.0055
8.1526,1.0247,1.0246,1.0247,1.0246,1.0247,1.0246,1.0199,1.0199,1.0199,1.0199,1.0200,1.0200,1.0200,1.0199,1.0199,1.0196,1.0183,1.0183,1.0199,1.0198,1.0189,1.0193,1.0193,1.0199,1.0199,1.0167,1.0154,1.0154,1.0180,1.0179,1.0154,1.0164,1.0164,1.0164,1.0197,1.0197,1.0197,0.9852,0.0055,1.0194,0.0055,1.0241,0.9762,0.0055,0.9932,0.0055
8.1626,1.0247,1.0246,1.0247,1.0246,1.0247,1.0246,1.0199,1.0199,1.0199,1.0199,1.0200,1.0200,1.0200,1.0199,1.0199,1.0196,1.0183,1.0183,1.0199,1.0198,1.0189,1.0193,1.0193,1.0199,1.0199,1.0167,1.0154,1.0154,1.0180,1.0179,1.0154,1.0164,1.0164,1.0164,1.0197,1.0197,1.0197,0.9852,0.0054,1.0194,0.0054,1.0241,0.9762,0.0054,0.9932,0.0054
8.1726,1.0247,1.0246,1.0247,1.0246,1.0247,1.0246,1.0199,1.0199,1.0199,1.0199,1.0200,1.0200,1.0200,1.0199,1.0199,1.0196,1.0183,1.0183,1.0199,1.0198,1.0189,1.0193,1.0193,1.0199,1.0199,1.0167,1.0154,1.0154,1.0180,1.0179,1.0154,1.0164,1.0164,1.0164,1.0197,1.0197,1.0197,0.9852,0.0054,1.0194,0.0054,1.0241,0.9762,0.0054,0.9932,0.0054
8.1826,1.0247,1.0246,1.0247,1.0246,1.0247,1.0246,1.0199,1.0199,1.0199,1.0199,1.0200,1.0200,1.0200,1.0199,1.0199,1.0196,1.0183,1.0183,1.0199,1.0198,1.0189,1.0193,1.0193,1.0199,1.0199,1.0167,1.0154,1.0154,1.0180,1.0179,1.0154,1.0164,1.0164,1.0164,1.0197,1.0197,1.0197,0.9852,0.0054,1.0194,0.0054,1.0241,0.9762,0.0054,0.9932,0.0054
8.1926,1.0247,1.0246,1.0247,1.0246,1.0247,1.0246,1.0199,1.0199,1.0199,1.0199,1.0200,1.0200,1.0200,1.0199,1.0199,1.0196,1.0183,1.0183,1.0199,1.0198,1.0189,1.0193,1.0193,1.0199,1.0199,1.0167,1.0154,1.0154,1.0180,1.0179,1.0154,1.0164,1.0164,1.0164,1.0197,1.0197,1.0197,0.9852,0.0053,1.0194,0.0054,1.0241,0.9762,0.0053,0.9932,0.0054
8.2026,1.0247,1.0246,1.0247,1.0246,1.0247,1.0246,1.0199,1.0199,1.0199,1.0199,1.0200,1.0200,1.0200,1.0199,1.0199,1.0196,1.0183,1.0183,1.0199,1.0198,1.0189,1.0193,1.0193,1.0199,1.0199,1.0167,1.0154,1.0154,1.0180,1.0179,1.0154,1.0164,1.0164,1.0164,1.0197,1.0197,1.0197,0.9852,0.0053,1.0194,0.0053,1.0241,0.9762,0.0053,0.9932,0.0053
8.2126,1.0247,1.0246,1.0247,1.0246,1.0247,1.0246,1.0199,1.0199,1.0199,1.0199,1.0200,1.0200,1.0200,1.0199,1.0199,1.0196,1.0183,1.0183,1.0199,1.0198,1.0189,1.0193,1.0193,1.0199,1.0199,1.0167,1.0154,1.0154,1.0180,1.0179,1.0154,1.0164,1.0164,1.0164,1.0197,1.0197,1.0197,0.9852,0.0053,1.0194,0.0053,1.0241,0.9762,0.0053,0.9932,0.0053
8.2226,1.0247,1.0246,1.0247,1.0246,1.0247,1.0246,1.0199,1.0199,1.0199,1.0199,1.0200,1.0200,1.0200,1.0199,1.0199,1.0196,1.0183,1.0183,1.0199,1.0198,1.0189,1.0193,1.0193,1.0199,1.0199,1.0167,1.0154,1.0154,1.0180,1.0179,1.0154,1.0164,1.0164,1.0164,1.0197,1.0197,1.0197,0.9852,0.0053,1.0194,0.0053,1.0241,0.9762,0.0053,0.9932,0.0053
8.2326,1.0247,1.0246,1.0247,1.0246,1.0247,1.0246,1.0199,1.0199,1.0199,1.0199,1.0200,1.0200,1.0200,1.0199,1.0199,1.0196,1.0183,1.0183,1.0199,1.0198,1.0189,1.0193,1.0193,1.0199,1.0199,1.0167,1.0154,1.0154,1.0180,1.0179,1.0154,1.0164,1.0164,1.0164,1.0197,1.0197,1.0197,0.9852,0.0052,1.0194,0.0052,1.0241,0.9762,0.0052,0.9932,0.0052
8.2426,1.0247,1.0246,1.0247,1.0246,1.0247,1.0246,1.0199,1.0199,1.0199,1.0199,1.0200,1.0200,1.0200,1.0199,1.0199,1.0196,1.0183,1.0183,1.0199,1.0198,1.0189,1.0193,1.0193,1.0199,1.0199,1.0167,1.0154,1.0154,1.0180,1.0179,1.0154,1.0164,1.0164,1.0164,1.0197,1.0197,1.0197,0.9852,0.0052,1.0194,0.0052,1.0241,0.9762,0.0052,0.9932,0.0052
8.2526,1.0247,1.0246,1.0247,1.0246,1.0247,1.0246,1.0199,1.0199,1.0199,1.0199,1.0200,1.0200,1.0200,1.0199,1.0199,1.0196,1.0183,1.0183,1.0199,1.0198,1.0189,1.0193,1.0193,1.0199,1.0199,1.0167,1.0154,1.0154,1.0180,1.0179,1.0154,1.0164,1.0164,1.0164,1.0197,1.0197,1.0197,0.9852,0.0052,1.0194,0.0052,1.0241,0.9762,0.0052,0.9932,0.0052
8.2626,1.0247,1.0246,1.0247,1.0246,1.0247,1.0246,1.0199,1.0199,1.0199,1.0199,1.0200,1.0200,1.0200,1.0199,1.0199,1.0196,1.0183,1.0183,1.0199,1.0198,1.0189,1.0193,1.0193,1.0199,1.0199,1.0167,1.0154,1.0154,1.0180,1.0179,1.0154,1.0164,1.0164,1.0164,1.0197,1.0197,1.0197,0.9852,0.0051,1.0194,0.0051,1.0241,0.9762,0.0051,0.9932,0.0051
8.2726,1.0247,1.0246,1.0247,1.0246,1.0247,1.0246,1.0199,1.0199,1.0199,1.0199,1.0200,1.0200,1.0200,1.0199,1.0199,1.0196,1.0183,1.0183,1.0199,1.0198,1.0189,1.0193,1.0193,1.0199,1.0199,1.0167,1.0154,1.0154,1.0180,1.0179,1.0154,1.0164,1.0164,1.0164,1.0197,1.0197,1.0197,0.9852,0.0051,1.0194,0.0051,1.0241,0.9762,0.0051,0.9932,0.0051
8.2826,1.0247,1.0246,1.0247,1.0246,1.0247,1.0246,1.0199,1.0199,1.0199,1.0199,1.0200,1.0200,1.0200,1.0199,1.0199,1.0196,1.0183,1.0183,1.0199,1.0198,1.0189,1.0193,1.0193,1.0199,1.0199,1.0167,1.0154,1.0154,1.0180,1.0179,1.0154,1.0164,1.0164,1.0164,1.0197,1.0197,1.0197,0.9852,0.0051,1.0194,0.0051,1.0241,0.9762,0.0051,0.9932,0.0051
8.2926,1.0247,1.0246,1.0247,1.0246,1.0247,1.0246,1.0199,1.0199,1.0199,1.0199,1.0200,1.0200,1.0200,1.0199,1.0199,1.0196,1.0183,1.0183,1.0199,1.0198,1.0189,1.0193,1.0193,1.0199,1.0199,1.0167,1.0154,1.0154,1.0180,1.0179,1.0154,1.0164,1.0164,1.0164,1.0197,1.0197,1.0197,0.9852,0.0050,1.0194,0.0050,1.0241,0.9762,0.0050,0.9932,0.0050
8.3026,1.0247,1.0246,1.0247,1.0246,1.0247,1.0246,1.0199,1.0199,1.0199,1.0199,1.0200,1.0200,1.0200,1.0199,1.0199,1.0196,1.0183,1.0183,1.0199,1.0198,1.0189,1.0193,1.0193,1.0199,1.0199,1.0167,1.0154,1.0154,1.0180,1.0179,1.0154,1.0164,1.0164,1.0164,1.0197,1.0197,1.0197,0.9852,0.0050,1.0194,0.0050,1.0241,0.9762,0.0050,0.9932,0.0050
8.3126,1.0247,1.0246,1.0247,1.0246,1.0247,1.0246,1.0199,1.0199,1.0199,1.0199,1.0200,1.0200,1.0200,1.0199,1.0199,1.0196,1.0183,1.0183,1.0199,1.0198,1.0189,1.0193,1.0193,1.0199,1.0199,1.0167,1.0154,1.0154,1.0180,1.0179,1.0154,1.0164,1.0164,1.0164,1.0197,1.0197,1.0197,0.9852,0.0050,1.0194,0.0050,1.0241,0.9762,0.0050,0.9932,0.0050
8.3226,1.0247,1.0246,1.0247,1.0246,1.0247,1.0246,1.0199,1.0199,1.0199,1.0199,1.0200,1.0200,1.0200,1.0199,1.0199,1.0196,1.0183,1.0183,1.0199,1.0198,1.0189,1.0193,1.0193,1.0199,1.0199,1.0167,1.0154,1.0154,1.0180,1.0179,1.0154,1.0164,1.0164,1.0164,1.0197,1.0197,1.0197,0.9852,0.0049,1.0194,0.0049,1.0241,0.9762,0.0049,0.9932,0.0049
8.3326,1.0247,1.0246,1.0247,1.0246,1.0247,1.0246,1.0199,1.0199,1.0199,1.0199,1.0200,1.0200,1.0200,1.0199,1.0199,1.0196,1.0183,1.0183,1.0199,1.0198,1.0189,1.0193,1.0193,1.0199,1.0199,1.0167,1.0154,1.0154,1.0180,1.0179,1.0154,1.0164,1.0164,1.0164,1.0197,1.0197,1.0197,0.9852,0.0049,1.0194,0.0049,1.0241,0.9762,0.0049,0.9932,0.0049
8.3426,1.0247,1.0246,1.0247,1.0246,1.0247,1.0246,1.0199,1.0199,1.0199,1.0199,1.0200,1.0200,1.0200,1.0199,1.0199,1.0196,1.0183,1.0183,1.0199,1.0198,1.0189,1.0193,1.0193,1.0199,1.0199,1.0167,1.0154,1.0154,1.0180,1.0179,1.0154,1.0164,1.0164,1.0164,1.0197,1.0197,1.0197,0.9852,0.0049,1.0194,0.0049,1.0241,0.9762,0.0049,0.9931,0.0049
8.3526,1.0247,1.0246,1.0247,1.0246,1.0247,1.0246,1.0199,1.0199,1.0199,1.0199,1.0200,1.0200,1.0200,1.0199,1.0199,1.0196,1.0183,1.0183,1.0199,1.0198,1.0189,1.0193,1.0193,1.0199,1.0199,1.0167,1.0154,1.0154,1.0180,1.0179,1.0154,1.0164,1.0164,1.0164,1.0197,1.0197,1.0197,0.9852,0.0049,1.0194,0.0049,1.0241,0.9762,0.0049,0.9931,0.0049
8.3626,1.0247,1.0246,1.0247,1.0246,1.0247,1.0246,1.0199,1.0199,1.0199,1.0199,1.0200,1.0200,1.0200,1.0199,1.0199,1.0196,1.0183,1.0183,1.0199,1.0198,1.0189,1.0193,1.0193,1.0199,1.0199,1.0167,1.0154,1.0154,1.0180,1.0179,1.0154,1.0164,1.0164,1.0164,1.0197,1.0197,1.0197,0.9852,0.0048,1.0194,0.0048,1.0241,0.9762,0.0048,0.9931,0.0048
8.3726,1.0247,1.0246,1.0247,1.0246,1.0247,1.0246,1.0199,1.0199,1.0199,1.0199,1.0200,1.0200,1.0200,1.0199,1.0199,1.0196,1.0183,1.0183,1.0199,1.0198,1.0189,1.0193,1.0193,1.0199,1.0199,1.0167,1.0154,1.0154,1.0180,1.0179,1.0154,1.0164,1.0164,1.0164,1.0197,1.0197,1.0197,0.9852,0.0048,1.0194,0.0048,1.0241,0.9762,0.0048,0.9931,0.0048
8.3826,1.0247,1.0246,1.0247,1.0246,1.0247,1.0246,1.0199,1.0199,1.0199,1.0199,1.0200,1.0200,1.0200,1.0199,1.0199,1.0196,1.0183,1.0183,1.0199,1.0198,1.0189,1.0193,1.0193,1.0199,1.0199,1.0167,1.0154,1.0154,1.0180,1.0179,1.0154,1.0164,1.0164,1.0164,1.0197,1.0197,1.0197,0.9852,0.0048,1.0194,0.0048,1.0241,0.9762,0.0048,0.9931,0.0048
8.3926,1.0247,1.0246,1.0247,1.0246,1.0247,1.0246,1.0199,1.0199,1.0199,1.0199,1.0200,1.0200,1.0200,1.0199,1.0199,1.0196,1.0183,1.0183,1.0199,1.0198,1.0189,1.0193,1.0193,1.0199,1.0199,1.0167,1.0154,1.0154,1.0180,1.0179,1.0154,1.0164,1.0164,1.0164,1.0197,1.0197,1.0197,0.9852,0.0047,1.0194,0.0047,1.0241,0.9762,0.0047,0.9931,0.0047
8.4026,1.0247,1.0246,1.0247,1.0246,1.0247,1.0246,1.0199,1.0199,1.0199,1.0199,1.0200,1.0200,1.0200,1.0199,1.0199,1.0196,1.0183,1.0183,1.0199,1.0198,1.0189,1.0193,1.0193,1.0199,1.0199,1.0167,1.0154,1.0154,1.0180,1.0179,1.0154,1.0164,1.0164,1.0164,1.0197,1.0197,1.0197,0.9852,0.0047,1.0194,0.0047,1.0241,0.9762,0.0047,0.9931,0.0047
8.4126,1.0247,1.0246,1.0247,1.0246,1.0247,1.0246,1.0199,1.0199,1.0199,1.0199,1.0200,1.0200,1.0200,1.0199,1.0199,1.0196,1.0183,1.0183,1.0199,1.0198,1.0189,1.0193,1.0193,1.0199,1.0199,1.0167,1.0154,1.0154,1.0180,1.0179,1.0154,1.0164,1.0164,1.0164,1.0197,1.0197,1.0197,0.9852,0.0047,1.0194,0.0047,1.0241,0.9762,0.0047,0.9931,0.0047
8.4226,1.0247,1.0246,1.0247,1.0246,1.0247,1.0246,1.0199,1.0199,1.0199,1.0199,1.0200,1.0200,1.0200,1.0199,1.0199,1.0196,1.0183,1.0183,1.0199,1.0198,1.0189,1.0193,1.0193,1.0199,1.0199,1.0167,1.0154,1.0154,1.0180,1.0179,1.0154,1.0164,1.0164,1.0164,1.0197,1.0197,1.0197,0.9852,0.0047,1.0194,0.0047,1.0241,0.9762,0.0047,0.9931,0.0047
8.4326,1.0247,1.0246,1.0247,1.0246,1.0247,1.0246,1.0199,1.0199,1.0199,1.0199,1.0200,1.0200,1.0200,1.0199,1.0199,1.0196,1.0183,1.0183,1.0199,1.0198,1.0189,1.0193,1.0193,1.0199,1.0199,1.0167,1.0154,1.0154,1.0180,1.0179,1.0154,1.0164,1.0164,1.0164,1.0197,1.0197,1.0197,0.9852,0.0046,1.0194,0.0046,1.0241,0.9762,0.0046,0.9931,0.0046
8.4426,1.0247,1.0246,1.0247,1.0246,1.0247,1.0246,1.0199,1.0199,1.0199,1.0199,1.0200,1.0200,1.0200,1.0199,1.0199,1.0196,1.0183,1.0183,1.0199,1.0198,1.0189,1.0193,1.0193,1.0199,1.0199,1.0167,1.0154,1.0154,1.0180,1.0179,1.0154,1.0164,1.0164,1.0164,1.0197,1.0197,1.0197,0.9852,0.0046,1.0194,0.0046,1.0241,0.9762,0.0046,0.9931,0.0046
8.4526,1.0247,1.0246,1.0247,1.0246,1.0247,1.0246,1.0199,1.0199,1.0199,1.0199,1.0200,1.0200,1.0200,1.0199,1.0199,1.0196,1.0183,1.0183,1.0199,1.0198,1.0189,1.0193,1.0193,1.0199,1.0199,1.0167,1.0154,1.0154,1.0180,1.0179,1.0154,1.0164,1.0164,1.0164,1.0197,1.0197,1.0197,0.9852,0.0046,1.0194,0.0046,1.0241,0.9762,0.0046,0.9931,0.0046
8.4626,1.0247,1.0246,1.0247,1.0246,1.0247,1.0246,1.0199,1.0199,1.0199,1.0199,1.0200,1.0200,1.0200,1.0199,1.0199,1.0196,1.0183,1.0183,1.0199,1.0198,1.0189,1.0193,1.0193,1.0199,1.0199,1.0167,1.0154,1.0154,1.0180,1.0179,1.0154,1.0164,1.0164,1.0164,1.0197,1.0197,1.0197,0.9852,0.0045,1.0194,0.0045,1.0241,0.9762,0.0045,0.9931,0.0045
8.4726,1.0247,1.0246,1.0247,1.0246,1.0247,1.0246,1.0199,1.0199,1.0199,1.0199,1.0200,1.0200,1.0200,1.0199,1.0199,1.0196,1.0183,1.0183,1.0199,1.0198,1.0189,1.0193,1.0193,1.0199,1.0199,1.0167,1.0154,1.0154,1.0180,1.0179,1.0154,1.0164,1.0164,1.0164,1.0197,1.0197,1.0197,0.9852,0.0045,1.0194,0.0045,1.0241,0.9762,0.0045,0.9931,0.0045
8.4826,1.0247,1.0246,1.0247,1.0246,1.0247,1.0246,1.0199,1.0199,1.0199,1.0199,1.0200,1.0200,1.0200,1.0199,1.0199,1.0196,1.0183,1.0183,1.0199,1.0198,1.0189,1.0193,1.0193,1.0199,1.0199,1.0167,1.0154,1.0154,1.0180,1.0179,1.0154,1.0164,1.0164,1.0164,1.0197,1.0197,1.0197,0.9852,0.0045,1.0194,0.0045,1.0241,0.9762,0.0045,0.9931,0.0045
8.4926,1.0247,1.0246,1.0247,1.0246,1.0247,1.0246,1.0199,1.0199,1.0199,1.0199,1.0200,1.0200,1.0200,1.0199,1.0199,1.0196,1.0183,1.0183,1.0199,1.0198,1.0189,1.0193,1.0193,1.0199,1.0199,1.0167,1.0154,1.0154,1.0180,1.0179,1.0154,1.0164,1.0164,1.0164,1.0197,1.0197,1.0197,0.9852,0.0045,1.0194,0.0045,1.0241,0.9762,0.0045,0.9931,0.0045
8.5026,1.0247,1.0246,1.0247,1.0246,1.0247,1.0246,1.0199,1.0199,1.0199,1.0199,1.0200,1.0200,1.0200,1.0199,1.0199,1.0196,1.0183,1.0183,1.0199,1.0198,1.0189,1.0193,1.0193,1.0199,1.0199,1.0167,1.0154,1.0154,1.0180,1.0179,1.0154,1.0164,1.0164,1.0164,1.0197,1.0197,1.0197,0.9852,0.0044,1.0194,0.0044,1.0241,0.9762,0.0044,0.9931,0.0044
8.5126,1.0247,1.0246,1.0247,1.0246,1.0247,1.0246,1.0199,1.0199,1.0199,1.0199,1.0200,1.0200,1.0200,1.0199,1.0199,1.0196,1.0183,1.0183,1.0199,1.0198,1.0189,1.0193,1.0193,1.0199,1.0199,1.0167,1.0154,1.0154,1.0180,1.0179,1.0154,1.0164,1.0164,1.0164,1.0197,1.0197,1.0197,0.9852,0.0044,1.0194,0.0044,1.0241,0.9762,0.0044,0.9931,0.0044
8.5226,1.0247,1.0246,1.0247,1.0246,1.0247,1.0246,1.0199,1.0199,1.0199,1.0199,1.0200,1.0200,1.0200,1.0199,1.0199,1.0196,1.0183,1.0183,1.0199,1.0198,1.0189,1.0193,1.0193,1.0199,1.0199,1.0167,1.0154,1.0154,1.0180,1.0179,1.0154,1.0164,1.0164,1.0164,1.0197,1.0197,1.0197,0.9852,0.0044,1.0194,0.0044,1.0241,0.9762,0.0044,0.9931,0.0044
8.5326,1.0247,1.0246,1.0247,1.0246,1.0247,1.0246,1.0199,1.0199,1.0199,1.0199,1.0200,1.0200,1.0200,1.0199,1.0199,1.0196,1.0183,1.0183,1.0199,1.0198,1.0189,1.0193,1.0193,1.0199,1.0199,1.0167,1.0154,1.0154,1.0180,1.0179,1.0154,1.0164,1.0164,1.0164,1.0197,1.0197,1.0197,0.9852,0.0044,1.0194,0.0044,1.0241,0.9762,0.0044,0.9931,0.0044
8.5426,1.0247,1.0246,1.0247,1.0246,1.0247,1.0246,1.0199,1.0199,1.0199,1.0199,1.0200,1.0200,1.0200,1.0199,1.0199,1.0196,1.0183,1.0183,1.0199,1.0198,1.0189,1.0193,1.0193,1.0199,1.0199,1.0167,1.0154,1.0154,1.0180,1.0179,1.0154,1.0164,1.0164,1.0164,1.0197,1.0197,1.0197,0.9852,0.0043,1.0194,0.0043,1.0241,0.9762,0.0043,0.9931,0.0043
8.5526,1.0247,1.0246,1.0247,1.0246,1.0247,1.0246,1.0199,1.0199,1.0199,1.0199,1.0200,1.0200,1.0200,1.0199,1.0199,1.0196,1.0183,1.0183,1.0199,1.0198,1.0189,1.0193,1.0193,1.0199,1.0199,1.0167,1.0154,1.0154,1.0180,1.0179,1.0154,1.0164,1.0164,1.0164,1.0197,1.0197,1.0197,0.9852,0.0043,1.0194,0.0043,1.0241,0.9762,0.0043,0.9931,0.0043
8.5626,1.0247,1.0246,1.0247,1.0246,1.0247,1.0246,1.0199,1.0199,1.0199,1.0199,1.0200,1.0200,1.0200,1.0199,1.0199,1.0196,1.0183,1.0183,1.0199,1.0198,1.0189,1.0193,1.0193,1.0199,1.0199,1.0167,1.0154,1.0154,1.0180,1.0179,1.0154,1.0164,1.0164,1.0164,1.0197,1.0197,1.0197,0.9852,0.0043,1.0194,0.0043,1.0241,0.9762,0.0043,0.9931,0.0043
8.5726,1.0247,1.0246,1.0247,1.0246,1.0247,1.0246,1.0199,1.0199,1.0199,1.0199,1.0200,1.0200,1.0200,1.0199,1.0199,1.0196,1.0183,1.0183,1.0199,1.0198,1.0189,1.0193,1.0193,1.0199,1.0199,1.0167,1.0154,1.0154,1.0180,1.0179,1.0154,1.0164,1.0164,1.0164,1.0197,1.0197,1.0197,0.9852,0.0042,1.0194,0.0042,1.0241,0.9762,0.0042,0.9931,0.0042
8.5826,1.0247,1.0246,1.0247,1.0246,1.0247,1.0246,1.0199,1.0199,1.0199,1.0199,1.0200,1.0200,1.0200,1.0199,1.0199,1.0196,1.0183,1.0183,1.0199,1.0198,1.0189,1.0193,1.0193,1.0199,1.0199,1.0167,1.0154,1.0154,1.0180,1.0179,1.0154,1.0164,1.0164,1.0164,1.0197,1.0197,1.0197,0.9852,0.0042,1.0194,0.0042,1.0241,0.9762,0.0042,0.9931,0.0042
8.5926,1.0247,1.0246,1.0247,1.0246,1.0247,1.0246,1.0199,1.0199,1.0199,1.0199,1.0200,1.0200,1.0200,1.0199,1.0199,1.0196,1.0183,1.0183,1.0199,1.0198,1.0189,1.0193,1.0193,1.0199,1.0199,1.0167,1.0154,1.0154,1.0180,1.0179,1.0154,1.0164,1.0164,1.0164,1.0197,1.0197,1.0197,0.9852,0.0042,1.0194,0.0042,1.0241,0.9762,0.0042,0.9931,0.0042
8.6026,1.0247,1.0246,1.0247,1.0246,1.0247,1.0246,1.0199,1.0199,1.0199,1.0199,1.0200,1.0200,1.0200,1.0199,1.0199,1.0196,1.0183,1.0183,1.0199,1.0198,1.0189,1.0193,1.0193,1.0199,1.0199,1.0167,1.0154,1.0154,1.0180,1.0179,1.0154,1.0164,1.0164,1.0164,1.0197,1.0197,1.0197,0.9852,0.0042,1.0194,0.0042,1.0241,0.9762,0.0042,0.9931,0.0042
8.6126,1.0247,1.0246,1.0247,1.0246,1.0247,1.0246,1.0199,1.0199,1.0199,1.0199,1.0200,1.0200,1.0200,1.0199,1.0199,1.0196,1.0183,1.0183,1.0199,1.0198,1.0189,1.0193,1.0193,1.0199,1.0199,1.0167,1.0154,1.0154,1.0180,1.0179,1.0154,1.0164,1.0164,1.0164,1.0197,1.0197,1.0197,0.9852,0.0041,1.0194,0.0041,1.0241,0.9762,0.0041,0.9931,0.0041
8.6226,1.0247,1.0246,1.0247,1.0246,1.0247,1.0246,1.0199,1.0199,1.0199,1.0199,1.0200,1.0200,1.0200,1.0199,1.0199,1.0196,1.0183,1.0183,1.0199,1.0198,1.0189,1.0193,1.0193,1.0199,1.0199,1.0167,1.0154,1.0154,1.0180,1.0179,1.0154,1.0164,1.0164,1.0164,1.0197,1.0197,1.0197,0.9852,0.0041,1.0194,0.0041,1.0241,0.9762,0.0041,0.9931,0.0041
8.6326,1.0247,1.0246,1.0247,1.0246,1.0247,1.0246,1.0199,1.0199,1.0199,1.0199,1.0200,1.0200,1.0200,1.0199,1.0199,1.0196,1.0183,1.0183,1.0199,1.0198,1.0189,1.0193,1.0193,1.0199,1.0199,1.0167,1.0154,1.0154,1.0180,1.0179,1.0154,1.0164,1.0164,1.0164,1.0197,1.0197,1.0197,0.9852,0.0041,1.0194,0.0041,1.0241,0.9762,0.0041,0.9931,0.0041
8.6426,1.0247,1.0246,1.0247,1.0246,1.0247,1.0246,1.0199,1.0199,1.0199,1.0199,1.0200,1.0200,1.0200,1.0199,1.0199,1.0196,1.0183,1.0183,1.0199,1.0198,1.0189,1.0193,1.0193,1.0199,1.0199,1.0167,1.0154,1.0154,1.0180,1.0179,1.0154,1.0164,1.0164,1.0164,1.0197,1.0197,1.0197,0.9852,0.0041,1.0194,0.0041,1.0241,0.9762,0.0041,0.9931,0.0041
8.6526,1.0247,1.0246,1.0247,1.0246,1.0247,1.0246,1.0199,1.0199,1.0199,1.0199,1.0200,1.0200,1.0200,1.0199,1.0199,1.0196,1.0183,1.0183,1.0199,1.0198,1.0189,1.0193,1.0193,1.0199,1.0199,1.0167,1.0154,1.0154,1.0180,1.0179,1.0154,1.0164,1.0164,1.0164,1.0197,1.0197,1.0197,0.9852,0.0040,1.0194,0.0040,1.0241,0.9762,0.0040,0.9931,0.0040
8.6626,1.0247,1.0246,1.0247,1.0246,1.0247,1.0246,1.0199,1.0199,1.0199,1.0199,1.0200,1.0200,1.0200,1.0199,1.0199,1.0196,1.0183,1.0183,1.0199,1.0198,1.0189,1.0193,1.0193,1.0199,1.0199,1.0167,1.0154,1.0154,1.0180,1.0179,1.0154,1.0164,1.0164,1.0164,1.0197,1.0197,1.0197,0.9852,0.0040,1.0194,0.0040,1.0241,0.9762,0.0040,0.9931,0.0040
8.6726,1.0247,1.0246,1.0247,1.0246,1.0247,1.0246,1.0199,1.0199,1.0199,1.0199,1.0200,1.0200,1.0200,1.0199,1.0199,1.0196,1.0183,1.0183,1.0199,1.0198,1.0189,1.0193,1.0193,1.0199,1.0199,1.0167,1.0154,1.0154,1.0180,1.0179,1.0154,1.0164,1.0164,1.0164,1.0197,1.0197,1.0197,0.9852,0.0040,1.0194,0.0040,1.0241,0.9762,0.0040,0.9931,0.0040
8.6826,1.0247,1.0246,1.0247,1.0246,1.0247,1.0246,1.0199,1.0199,1.0199,1.0199,1.0200,1.0200,1.0200,1.0199,1.0199,1.0196,1.0183,1.0183,1.0199,1.0198,1.0189,1.0193,1.0193,1.0199,1.0199,1.0167,1.0154,1.0154,1.0180,1.0179,1.0154,1.0164,1.0164,1.0164,1.0197,1.0197,1.0197,0.9852,0.0040,1.0194,0.0040,1.0241,0.9762,0.0040,0.9931,0.0040
8.6926,1.0247,1.0246,1.0247,1.0246,1.0247,1.0246,1.0199,1.0199,1.0199,1.0199,1.0200,1.0200,1.0200,1.0199,1.0199,1.0196,1.0183,1.0183,1.0199,1.0198,1.0189,1.0193,1.0193,1.0199,1.0199,1.0167,1.0154,1.0154,1.0180,1.0179,1.0154,1.0164,1.0164,1.0164,1.0197,1.0197,1.0197,0.9852,0.0040,1.0194,0.0040,1.0241,0.9762,0.0039,0.9931,0.0040
8.7026,1.0247,1.0246,1.0247,1.0246,1.0247,1.0246,1.0199,1.0199,1.0199,1.0199,1.0200,1.0200,1.0200,1.0199,1.0199,1.0196,1.0183,1.0183,1.0199,1.0198,1.0189,1.0193,1.0193,1.0199,1.0199,1.0167,1.0154,1.0154,1.0180,1.0179,1.0154,1.0164,1.0164,1.0164,1.0197,1.0197,1.0197,0.9852,0.0039,1.0194,0.0039,1.0241,0.9762,0.0039,0.9931,0.0039
8.7126,1.0247,1.0246,1.0247,1.0246,1.0247,1.0246,1.0199,1.0199,1.0199,1.0199,1.0200,1.0200,1.0200,1.0199,1.0199,1.0196,1.0183,1.0183,1.0199,1.0198,1.0189,1.0193,1.0193,1.0199,1.0199,1.0167,1.0154,1.0154,1.0180,1.0179,1.0154,1.0164,1.0164,1.0164,1.0197,1.0197,1.0197,0.9852,0.0039,1.0194,0.0039,1.0241,0.9762,0.0039,0.9931,0.0039
8.7226,1.0247,1.0246,1.0247,1.0246,1.0247,1.0246,1.0199,1.0199,1.0199,1.0199,1.0200,1.0200,1.0200,1.0199,1.0199,1.0196,1.0183,1.0183,1.0199,1.0198,1.0189,1.0193,1.0193,1.0199,1.0199,1.0167,1.0154,1.0154,1.0180,1.0179,1.0154,1.0164,1.0164,1.0164,1.0197,1.0197,1.0197,0.9852,0.0039,1.0194,0.0039,1.0241,0.9762,0.0039,0.9931,0.0039
8.7326,1.0247,1.0246,1.0247,1.0246,1.0247,1.0246,1.0199,1.0199,1.0199,1.0199,1.0200,1.0200,1.0200,1.0199,1.0199,1.0196,1.0183,1.0183,1.0199,1.0198,1.0189,1.0193,1.0193,1.0199,1.0199,1.0167,1.0154,1.0154,1.0180,1.0179,1.0154,1.0164,1.0164,1.0164,1.0197,1.0197,1.0197,0.9852,0.0039,1.0194,0.0039,1.0241,0.9762,0.0039,0.9931,0.0039
8.7426,1.0247,1.0246,1.0247,1.0246,1.0247,1.0246,1.0199,1.0199,1.0199,1.0199,1.0200,1.0200,1.0200,1.0199,1.0199,1.0196,1.0183,1.0183,1.0199,1.0198,1.0189,1.0193,1.0193,1.0199,1.0199,1.0167,1.0154,1.0154,1.0180,1.0179,1.0154,1.0164,1.0164,1.0164,1.0197,1.0197,1.0197,0.9852,0.0038,1.0194,0.0038,1.0241,0.9762,0.0038,0.9931,0.0038
8.7526,1.0247,1.0246,1.0247,1.0246,1.0247,1.0246,1.0199,1.0199,1.0199,1.0199,1.0200,1.0200,1.0200,1.0199,1.0199,1.0196,1.0183,1.0183,1.0199,1.0198,1.0189,1.0193,1.0193,1.0199,1.0199,1.0167,1.0154,1.0154,1.0180,1.0179,1.0154,1.0164,1.0164,1.0164,1.0197,1.0197,1.0197,0.9852,0.0038,1.0194,0.0038,1.0241,0.9762,0.0038,0.9931,0.0038
8.7626,1.0247,1.0246,1.0247,1.0246,1.0247,1.0246,1.0199,1.0199,1.0199,1.0199,1.0200,1.0200,1.0200,1.0199,1.0199,1.0196,1.0183,1.0183,1.0199,1.0198,1.0189,1.0193,1.0193,1.0199,1.0199,1.0167,1.0154,1.0154,1.0180,1.0179,1.0154,1.0164,1.0164,1.0164,1.0197,1.0197,1.0197,0.9852,0.0038,1.0194,0.0038,1.0241,0.9762,0.0038,0.9931,0.0038
8.7726,1.0247,1.0246,1.0247,1.0246,1.0247,1.0246,1.0199,1.0199,1.0199,1.0199,1.0200,1.0200,1.0200,1.0199,1.0199,1.0196,1.0183,1.0183,1.0199,1.0198,1.0189,1.0193,1.0193,1.0199,1.0199,1.0167,1.0154,1.0154,1.0180,1.0179,1.0154,1.0164,1.0164,1.0164,1.0197,1.0197,1.0197,0.9852,0.0038,1.0194,0.0038,1.0241,0.9762,0.0038,0.9931,0.0038
8.7826,1.0247,1.0246,1.0247,1.0246,1.0247,1.0246,1.0199,1.0199,1.0199,1.0199,1.0200,1.0200,1.0200,1.0199,1.0199,1.0196,1.0183,1.0183,1.0199,1.0198,1.0189,1.0193,1.0193,1.0199,1.0199,1.0167,1.0154,1.0154,1.0180,1.0179,1.0154,1.0164,1.0164,1.0164,1.0197,1.0197,1.0197,0.9852,0.0037,1.0194,0.0037,1.0241,0.9762,0.0037,0.9931,0.0037
8.7926,1.0247,1.0246,1.0247,1.0246,1.0247,1.0246,1.0199,1.0199,1.0199,1.0199,1.0200,1.0200,1.0200,1.0199,1.0199,1.0196,1.0183,1.0183,1.0199,1.0198,1.0189,1.0193,1.0193,1.0199,1.0199,1.0167,1.0154,1.0154,1.0180,1.0179,1.0154,1.0164,1.0164,1.0164,1.0197,1.0197,1.0197,0.9852,0.0037,1.0194,0.0037,1.0241,0.9762,0.0037,0.9931,0.0037
8.8026,1.0247,1.0246,1.0247,1.0246,1.0247,1.0246,1.0199,1.0199,1.0199,1.0199,1.0200,1.0200,1.0200,1.0199,1.0199,1.0196,1.0183,1.0183,1.0199,1.0198,1.0189,1.0193,1.0193,1.0199,1.0199,1.0167,1.0154,1.0154,1.0180,1.0179,1.0154,1.0164,1.0164,1.0164,1.0197,1.0197,1.0197,0.9852,0.0037,1.0194,0.0037,1.0241,0.9762,0.0037,0.9931,0.0037
8.8126,1.0247,1.0246,1.0247,1.0246,1.0247,1.0246,1.0199,1.0199,1.0199,1.0199,1.0200,1.0200,1.0200,1.0199,1.0199,1.0196,1.0183,1.0183,1.0199,1.0198,1.0189,1.0193,1.0193,1.0199,1.0199,1.0167,1.0154,1.0154,1.0180,1.0179,1.0154,1.0164,1.0164,1.0164,1.0197,1.0197,1.0197,0.9852,0.0037,1.0194,0.0037,1.0241,0.9762,0.0037,0.9931,0.0037
8.8226,1.0247,1.0246,1.0247,1.0246,1.0247,1.0246,1.0199,1.0199,1.0199,1.0199,1.0200,1.0200,1.0200,1.0199,1.0199,1.0196,1.0183,1.0183,1.0199,1.0198,1.0189,1.0193,1.0193,1.0199,1.0199,1.0167,1.0154,1.0154,1.0180,1.0179,1.0154,1.0164,1.0164,1.0164,1.0197,1.0197,1.0197,0.9852,0.0037,1.0194,0.0037,1.0241,0.9762,0.0037,0.9931,0.0037
8.8326,1.0247,1.0246,1.0247,1.0246,1.0247,1.0246,1.0199,1.0199,1.0199,1.0199,1.0200,1.0200,1.0200,1.0199,1.0199,1.0196,1.0183,1.0183,1.0199,1.0198,1.0189,1.0193,1.0193,1.0199,1.0199,1.0167,1.0154,1.0154,1.0180,1.0179,1.0154,1.0164,1.0164,1.0164,1.0197,1.0197,1.0197,0.9852,0.0036,1.0194,0.0036,1.0241,0.9762,0.0036,0.9931,0.0036
8.8426,1.0247,1.0246,1.0247,1.0246,1.0247,1.0246,1.0199,1.0199,1.0199,1.0199,1.0200,1.0200,1.0200,1.0199,1.0199,1.0196,1.0183,1.0183,1.0199,1.0198,1.0189,1.0193,1.0193,1.0199,1.0199,1.0167,1.0154,1.0154,1.0180,1.0179,1.0154,1.0164,1.0164,1.0164,1.0197,1.0197,1.0197,0.9852,0.0036,1.0194,0.0036,1.0241,0.9762,0.0036,0.9931,0.0036
8.8526,1.0247,1.0246,1.0247,1.0246,1.0247,1.0246,1.0199,1.0199,1.0199,1.0199,1.0200,1.0200,1.0200,1.0199,1.0199,1.0196,1.0183,1.0183,1.0199,1.0198,1.0189,1.0193,1.0193,1.0199,1.0199,1.0167,1.0154,1.0154,1.0180,1.0179,1.0154,1.0164,1.0164,1.0164,1.0197,1.0197,1.0197,0.9852,0.0036,1.0194,0.0036,1.0241,0.9762,0.0036,0.9931,0.0036
8.8626,1.0247,1.0246,1.0247,1.0246,1.0247,1.0246,1.0199,1.0199,1.0199,1.0199,1.0200,1.0200,1.0200,1.0199,1.0199,1.0196,1.0183,1.0183,1.0199,1.0198,1.0189,1.0193,1.0193,1.0199,1.0199,1.0167,1.0154,1.0154,1.0180,1.0179,1.0154,1.0164,1.0164,1.0164,1.0197,1.0197,1.0197,0.9852,0.0036,1.0194,0.0036,1.0241,0.9762,0.0036,0.9931,0.0036
8.8726,1.0247,1.0246,1.0247,1.0246,1.0247,1.0246,1.0199,1.0199,1.0199,1.0199,1.0200,1.0200,1.0200,1.0199,1.0199,1.0196,1.0183,1.0183,1.0199,1.0198,1.0189,1.0193,1.0193,1.0199,1.0199,1.0167,1.0154,1.0154,1.0180,1.0179,1.0154,1.0164,1.0164,1.0164,1.0197,1.0197,1.0197,0.9852,0.0035,1.0194,0.0035,1.0241,0.9762,0.0035,0.9931,0.0035
8.8826,1.0247,1.0246,1.0247,1.0246,1.0247,1.0246,1.0199,1.0199,1.0199,1.0199,1.0200,1.0200,1.0200,1.0199,1.0199,1.0196,1.0183,1.0183,1.0199,1.0198,1.0189,1.0193,1.0193,1.0199,1.0199,1.0167,1.0154,1.0154,1.0180,1.0179,1.0154,1.0164,1.0164,1.0164,1.0197,1.0197,1.0197,0.9852,0.0035,1.0194,0.0035,1.0241,0.9762,0.0035,0.9931,0.0035
8.8926,1.0247,1.0246,1.0247,1.0246,1.0247,1.0246,1.0199,1.0199,1.0199,1.0199,1.0200,1.0200,1.0200,1.0199,1.0199,1.0196,1.0183,1.0183,1.0199,1.0198,1.0189,1.0193,1.0193,1.0199,1.0199,1.0167,1.0154,1.0154,1.0180,1.0179,1.0154,1.0164,1.0164,1.0164,1.0197,1.0197,1.0197,0.9852,0.0035,1.0194,0.0035,1.0241,0.9761,0.0035,0.9931,0.0035
8.9026,1.0247,1.0246,1.0247,1.0246,1.0247,1.0246,1.0199,1.0199,1.0199,1.0199,1.0200,1.0200,1.0200,1.0199,1.0199,1.0196,1.0183,1.0183,1.0199,1.0198,1.0189,1.0193,1.0193,1.0199,1.0199,1.0167,1.0154,1.0154,1.0180,1.0179,1.0154,1.0164,1.0164,1.0164,1.0197,1.0197,1.0197,0.9852,0.0035,1.0194,0.0035,1.0241,0.9761,0.0035,0.9931,0.0035
8.9126,1.0247,1.0246,1.0247,1.0246,1.0247,1.0246,1.0199,1.0199,1.0199,1.0199,1.0200,1.0200,1.0200,1.0199,1.0199,1.0196,1.0183,1.0183,1.0199,1.0198,1.0189,1.0193,1.0193,1.0199,1.0199,1.0167,1.0154,1.0154,1.0180,1.0179,1.0154,1.0164,1.0164,1.0164,1.0197,1.0197,1.0197,0.9852,0.0035,1.0194,0.0035,1.0241,0.9761,0.0035,0.9931,0.0035
8.9226,1.0247,1.0246,1.0247,1.0246,1.0247,1.0246,1.0199,1.0199,1.0199,1.0199,1.0200,1.0200,1.0200,1.0199,1.0199,1.0196,1.0183,1.0183,1.0199,1.0198,1.0189,1.0193,1.0193,1.0199,1.0199,1.0167,1.0154,1.0154,1.0180,1.0179,1.0154,1.0164,1.0164,1.0164,1.0197,1.0197,1.0197,0.9852,0.0034,1.0194,0.0034,1.0241,0.9761,0.0034,0.9931,0.0034
8.9326,1.0247,1.0246,1.0247,1.0246,1.0247,1.0246,1.0199,1.0199,1.0199,1.0199,1.0200,1.0200,1.0200,1.0199,1.0199,1.0196,1.0183,1.0183,1.0199,1.0198,1.0189,1.0193,1.0193,1.0199,1.0199,1.0167,1.0154,1.0154,1.0180,1.0179,1.0154,1.0164,1.0164,1.0164,1.0197,1.0197,1.0197,0.9852,0.0034,1.0194,0.0034,1.0241,0.9761,0.0034,0.9931,0.0034
8.9426,1.0247,1.0246,1.0247,1.0246,1.0247,1.0246,1.0199,1.0199,1.0199,1.0199,1.0200,1.0200,1.0200,1.0199,1.0199,1.0196,1.0183,1.0183,1.0199,1.0198,1.0189,1.0193,1.0193,1.0199,1.0199,1.0167,1.0154,1.0154,1.0180,1.0179,1.0154,1.0164,1.0164,1.0164,1.0197,1.0197,1.0197,0.9852,0.0034,1.0194,0.0034,1.0241,0.9761,0.0034,0.9931,0.0034
8.9526,1.0247,1.0246,1.0247,1.0246,1.0247,1.0246,1.0199,1.0199,1.0199,1.0199,1.0200,1.0200,1.0200,1.0199,1.0199,1.0196,1.0183,1.0183,1.0199,1.0198,1.0189,1.0193,1.0193,1.0199,1.0199,1.0167,1.0154,1.0154,1.0180,1.0179,1.0154,1.0164,1.0164,1.0164,1.0197,1.0197,1.0197,0.9852,0.0034,1.0194,0.0034,1.0241,0.9761,0.0034,0.9931,0.0034
8.9626,1.0247,1.0246,1.0247,1.0246,1.0247,1.0246,1.0199,1.0199,1.0199,1.0199,1.0200,1.0200,1.0200,1.0199,1.0199,1.0196,1.0183,1.0183,1.0199,1.0198,1.0189,1.0193,1.0193,1.0199,1.0199,1.0167,1.0154,1.0154,1.0180,1.0179,1.0154,1.0164,1.0164,1.0164,1.0197,1.0197,1.0197,0.9852,0.0034,1.0194,0.0034,1.0241,0.9761,0.0034,0.9931,0.0034
8.9726,1.0247,1.0246,1.0247,1.0246,1.0247,1.0246,1.0199,1.0199,1.0199,1.0199,1.0200,1.0200,1.0200,1.0199,1.0199,1.0196,1.0183,1.0183,1.0199,1.0198,1.0189,1.0193,1.0193,1.0199,1.0199,1.0167,1.0154,1.0154,1.0180,1.0179,1.0154,1.0164,1.0164,1.0164,1.0197,1.0197,1.0197,0.9852,0.0033,1.0194,0.0033,1.0241,0.9761,0.0033,0.9931,0.0033
8.9826,1.0247,1.0246,1.0247,1.0246,1.0247,1.0246,1.0199,1.0199,1.0199,1.0199,1.0200,1.0200,1.0200,1.0199,1.0199,1.0196,1.0183,1.0183,1.0199,1.0198,1.0189,1.0193,1.0193,1.0199,1.0199,1.0167,1.0154,1.0154,1.0180,1.0179,1.0154,1.0164,1.0164,1.0164,1.0197,1.0197,1.0197,0.9852,0.0033,1.0194,0.0033,1.0241,0.9761,0.0033,0.9931,0.0033
8.9926,1.0247,1.0246,1.0247,1.0246,1.0247,1.0246,1.0199,1.0199,1.0199,1.0199,1.0200,1.0200,1.0200,1.0199,1.0199,1.0196,1.0183,1.0183,1.0199,1.0198,1.0189,1.0193,1.0193,1.0199,1.0199,1.0167,1.0154,1.0154,1.0180,1.0179,1.0154,1.0164,1.0164,1.0164,1.0197,1.0197,1.0197,0.9852,0.0033,1.0194,0.0033,1.0241,0.9761,0.0033,0.9931,0.0033
9.0026,1.0247,1.0246,1.0247,1.0246,1.0247,1.0246,1.0199,1.0199,1.0199,1.0199,1.0200,1.0200,1.0200,1.0199,1.0199,1.0196,1.0183,1.0183,1.0199,1.0198,1.0189,1.0193,1.0193,1.0199,1.0199,1.0167,1.0154,1.0154,1.0180,1.0179,1.0154,1.0164,1.0164,1.0164,1.0197,1.0197,1.0197,0.9852,0.0033,1.0194,0.0033,1.0241,0.9761,0.0033,0.9931,0.0033
9.0126,1.0247,1.0246,1.0247,1.0246,1.0247,1.0246,1.0199,1.0199,1.0199,1.0199,1.0200,1.0200,1.0200,1.0199,1.0199,1.0196,1.0183,1.0183,1.0199,1.0198,1.0189,1.0193,1.0193,1.0199,1.0199,1.0167,1.0154,1.0154,1.0180,1.0179,1.0154,1.0164,1.0164,1.0164,1.0197,1.0197,1.0197,0.9852,0.0033,1.0194,0.0033,1.0241,0.9761,0.0033,0.9931,0.0033
9.0226,1.0247,1.0246,1.0247,1.0246,1.0247,1.0246,1.0199,1.0199,1.0199,1.0199,1.0200,1.0200,1.0200,1.0199,1.0199,1.0196,1.0183,1.0183,1.0199,1.0198,1.0189,1.0193,1.0193,1.0199,1.0199,1.0167,1.0154,1.0154,1.0180,1.0179,1.0154,1.0164,1.0164,1.0164,1.0197,1.0197,1.0197,0.9852,0.0032,1.0194,0.0032,1.0241,0.9761,0.0032,0.9931,0.0032
9.0326,1.0247,1.0246,1.0247,1.0246,1.0247,1.0246,1.0199,1.0199,1.0199,1.0199,1.0200,1.0200,1.0200,1.0199,1.0199,1.0196,1.0183,1.0183,1.0199,1.0198,1.0189,1.0193,1.0193,1.0199,1.0199,1.0167,1.0154,1.0154,1.0180,1.0179,1.0154,1.0164,1.0164,1.0164,1.0197,1.0197,1.0197,0.9852,0.0032,1.0194,0.0032,1.0241,0.9761,0.0032,0.9931,0.0032
9.0426,1.0247,1.0246,1.0247,1.0246,1.0247,1.0246,1.0199,1.0199,1.0199,1.0199,1.0200,1.0200,1.0200,1.0199,1.0199,1.0196,1.0183,1.0183,1.0199,1.0198,1.0189,1.0193,1.0193,1.0199,1.0199,1.0167,1.0154,1.0154,1.0180,1.0179,1.0154,1.0164,1.0164,1.0164,1.0197,1.0197,1.0197,0.9852,0.0032,1.0194,0.0032,1.0241,0.9761,0.0032,0.9931,0.0032
9.0526,1.0247,1.0246,1.0247,1.0246,1.0247,1.0246,1.0199,1.0199,1.0199,1.0199,1.0200,1.0200,1.0200,1.0199,1.0199,1.0196,1.0183,1.0183,1.0199,1.0198,1.0189,1.0193,1.0193,1.0199,1.0199,1.0167,1.0154,1.0154,1.0180,1.0179,1.0154,1.0164,1.0164,1.0164,1.0197,1.0197,1.0197,0.9852,0.0032,1.0194,0.0032,1.0241,0.9761,0.0032,0.9931,0.0032
9.0626,1.0247,1.0246,1.0247,1.0246,1.0247,1.0246,1.0199,1.0199,1.0199,1.0199,1.0200,1.0200,1.0200,1.0199,1.0199,1.0196,1.0183,1.0183,1.0199,1.0198,1.0189,1.0193,1.0193,1.0199,1.0199,1.0167,1.0154,1.0154,1.0180,1.0179,1.0154,1.0164,1.0164,1.0164,1.0197,1.0197,1.0197,0.9852,0.0032,1.0194,0.0032,1.0241,0.9761,0.0032,0.9931,0.0032
9.0726,1.0247,1.0246,1.0247,1.0246,1.0247,1.0246,1.0199,1.0199,1.0199,1.0199,1.0200,1.0200,1.0200,1.0199,1.0199,1.0196,1.0183,1.0183,1.0199,1.0198,1.0189,1.0193,1.0193,1.0199,1.0199,1.0167,1.0154,1.0154,1.0180,1.0179,1.0154,1.0164,1.0164,1.0164,1.0197,1.0197,1.0197,0.9852,0.0031,1.0194,0.0031,1.0241,0.9761,0.0031,0.9931,0.0031
9.0826,1.0247,1.0246,1.0247,1.0246,1.0247,1.0246,1.0199,1.0199,1.0199,1.0199,1.0200,1.0200,1.0200,1.0199,1.0199,1.0196,1.0183,1.0183,1.0199,1.0198,1.0189,1.0193,1.0193,1.0199,1.0199,1.0167,1.0154,1.0154,1.0180,1.0179,1.0154,1.0164,1.0164,1.0164,1.0197,1.0197,1.0197,0.9852,0.0031,1.0194,0.0031,1.0241,0.9761,0.0031,0.9931,0.0031
9.0926,1.0247,1.0246,1.0247,1.0246,1.0247,1.0246,1.0199,1.0199,1.0199,1.0199,1.0200,1.0200,1.0200,1.0199,1.0199,1.0196,1.0183,1.0183,1.0199,1.0198,1.0189,1.0193,1.0193,1.0199,1.0199,1.0167,1.0154,1.0154,1.0180,1.0179,1.0154,1.0164,1.0164,1.0164,1.0197,1.0197,1.0197,0.9852,0.0031,1.0194,0.0031,1.0241,0.9761,0.0031,0.9931,0.0031
9.1026,1.0247,1.0246,1.0247,1.0246,1.0247,1.0246,1.0199,1.0199,1.0199,1.0199,1.0200,1.0200,1.0200,1.0199,1.0199,1.0196,1.0183,1.0183,1.0199,1.0198,1.0189,1.0193,1.0193,1.0199,1.0199,1.0167,1.0154,1.0154,1.0180,1.0179,1.0154,1.0164,1.0164,1.0164,1.0197,1.0197,1.0197,0.9852,0.0031,1.0194,0.0031,1.0241,0.9761,0.0031,0.9931,0.0031
9.1126,1.0247,1.0246,1.0247,1.0246,1.0247,1.0246,1.0199,1.0199,1.0199,1.0199,1.0200,1.0200,1.0200,1.0199,1.0199,1.0196,1.0183,1.0183,1.0199,1.0198,1.0189,1.0193,1.0193,1.0199,1.0199,1.0167,1.0154,1.0154,1.0180,1.0179,1.0154,1.0164,1.0164,1.0164,1.0197,1.0197,1.0197,0.9852,0.0031,1.0194,0.0031,1.0241,0.9761,0.0031,0.9931,0.0031
9.1226,1.0247,1.0246,1.0247,1.0246,1.0247,1.0246,1.0199,1.0199,1.0199,1.0199,1.0200,1.0200,1.0200,1.0199,1.0199,1.0196,1.0183,1.0183,1.0199,1.0198,1.0189,1.0193,1.0193,1.0199,1.0199,1.0167,1.0154,1.0154,1.0180,1.0179,1.0154,1.0164,1.0164,1.0164,1.0197,1.0197,1.0197,0.9852,0.0031,1.0194,0.0031,1.0241,0.9761,0.0031,0.9931,0.0031
9.1326,1.0247,1.0246,1.0247,1.0246,1.0247,1.0246,1.0199,1.0199,1.0199,1.0199,1.0200,1.0200,1.0200,1.0199,1.0199,1.0196,1.0183,1.0183,1.0199,1.0198,1.0189,1.0193,1.0193,1.0199,1.0199,1.0167,1.0154,1.0154,1.0180,1.0179,1.0154,1.0164,1.0164,1.0164,1.0197,1.0197,1.0197,0.9852,0.0030,1.0194,0.0030,1.0241,0.9761,0.0030,0.9931,0.0030
9.1426,1.0247,1.0246,1.0247,1.0246,1.0247,1.0246,1.0199,1.0199,1.0199,1.0199,1.0200,1.0200,1.0200,1.0199,1.0199,1.0196,1.0183,1.0183,1.0199,1.0198,1.0189,1.0193,1.0193,1.0199,1.0199,1.0167,1.0154,1.0154,1.0180,1.0179,1.0154,1.0164,1.0164,1.0164,1.0197,1.0197,1.0197,0.9852,0.0030,1.0194,0.0030,1.0241,0.9761,0.0030,0.9931,0.0030
9.1526,1.0247,1.0246,1.0247,1.0246,1.0247,1.0246,1.0199,1.0199,1.0199,1.0199,1.0200,1.0200,1.0200,1.0199,1.0199,1.0196,1.0183,1.0183,1.0199,1.0198,1.0189,1.0193,1.0193,1.0199,1.0199,1.0167,1.0154,1.0154,1.0180,1.0179,1.0154,1.0164,1.0164,1.0164,1.0197,1.0197,1.0197,0.9852,0.0030,1.0194,0.0030,1.0241,0.9761,0.0030,0.9931,0.0030
9.1626,1.0247,1.0246,1.0247,1.0246,1.0247,1.0246,1.0199,1.0199,1.0199,1.0199,1.0200,1.0200,1.0200,1.0199,1.0199,1.0196,1.0183,1.0183,1.0199,1.0198,1.0189,1.0193,1.0193,1.0199,1.0199,1.0167,1.0154,1.0154,1.0180,1.0179,1.0154,1.0164,1.0164,1.0164,1.0197,1.0197,1.0197,0.9852,0.0030,1.0194,0.0030,1.0241,0.9761,0.0030,0.9931,0.0030
9.1726,1.0247,1.0246,1.0247,1.0246,1.0247,1.0246,1.0199,1.0199,1.0199,1.0199,1.0200,1.0200,1.0200,1.0199,1.0199,1.0196,1.0183,1.0183,1.0199,1.0198,1.0189,1.0193,1.0193,1.0199,1.0199,1.0167,1.0154,1.0154,1.0180,1.0179,1.0154,1.0164,1.0164,1.0164,1.0197,1.0197,1.0197,0.9852,0.0030,1.0194,0.0030,1.0241,0.9761,0.0030,0.9931,0.0030
9.1826,1.0247,1.0246,1.0247,1.0246,1.0247,1.0246,1.0199,1.0199,1.0199,1.0199,1.0200,1.0200,1.0200,1.0199,1.0199,1.0196,1.0183,1.0183,1.0199,1.0198,1.0189,1.0193,1.0193,1.0199,1.0199,1.0167,1.0154,1.0154,1.0180,1.0179,1.0154,1.0164,1.0164,1.0164,1.0197,1.0197,1.0197,0.9852,0.0029,1.0194,0.0029,1.0241,0.9761,0.0029,0.9931,0.0029
9.1926,1.0247,1.0246,1.0247,1.0246,1.0247,1.0246,1.0199,1.0199,1.0199,1.0199,1.0200,1.0200,1.0200,1.0199,1.0199,1.0196,1.0183,1.0183,1.0199,1.0198,1.0189,1.0193,1.0193,1.0199,1.0199,1.0167,1.0154,1.0154,1.0180,1.0179,1.0154,1.0164,1.0164,1.0164,1.0197,1.0197,1.0197,0.9852,0.0029,1.0194,0.0029,1.0241,0.9761,0.0029,0.9931,0.0029
9.2026,1.0247,1.0246,1.0247,1.0246,1.0247,1.0246,1.0199,1.0199,1.0199,1.0199,1.0200,1.0200,1.0200,1.0199,1.0199,1.0196,1.0183,1.0183,1.0199,1.0198,1.0189,1.0193,1.0193,1.0199,1.0199,1.0167,1.0154,1.0154,1.0180,1.0179,1.0154,1.0164,1.0164,1.0164,1.0197,1.0197,1.0197,0.9852,0.0029,1.0194,0.0029,1.0241,0.9761,0.0029,0.9931,0.0029
9.2126,1.0247,1.0246,1.0247,1.0246,1.0247,1.0246,1.0199,1.0199,1.0199,1.0199,1.0200,1.0200,1.0200,1.0199,1.0199,1.0196,1.0183,1.0183,1.0199,1.0198,1.0189,1.0193,1.0193,1.0199,1.0199,1.0167,1.0154,1.0154,1.0180,1.0179,1.0154,1.0164,1.0164,1.0164,1.0197,1.0197,1.0197,0.9852,0.0029,1.0194,0.0029,1.0241,0.9761,0.0029,0.9931,0.0029
9.2226,1.0247,1.0246,1.0247,1.0246,1.0247,1.0246,1.0199,1.0199,1.0199,1.0199,1.0200,1.0200,1.0200,1.0199,1.0199,1.0196,1.0183,1.0183,1.0199,1.0198,1.0189,1.0193,1.0193,1.0199,1.0199,1.0167,1.0154,1.0154,1.0180,1.0179,1.0154,1.0164,1.0164,1.0164,1.0197,1.0197,1.0197,0.9852,0.0029,1.0194,0.0029,1.0241,0.9761,0.0029,0.9931,0.0029
9.2326,1.0247,1.0246,1.0247,1.0246,1.0247,1.0246,1.0199,1.0199,1.0199,1.0199,1.0200,1.0200,1.0200,1.0199,1.0199,1.0196,1.0183,1.0183,1.0199,1.0198,1.0189,1.0193,1.0193,1.0199,1.0199,1.0167,1.0154,1.0154,1.0180,1.0179,1.0154,1.0164,1.0164,1.0164,1.0197,1.0197,1.0197,0.9852,0.0029,1.0194,0.0029,1.0241,0.9761,0.0029,0.9931,0.0029
9.2426,1.0247,1.0246,1.0247,1.0246,1.0247,1.0246,1.0199,1.0199,1.0199,1.0199,1.0200,1.0200,1.0200,1.0199,1.0199,1.0196,1.0183,1.0183,1.0199,1.0198,1.0189,1.0193,1.0193,1.0199,1.0199,1.0167,1.0154,1.0154,1.0180,1.0179,1.0154,1.0163,1.0163,1.0163,1.0197,1.0197,1.0197,0.9852,0.0028,1.0194,0.0028,1.0241,0.9761,0.0028,0.9931,0.0028
9.2526,1.0247,1.0246,1.0247,1.0246,1.0247,1.0246,1.0199,1.0199,1.0199,1.0199,1.0200,1.0200,1.0200,1.0199,1.0199,1.0196,1.0183,1.0183,1.0199,1.0198,1.0189,1.0193,1.0193,1.0199,1.0199,1.0167,1.0154,1.0154,1.0180,1.0179,1.0154,1.0163,1.0163,1.0163,1.0197,1.0197,1.0197,0.9852,0.0028,1.0194,0.0028,1.0241,0.9761,0.0028,0.9931,0.0028
9.2626,1.0247,1.0246,1.0247,1.0246,1.0247,1.0246,1.0199,1.0199,1.0199,1.0199,1.0200,1.0200,1.0200,1.0199,1.0199,1.0196,1.0183,1.0183,1.0199,1.0198,1.0189,1.0193,1.0193,1.0199,1.0199,1.0167,1.0154,1.0154,1.0180,1.0179,1.0154,1.0163,1.0163,1.0163,1.0197,1.0197,1.0197,0.9852,0.0028,1.0194,0.0028,1.0241,0.9761,0.0028,0.9931,0.0028
9.2726,1.0247,1.0246,1.0247,1.0246,1.0247,1.0246,1.0199,1.0199,1.0199,1.0199,1.0200,1.0200,1.0200,1.0199,1.0199,1.0196,1.0183,1.0183,1.0199,1.0198,1.0189,1.0193,1.0193,1.0199,1.0199,1.0167,1.0154,1.0154,1.0180,1.0179,1.0154,1.0163,1.0163,1.0163,1.0197,1.0197,1.0197,0.9852,0.0028,1.0194,0.0028,1.0241,0.9761,0.0028,0.9931,0.0028
9.2826,1.0247,1.0246,1.0247,1.0246,1.0247,1.0246,1.0199,1.0199,1.0199,1.0199,1.0200,1.0200,1.0200,1.0199,1.0199,1.0196,1.0183,1.0183,1.0199,1.0198,1.0189,1.0193,1.0193,1.0199,1.0199,1.0167,1.0154,1.0154,1.0180,1.0179,1.0154,1.0163,1.0163,1.0163,1.0197,1.0197,1.0197,0.9852,0.0028,1.0194,0.0028,1.0241,0.9761,0.0028,0.9931,0.0028
9.2926,1.0247,1.0246,1.0247,1.0246,1.0247,1.0246,1.0199,1.0199,1.0199,1.0199,1.0200,1.0200,1.0200,1.0199,1.0199,1.0196,1.0183,1.0183,1.0199,1.0198,1.0189,1.0193,1.0193,1.0199,1.0199,1.0167,1.0154,1.0154,1.0180,1.0179,1.0154,1.0163,1.0163,1.0163,1.0197,1.0197,1.0197,0.9852,0.0028,1.0194,0.0028,1.0241,0.9761,0.0028,0.9931,0.0028
9.3026,1.0247,1.0246,1.0247,1.0246,1.0247,1.0246,1.0199,1.0199,1.0199,1.0199,1.0200,1.0200,1.0200,1.0199,1.0199,1.0196,1.0183,1.0183,1.0199,1.0198,1.0189,1.0193,1.0193,1.0199,1.0199,1.0167,1.0154,1.0154,1.0180,1.0179,1.0154,1.0163,1.0163,1.0163,1.0197,1.0197,1.0197,0.9852,0.0027,1.0194,0.0027,1.0241,0.9761,0.0027,0.9931,0.0027
9.3126,1.0247,1.0246,1.0247,1.0246,1.0247,1.0246,1.0199,1.0199,1.0199,1.0199,1.0200,1.0200,1.0200,1.0199,1.0199,1.0196,1.0183,1.0183,1.0199,1.0198,1.0189,1.0193,1.0193,1.0199,1.0199,1.0167,1.0154,1.0154,1.0180,1.0179,1.0154,1.0163,1.0163,1.0163,1.0197,1.0197,1.0197,0.9852,0.0027,1.0194,0.0027,1.0241,0.9761,0.0027,0.9931,0.0027
9.3226,1.0247,1.0246,1.0247,1.0246,1.0247,1.0246,1.0199,1.0199,1.0199,1.0199,1.0200,1.0200,1.0200,1.0199,1.0199,1.0196,1.0183,1.0183,1.0199,1.0198,1.0189,1.0193,1.0193,1.0199,1.0199,1.0167,1.0154,1.0154,1.0180,1.0179,1.0154,1.0163,1.0163,1.0163,1.0197,1.0197,1.0197,0.9852,0.0027,1.0194,0.0027,1.0241,0.9761,0.0027,0.9931,0.0027
9.3326,1.0247,1.0246,1.0247,1.0246,1.0247,1.0246,1.0199,1.0199,1.0199,1.0199,1.0200,1.0200,1.0200,1.0199,1.0199,1.0196,1.0183,1.0183,1.0199,1.0198,1.0189,1.0193,1.0193,1.0199,1.0199,1.0167,1.0154,1.0154,1.0180,1.0179,1.0154,1.0163,1.0163,1.0163,1.0197,1.0197,1.0197,0.9852,0.0027,1.0194,0.0027,1.0241,0.9761,0.0027,0.9931,0.0027
9.3426,1.0247,1.0246,1.0247,1.0246,1.0247,1.0246,1.0199,1.0199,1.0199,1.0199,1.0200,1.0200,1.0200,1.0199,1.0199,1.0196,1.0183,1.0183,1.0199,1.0198,1.0189,1.0193,1.0193,1.0199,1.0199,1.0167,1.0154,1.0154,1.0180,1.0179,1.0154,1.0163,1.0163,1.0163,1.0197,1.0197,1.0197,0.9852,0.0027,1.0194,0.0027,1.0241,0.9761,0.0027,0.9931,0.0027
9.3526,1.0247,1.0246,1.0247,1.0246,1.0247,1.0246,1.0199,1.0199,1.0199,1.0199,1.0200,1.0200,1.0200,1.0199,1.0199,1.0196,1.0183,1.0183,1.0199,1.0198,1.0189,1.0193,1.0193,1.0199,1.0199,1.0167,1.0154,1.0154,1.0180,1.0179,1.0154,1.0163,1.0163,1.0163,1.0197,1.0197,1.0197,0.9852,0.0027,1.0194,0.0027,1.0241,0.9761,0.0027,0.9931,0.0027
9.3626,1.0247,1.0246,1.0247,1.0246,1.0247,1.0246,1.0199,1.0199,1.0199,1.0199,1.0200,1.0200,1.0200,1.0199,1.0199,1.0196,1.0183,1.0183,1.0199,1.0198,1.0189,1.0193,1.0193,1.0199,1.0199,1.0167,1.0154,1.0154,1.0180,1.0179,1.0154,1.0163,1.0163,1.0163,1.0197,1.0197,1.0197,0.9852,0.0026,1.0194,0.0026,1.0241,0.9761,0.0026,0.9931,0.0026
9.3726,1.0247,1.0246,1.0247,1.0246,1.0247,1.0246,1.0199,1.0199,1.0199,1.0199,1.0200,1.0200,1.0200,1.0199,1.0199,1.0196,1.0183,1.0183,1.0199,1.0198,1.0189,1.0193,1.0193,1.0199,1.0199,1.0167,1.0154,1.0154,1.0180,1.0179,1.0154,1.0163,1.0163,1.0163,1.0197,1.0197,1.0197,0.9852,0.0026,1.0194,0.0026,1.0241,0.9761,0.0026,0.9931,0.0026
9.3826,1.0247,1.0246,1.0247,1.0246,1.0247,1.0246,1.0199,1.0199,1.0199,1.0199,1.0200,1.0200,1.0200,1.0199,1.0199,1.0196,1.0183,1.0183,1.0199,1.0198,1.0189,1.0193,1.0193,1.0199,1.0199,1.0167,1.0154,1.0154,1.0180,1.0179,1.0154,1.0163,1.0163,1.0163,1.0197,1.0197,1.0197,0.9852,0.0026,1.0194,0.0026,1.0241,0.9761,0.0026,0.9931,0.0026
9.3926,1.0247,1.0246,1.0247,1.0246,1.0247,1.0246,1.0199,1.0199,1.0199,1.0199,1.0200,1.0200,1.0200,1.0199,1.0199,1.0196,1.0183,1.0183,1.0199,1.0198,1.0189,1.0193,1.0193,1.0199,1.0199,1.0167,1.0154,1.0154,1.0180,1.0179,1.0154,1.0163,1.0163,1.0163,1.0197,1.0197,1.0197,0.9852,0.0026,1.0194,0.0026,1.0241,0.9761,0.0026,0.9931,0.0026
9.4026,1.0247,1.0246,1.0247,1.0246,1.0247,1.0246,1.0199,1.0199,1.0199,1.0199,1.0200,1.0200,1.0200,1.0199,1.0199,1.0196,1.0183,1.0183,1.0199,1.0198,1.0189,1.0193,1.0193,1.0199,1.0199,1.0167,1.0154,1.0154,1.0180,1.0179,1.0154,1.0163,1.0163,1.0163,1.0197,1.0197,1.0197,0.9852,0.0026,1.0194,0.0026,1.0241,0.9761,0.0026,0.9931,0.0026
9.4126,1.0247,1.0246,1.0247,1.0246,1.0247,1.0246,1.0199,1.0199,1.0199,1.0199,1.0200,1.0200,1.0200,1.0199,1.0199,1.0196,1.0183,1.0183,1.0199,1.0198,1.0189,1.0193,1.0193,1.0199,1.0199,1.0167,1.0154,1.0154,1.0180,1.0179,1.0154,1.0163,1.0163,1.0163,1.0197,1.0197,1.0197,0.9852,0.0026,1.0194,0.0026,1.0241,0.9761,0.0026,0.9931,0.0026
9.4226,1.0247,1.0246,1.0247,1.0246,1.0247,1.0246,1.0199,1.0199,1.0199,1.0199,1.0200,1.0200,1.0200,1.0199,1.0199,1.0196,1.0183,1.0183,1.0199,1.0198,1.0189,1.0193,1.0193,1.0199,1.0199,1.0167,1.0154,1.0154,1.0180,1.0179,1.0154,1.0163,1.0163,1.0163,1.0197,1.0197,1.0197,0.9852,0.0026,1.0194,0.0026,1.0241,0.9761,0.0026,0.9931,0.0026
9.4326,1.0247,1.0246,1.0247,1.0246,1.0247,1.0246,1.0199,1.0199,1.0199,1.0199,1.0200,1.0200,1.0200,1.0199,1.0199,1.0196,1.0183,1.0183,1.0199,1.0198,1.0189,1.0193,1.0193,1.0199,1.0199,1.0167,1.0154,1.0154,1.0180,1.0179,1.0154,1.0163,1.0163,1.0163,1.0197,1.0197,1.0197,0.9852,0.0025,1.0194,0.0025,1.0241,0.9761,0.0025,0.9931,0.0025
9.4426,1.0247,1.0246,1.0247,1.0246,1.0247,1.0246,1.0199,1.0199,1.0199,1.0199,1.0200,1.0200,1.0200,1.0199,1.0199,1.0196,1.0183,1.0183,1.0199,1.0198,1.0189,1.0193,1.0193,1.0199,1.0199,1.0167,1.0154,1.0154,1.0180,1.0179,1.0154,1.0163,1.0163,1.0163,1.0197,1.0197,1.0197,0.9852,0.0025,1.0194,0.0025,1.0241,0.9761,0.0025,0.9931,0.0025
9.4526,1.0247,1.0246,1.0247,1.0246,1.0247,1.0246,1.0199,1.0199,1.0199,1.0199,1.0200,1.0200,1.0200,1.0199,1.0199,1.0196,1.0183,1.0183,1.0199,1.0198,1.0189,1.0193,1.0193,1.0199,1.0199,1.0167,1.0154,1.0154,1.0180,1.0179,1.0154,1.0163,1.0163,1.0163,1.0197,1.0197,1.0197,0.9852,0.0025,1.0194,0.0025,1.0241,0.9761,0.0025,0.9931,0.0025
9.4626,1.0247,1.0246,1.0247,1.0246,1.0247,1.0246,1.0199,1.0199,1.0199,1.0199,1.0200,1.0200,1.0200,1.0199,1.0199,1.0196,1.0183,1.0183,1.0199,1.0198,1.0189,1.0193,1.0193,1.0199,1.0199,1.0167,1.0154,1.0154,1.0180,1.0179,1.0154,1.0163,1.0163,1.0163,1.0197,1.0197,1.0197,0.9852,0.0025,1.0194,0.0025,1.0241,0.9761,0.0025,0.9931,0.0025
9.4726,1.0247,1.0246,1.0247,1.0246,1.0247,1.0246,1.0199,1.0199,1.0199,1.0199,1.0200,1.0200,1.0200,1.0199,1.0199,1.0196,1.0183,1.0183,1.0199,1.0198,1.0189,1.0193,1.0193,1.0199,1.0199,1.0167,1.0154,1.0154,1.0180,1.0179,1.0154,1.0163,1.0163,1.0163,1.0197,1.0197,1.0197,0.9852,0.0025,1.0194,0.0025,1.0241,0.9761,0.0025,0.9931,0.0025
9.4826,1.0247,1.0246,1.0247,1.0246,1.0247,1.0246,1.0199,1.0199,1.0199,1.0199,1.0200,1.0200,1.0200,1.0199,1.0199,1.0196,1.0183,1.0183,1.0199,1.0198,1.0189,1.0193,1.0193,1.0199,1.0199,1.0167,1.0154,1.0154,1.0180,1.0179,1.0154,1.0163,1.0163,1.0163,1.0197,1.0197,1.0197,0.9852,0.0025,1.0194,0.0025,1.0241,0.9761,0.0025,0.9931,0.0025
9.4926,1.0247,1.0246,1.0247,1.0246,1.0247,1.0246,1.0199,1.0199,1.0199,1.0199,1.0200,1.0200,1.0200,1.0199,1.0199,1.0196,1.0183,1.0183,1.0199,1.0198,1.0189,1.0193,1.0193,1.0199,1.0199,1.0167,1.0154,1.0154,1.0180,1.0179,1.0154,1.0163,1.0163,1.0163,1.0197,1.0197,1.0197,0.9852,0.0024,1.0194,0.0024,1.0241,0.9761,0.0024,0.9931,0.0024
9.5026,1.0247,1.0246,1.0247,1.0246,1.0247,1.0246,1.0199,1.0199,1.0199,1.0199,1.0200,1.0200,1.0200,1.0199,1.0199,1.0196,1.0183,1.0183,1.0199,1.0198,1.0189,1.0193,1.0193,1.0199,1.0199,1.0167,1.0154,1.0154,1.0180,1.0179,1.0154,1.0163,1.0163,1.0163,1.0197,1.0197,1.0197,0.9852,0.0024,1.0194,0.0024,1.0241,0.9761,0.0024,0.9931,0.0024
9.5126,1.0247,1.0246,1.0247,1.0246,1.0247,1.0246,1.0199,1.0199,1.0199,1.0199,1.0200,1.0200,1.0200,1.0199,1.0199,1.0196,1.0183,1.0183,1.0199,1.0198,1.0189,1.0193,1.0193,1.0199,1.0199,1.0167,1.0154,1.0154,1.0180,1.0179,1.0154,1.0163,1.0163,1.0163,1.0197,1.0197,1.0197,0.9852,0.0024,1.0194,0.0024,1.0241,0.9761,0.0024,0.9931,0.0024
9.5226,1.0247,1.0246,1.0247,1.0246,1.0247,1.0246,1.0199,1.0199,1.0199,1.0199,1.0200,1.0200,1.0200,1.0199,1.0199,1.0196,1.0183,1.0183,1.0199,1.0198,1.0189,1.0193,1.0193,1.0199,1.0199,1.0167,1.0154,1.0154,1.0180,1.0179,1.0154,1.0163,1.0163,1.0163,1.0197,1.0197,1.0197,0.9852,0.0024,1.0194,0.0024,1.0241,0.9761,0.0024,0.9931,0.0024
9.5326,1.0247,1.0246,1.0247,1.0246,1.0247,1.0246,1.0199,1.0199,1.0199,1.0199,1.0200,1.0200,1.0200,1.0199,1.0199,1.0196,1.0183,1.0183,1.0199,1.0198,1.0189,1.0193,1.0193,1.0199,1.0199,1.0167,1.0154,1.0154,1.0180,1.0179,1.0154,1.0163,1.0163,1.0163,1.0197,1.0197,1.0197,0.9852,0.0024,1.0194,0.0024,1.0241,0.9761,0.0024,0.9931,0.0024
9.5426,1.0247,1.0246,1.0247,1.0246,1.0247,1.0246,1.0199,1.0199,1.0199,1.0199,1.0200,1.0200,1.0200,1.0199,1.0199,1.0196,1.0183,1.0183,1.0199,1.0198,1.0189,1.0193,1.0193,1.0199,1.0199,1.0167,1.0154,1.0154,1.0180,1.0179,1.0154,1.0163,1.0163,1.0163,1.0197,1.0197,1.0197,0.9852,0.0024,1.0194,0.0024,1.0241,0.9761,0.0024,0.9931,0.0024
9.5526,1.0247,1.0246,1.0247,1.0246,1.0247,1.0246,1.0199,1.0199,1.0199,1.0199,1.0200,1.0200,1.0200,1.0199,1.0199,1.0196,1.0183,1.0183,1.0199,1.0198,1.0189,1.0193,1.0193,1.0199,1.0199,1.0167,1.0154,1.0154,1.0180,1.0179,1.0154,1.0163,1.0163,1.0163,1.0197,1.0197,1.0197,0.9852,0.0024,1.0194,0.0024,1.0241,0.9761,0.0024,0.9931,0.0024
9.5626,1.0247,1.0246,1.0247,1.0246,1.0247,1.0246,1.0199,1.0199,1.0199,1.0199,1.0200,1.0200,1.0200,1.0199,1.0199,1.0196,1.0183,1.0183,1.0199,1.0198,1.0189,1.0193,1.0193,1.0199,1.0199,1.0167,1.0154,1.0154,1.0180,1.0179,1.0154,1.0163,1.0163,1.0163,1.0197,1.0197,1.0197,0.9852,0.0023,1.0194,0.0023,1.0241,0.9761,0.0023,0.9931,0.0023
9.5726,1.0247,1.0246,1.0247,1.0246,1.0247,1.0246,1.0199,1.0199,1.0199,1.0199,1.0200,1.0200,1.0200,1.0199,1.0199,1.0196,1.0183,1.0183,1.0199,1.0198,1.0189,1.0193,1.0193,1.0199,1.0199,1.0167,1.0154,1.0154,1.0180,1.0179,1.0154,1.0163,1.0163,1.0163,1.0197,1.0197,1.0197,0.9852,0.0023,1.0194,0.0023,1.0241,0.9761,0.0023,0.9931,0.0023
9.5826,1.0247,1.0246,1.0247,1.0246,1.0247,1.0246,1.0199,1.0199,1.0199,1.0199,1.0200,1.0200,1.0200,1.0199,1.0199,1.0196,1.0183,1.0183,1.0199,1.0198,1.0189,1.0193,1.0193,1.0199,1.0199,1.0167,1.0154,1.0154,1.0180,1.0179,1.0154,1.0163,1.0163,1.0163,1.0197,1.0197,1.0197,0.9852,0.0023,1.0194,0.0023,1.0241,0.9761,0.0023,0.9931,0.0023
9.5926,1.0247,1.0246,1.0247,1.0246,1.0247,1.0246,1.0199,1.0199,1.0199,1.0199,1.0200,1.0200,1.0200,1.0199,1.0199,1.0196,1.0183,1.0183,1.0199,1.0198,1.0189,1.0193,1.0193,1.0199,1.0199,1.0167,1.0154,1.0154,1.0180,1.0179,1.0154,1.0163,1.0163,1.0163,1.0197,1.0197,1.0197,0.9852,0.0023,1.0194,0.0023,1.0241,0.9761,0.0023,0.9931,0.0023
9.6026,1.0247,1.0246,1.0247,1.0246,1.0247,1.0246,1.0199,1.0199,1.0199,1.0199,1.0200,1.0200,1.0200,1.0199,1.0199,1.0196,1.0183,1.0183,1.0199,1.0198,1.0189,1.0193,1.0193,1.0199,1.0199,1.0167,1.0154,1.0154,1.0180,1.0179,1.0154,1.0163,1.0163,1.0163,1.0197,1.0197,1.0197,0.9852,0.0023,1.0194,0.0023,1.0241,0.9761,0.0023,0.9931,0.0023
9.6126,1.0247,1.0246,1.0247,1.0246,1.0247,1.0246,1.0199,1.0199,1.0199,1.0199,1.0200,1.0200,1.0200,1.0199,1.0199,1.0196,1.0183,1.0183,1.0199,1.0198,1.0189,1.0193,1.0193,1.0199,1.0199,1.0167,1.0154,1.0154,1.0180,1.0179,1.0154,1.0163,1.0163,1.0163,1.0197,1.0197,1.0197,0.9852,0.0023,1.0194,0.0023,1.0241,0.9761,0.0023,0.9931,0.0023
9.6226,1.0247,1.0246,1.0247,1.0246,1.0247,1.0246,1.0199,1.0199,1.0199,1.0199,1.0200,1.0200,1.0200,1.0199,1.0199,1.0196,1.0183,1.0183,1.0199,1.0198,1.0189,1.0193,1.0193,1.0199,1.0199,1.0167,1.0154,1.0154,1.0180,1.0179,1.0154,1.0163,1.0163,1.0163,1.0197,1.0197,1.0197,0.9852,0.0023,1.0194,0.0023,1.0241,0.9761,0.0023,0.9931,0.0023
9.6326,1.0247,1.0246,1.0247,1.0246,1.0247,1.0246,1.0199,1.0199,1.0199,1.0199,1.0200,1.0200,1.0200,1.0199,1.0199,1.0196,1.0183,1.0183,1.0199,1.0198,1.0189,1.0193,1.0193,1.0199,1.0199,1.0167,1.0154,1.0154,1.0180,1.0179,1.0154,1.0163,1.0163,1.0163,1.0197,1.0197,1.0197,0.9852,0.0023,1.0194,0.0023,1.0241,0.9761,0.0023,0.9931,0.0023
9.6426,1.0247,1.0246,1.0247,1.0246,1.0247,1.0246,1.0199,1.0199,1.0199,1.0199,1.0200,1.0200,1.0200,1.0199,1.0199,1.0196,1.0183,1.0183,1.0199,1.0198,1.0189,1.0193,1.0193,1.0199,1.0199,1.0167,1.0154,1.0154,1.0180,1.0179,1.0154,1.0163,1.0163,1.0163,1.0197,1.0197,1.0197,0.9852,0.0022,1.0194,0.0022,1.0241,0.9761,0.0022,0.9931,0.0022
9.6526,1.0247,1.0246,1.0247,1.0246,1.0247,1.0246,1.0199,1.0199,1.0199,1.0199,1.0200,1.0200,1.0200,1.0199,1.0199,1.0196,1.0183,1.0183,1.0199,1.0198,1.0189,1.0193,1.0193,1.0199,1.0199,1.0167,1.0154,1.0154,1.0180,1.0179,1.0154,1.0163,1.0163,1.0163,1.0197,1.0197,1.0197,0.9852,0.0022,1.0194,0.0022,1.0241,0.9761,0.0022,0.9931,0.0022
9.6626,1.0247,1.0246,1.0247,1.0246,1.0247,1.0246,1.0199,1.0199,1.0199,1.0199,1.0200,1.0200,1.0200,1.0199,1.0199,1.0196,1.0183,1.0183,1.0199,1.0198,1.0189,1.0193,1.0193,1.0199,1.0199,1.0167,1.0154,1.0154,1.0180,1.0179,1.0154,1.0163,1.0163,1.0163,1.0197,1.0197,1.0197,0.9852,0.0022,1.0194,0.0022,1.0241,0.9761,0.0022,0.9931,0.0022
9.6726,1.0247,1.0246,1.0247,1.0246,1.0247,1.0246,1.0199,1.0199,1.0199,1.0199,1.0200,1.0200,1.0200,1.0199,1.0199,1.0196,1.0183,1.0183,1.0199,1.0198,1.0189,1.0193,1.0193,1.0199,1.0199,1.0167,1.0154,1.0154,1.0180,1.0179,1.0154,1.0163,1.0163,1.0163,1.0197,1.0197,1.0197,0.9852,0.0022,1.0194,0.0022,1.0241,0.9761,0.0022,0.9931,0.0022
9.6826,1.0247,1.0246,1.0247,1.0246,1.0247,1.0246,1.0199,1.0199,1.0199,1.0199,1.0200,1.0200,1.0200,1.0199,1.0199,1.0196,1.0183,1.0183,1.0199,1.0198,1.0189,1.0193,1.0193,1.0199,1.0199,1.0167,1.0154,1.0154,1.0180,1.0179,1.0154,1.0163,1.0163,1.0163,1.0197,1.0197,1.0197,0.9852,0.0022,1.0194,0.0022,1.0241,0.9761,0.0022,0.9931,0.0022
9.6926,1.0247,1.0246,1.0247,1.0246,1.0247,1.0246,1.0199,1.0199,1.0199,1.0199,1.0200,1.0200,1.0200,1.0199,1.0199,1.0196,1.0183,1.0183,1.0199,1.0198,1.0189,1.0193,1.0193,1.0199,1.0199,1.0167,1.0154,1.0154,1.0180,1.0179,1.0154,1.0163,1.0163,1.0163,1.0197,1.0197,1.0197,0.9852,0.0022,1.0194,0.0022,1.0241,0.9761,0.0022,0.9931,0.0022
9.7026,1.0247,1.0246,1.0247,1.0246,1.0247,1.0246,1.0199,1.0199,1.0199,1.0199,1.0200,1.0200,1.0200,1.0199,1.0199,1.0196,1.0183,1.0183,1.0199,1.0198,1.0189,1.0193,1.0193,1.0199,1.0199,1.0167,1.0154,1.0154,1.0180,1.0179,1.0154,1.0163,1.0163,1.0163,1.0197,1.0197,1.0197,0.9852,0.0022,1.0194,0.0022,1.0241,0.9761,0.0022,0.9931,0.0022
9.7126,1.0247,1.0246,1.0247,1.0246,1.0247,1.0246,1.0199,1.0199,1.0199,1.0199,1.0200,1.0200,1.0200,1.0199,1.0199,1.0196,1.0183,1.0183,1.0199,1.0198,1.0189,1.0193,1.0193,1.0199,1.0199,1.0167,1.0154,1.0154,1.0180,1.0179,1.0154,1.0163,1.0163,1.0163,1.0197,1.0197,1.0197,0.9852,0.0021,1.0194,0.0021,1.0241,0.9761,0.0021,0.9931,0.0021
9.7226,1.0247,1.0246,1.0247,1.0246,1.0247,1.0246,1.0199,1.0199,1.0199,1.0199,1.0200,1.0200,1.0200,1.0199,1.0199,1.0196,1.0183,1.0183,1.0199,1.0198,1.0189,1.0193,1.0193,1.0199,1.0199,1.0167,1.0154,1.0154,1.0180,1.0179,1.0154,1.0163,1.0163,1.0163,1.0197,1.0197,1.0197,0.9852,0.0021,1.0194,0.0021,1.0241,0.9761,0.0021,0.9931,0.0021
9.7326,1.0247,1.0246,1.0247,1.0246,1.0247,1.0246,1.0199,1.0199,1.0199,1.0199,1.0200,1.0200,1.0200,1.0199,1.0199,1.0196,1.0183,1.0183,1.0199,1.0198,1.0189,1.0193,1.0193,1.0199,1.0199,1.0167,1.0154,1.0154,1.0180,1.0179,1.0154,1.0163,1.0163,1.0163,1.0197,1.0197,1.0197,0.9852,0.0021,1.0194,0.0021,1.0241,0.9761,0.0021,0.9931,0.0021
9.7426,1.0247,1.0246,1.0247,1.0246,1.0247,1.0246,1.0199,1.0199,1.0199,1.0199,1.0200,1.0200,1.0200,1.0199,1.0199,1.0196,1.0183,1.0183,1.0199,1.0198,1.0189,1.0193,1.0193,1.0199,1.0199,1.0167,1.0154,1.0154,1.0180,1.0179,1.0154,1.0163,1.0163,1.0163,1.0197,1.0197,1.0197,0.9852,0.0021,1.0194,0.0021,1.0241,0.9761,0.0021,0.9931,0.0021
9.7526,1.0247,1.0246,1.0247,1.0246,1.0247,1.0246,1.0199,1.0199,1.0199,1.0199,1.0200,1.0200,1.0200,1.0199,1.0199,1.0196,1.0183,1.0183,1.0199,1.0198,1.0189,1.0193,1.0193,1.0199,1.0199,1.0167,1.0154,1.0154,1.0180,1.0179,1.0154,1.0163,1.0163,1.0163,1.0197,1.0197,1.0197,0.9852,0.0021,1.0194,0.0021,1.0241,0.9761,0.0021,0.9931,0.0021
9.7626,1.0247,1.0246,1.0247,1.0246,1.0247,1.0246,1.0199,1.0199,1.0199,1.0199,1.0200,1.0200,1.0200,1.0199,1.0199,1.0196,1.0183,1.0183,1.0199,1.0198,1.0189,1.0193,1.0193,1.0199,1.0199,1.0167,1.0154,1.0154,1.0180,1.0179,1.0154,1.0163,1.0163,1.0163,1.0197,1.0197,1.0197,0.9852,0.0021,1.0194,0.0021,1.0241,0.9761,0.0021,0.9931,0.0021
9.7726,1.0247,1.0246,1.0247,1.0246,1.0247,1.0246,1.0199,1.0199,1.0199,1.0199,1.0200,1.0200,1.0200,1.0199,1.0199,1.0196,1.0183,1.0183,1.0199,1.0198,1.0189,1.0193,1.0193,1.0199,1.0199,1.0167,1.0154,1.0154,1.0180,1.0179,1.0154,1.0163,1.0163,1.0163,1.0197,1.0197,1.0197,0.9852,0.0021,1.0194,0.0021,1.0241,0.9761,0.0021,0.9931,0.0021
9.7826,1.0247,1.0246,1.0247,1.0246,1.0247,1.0246,1.0199,1.0199,1.0199,1.0199,1.0200,1.0200,1.0200,1.0199,1.0199,1.0196,1.0183,1.0183,1.0199,1.0198,1.0189,1.0193,1.0193,1.0199,1.0199,1.0167,1.0154,1.0154,1.0180,1.0179,1.0154,1.0163,1.0163,1.0163,1.0197,1.0197,1.0197,0.9852,0.0021,1.0194,0.0021,1.0241,0.9761,0.0021,0.9931,0.0021
9.7926,1.0247,1.0246,1.0247,1.0246,1.0247,1.0246,1.0199,1.0199,1.0199,1.0199,1.0200,1.0200,1.0200,1.0199,1.0199,1.0196,1.0183,1.0183,1.0199,1.0198,1.0189,1.0193,1.0193,1.0199,1.0199,1.0167,1.0154,1.0154,1.0180,1.0179,1.0154,1.0163,1.0163,1.0163,1.0197,1.0197,1.0197,0.9852,0.0020,1.0194,0.0020,1.0241,0.9761,0.0020,0.9931,0.0020
9.8026,1.0247,1.0246,1.0247,1.0246,1.0247,1.0246,1.0199,1.0199,1.0199,1.0199,1.0200,1.0200,1.0200,1.0199,1.0199,1.0196,1.0183,1.0183,1.0199,1.0198,1.0189,1.0193,1.0193,1.0199,1.0199,1.0167,1.0154,1.0154,1.0180,1.0179,1.0154,1.0163,1.0163,1.0163,1.0197,1.0197,1.0197,0.9852,0.0020,1.0194,0.0020,1.0241,0.9761,0.0020,0.9931,0.0020
9.8126,1.0247,1.0246,1.0247,1.0246,1.0247,1.0246,1.0199,1.0199,1.0199,1.0199,1.0200,1.0200,1.0200,1.0199,1.0199,1.0196,1.0183,1.0183,1.0199,1.0198,1.0189,1.0193,1.0193,1.0199,1.0199,1.0167,1.0154,1.0154,1.0180,1.0179,1.0154,1.0163,1.0163,1.0163,1.0197,1.0197,1.0197,0.9852,0.0020,1.0194,0.0020,1.0241,0.9761,0.0020,0.9931,0.0020
9.8226,1.0247,1.0246,1.0247,1.0246,1.0247,1.0246,1.0199,1.0199,1.0199,1.0199,1.0200,1.0200,1.0200,1.0199,1.0199,1.0196,1.0183,1.0183,1.0199,1.0198,1.0189,1.0193,1.0193,1.0199,1.0199,1.0167,1.0154,1.0154,1.0180,1.0179,1.0154,1.0163,1.0163,1.0163,1.0197,1.0197,1.0197,0.9852,0.0020,1.0194,0.0020,1.0241,0.9761,0.0020,0.9931,0.0020
9.8326,1.0247,1.0246,1.0247,1.0246,1.0247,1.0246,1.0199,1.0199,1.0199,1.0199,1.0200,1.0200,1.0200,1.0199,1.0199,1.0196,1.0183,1.0183,1.0199,1.0198,1.0189,1.0193,1.0193,1.0199,1.0199,1.0167,1.0154,1.0154,1.0180,1.0179,1.0154,1.0163,1.0163,1.0163,1.0197,1.0197,1.0197,0.9852,0.0020,1.0194,0.0020,1.0241,0.9761,0.0020,0.9931,0.0020
9.8426,1.0247,1.0246,1.0247,1.0246,1.0247,1.0246,1.0199,1.0199,1.0199,1.0199,1.0200,1.0200,1.0200,1.0199,1.0199,1.0196,1.0183,1.0183,1.0199,1.0198,1.0189,1.0193,1.0193,1.0199,1.0199,1.0167,1.0154,1.0154,1.0180,1.0179,1.0154,1.0163,1.0163,1.0163,1.0197,1.0197,1.0197,0.9852,0.0020,1.0194,0.0020,1.0241,0.9761,0.0020,0.9931,0.0020
9.8526,1.0247,1.0246,1.0247,1.0246,1.0247,1.0246,1.0199,1.0199,1.0199,1.0199,1.0200,1.0200,1.0200,1.0199,1.0199,1.0196,1.0183,1.0183,1.0199,1.0198,1.0189,1.0193,1.0193,1.0199,1.0199,1.0167,1.0154,1.0154,1.0180,1.0179,1.0154,1.0163,1.0163,1.0163,1.0197,1.0197,1.0197,0.9852,0.0020,1.0194,0.0020,1.0241,0.9761,0.0020,0.9931,0.0020
9.8626,1.0247,1.0246,1.0247,1.0246,1.0247,1.0246,1.0199,1.0199,1.0199,1.0199,1.0200,1.0200,1.0200,1.0199,1.0199,1.0196,1.0183,1.0183,1.0199,1.0198,1.0189,1.0193,1.0193,1.0199,1.0199,1.0167,1.0154,1.0154,1.0180,1.0179,1.0154,1.0163,1.0163,1.0163,1.0197,1.0197,1.0197,0.9852,0.0020,1.0194,0.0020,1.0241,0.9761,0.0020,0.9931,0.0020
9.8726,1.0247,1.0245,1.0247,1.0246,1.0247,1.0246,1.0199,1.0199,1.0199,1.0199,1.0200,1.0200,1.0200,1.0199,1.0199,1.0196,1.0183,1.0183,1.0199,1.0198,1.0189,1.0193,1.0193,1.0199,1.0199,1.0167,1.0154,1.0154,1.0180,1.0179,1.0154,1.0163,1.0163,1.0163,1.0197,1.0197,1.0197,0.9852,0.0020,1.0194,0.0020,1.0241,0.9761,0.0020,0.9931,0.0020
9.8826,1.0247,1.0245,1.0247,1.0246,1.0247,1.0246,1.0199,1.0199,1.0199,1.0199,1.0200,1.0200,1.0200,1.0199,1.0199,1.0196,1.0183,1.0183,1.0199,1.0198,1.0189,1.0193,1.0193,1.0199,1.0199,1.0167,1.0154,1.0154,1.0180,1.0179,1.0154,1.0163,1.0163,1.0163,1.0197,1.0197,1.0197,0.9852,0.0019,1.0194,0.0019,1.0241,0.9761,0.0019,0.9931,0.0019
9.8926,1.0247,1.0245,1.0247,1.0246,1.0247,1.0246,1.0199,1.0199,1.0199,1.0199,1.0200,1.0200,1.0200,1.0199,1.0199,1.0196,1.0183,1.0183,1.0199,1.0198,1.0189,1.0193,1.0193,1.0199,1.0199,1.0167,1.0154,1.0154,1.0180,1.0179,1.0154,1.0163,1.0163,1.0163,1.0197,1.0197,1.0197,0.9852,0.0019,1.0194,0.0019,1.0241,0.9761,0.0019,0.9931,0.0019
9.9026,1.0247,1.0245,1.0247,1.0246,1.0247,1.0246,1.0199,1.0199,1.0199,1.0199,1.0200,1.0200,1.0200,1.0199,1.0199,1.0196,1.0183,1.0183,1.0199,1.0198,1.0189,1.0193,1.0193,1.0199,1.0199,1.0167,1.0154,1.0154,1.0180,1.0179,1.0154,1.0163,1.0163,1.0163,1.0197,1.0197,1.0197,0.9852,0.0019,1.0194,0.0019,1.0241,0.9761,0.0019,0.9931,0.0019
9.9126,1.0247,1.0245,1.0247,1.0246,1.0247,1.0246,1.0199,1.0199,1.0199,1.0199,1.0200,1.0200,1.0200,1.0199,1.0199,1.0196,1.0183,1.0183,1.0199,1.0198,1.0189,1.0193,1.0193,1.0199,1.0199,1.0167,1.0154,1.0154,1.0180,1.0179,1.0154,1.0163,1.0163,1.0163,1.0197,1.0197,1.0197,0.9852,0.0019,1.0194,0.0019,1.0241,0.9761,0.0019,0.9931,0.0019
9.9226,1.0247,1.0245,1.0247,1.0246,1.0247,1.0246,1.0199,1.0199,1.0199,1.0199,1.0200,1.0200,1.0200,1.0199,1.0199,1.0196,1.0183,1.0183,1.0199,1.0198,1.0189,1.0193,1.0193,1.0199,1.0199,1.0167,1.0154,1.0154,1.0180,1.0179,1.0154,1.0163,1.0163,1.0163,1.0197,1.0197,1.0197,0.9852,0.0019,1.0194,0.0019,1.0241,0.9761,0.0019,0.9931,0.0019
9.9326,1.0247,1.0245,1.0247,1.0246,1.0247,1.0246,1.0199,1.0199,1.0199,1.0199,1.0200,1.0200,1.0200,1.0199,1.0199,1.0196,1.0183,1.0183,1.0199,1.0198,1.0189,1.0193,1.0193,1.0199,1.0199,1.0167,1.0154,1.0154,1.0180,1.0179,1.0154,1.0163,1.0163,1.0163,1.0197,1.0197,1.0197,0.9852,0.0019,1.0194,0.0019,1.0241,0.9761,0.0019,0.9931,0.0019
9.9426,1.0247,1.0245,1.0247,1.0246,1.0247,1.0246,1.0199,1.0199,1.0199,1.0199,1.0200,1.0200,1.0200,1.0199,1.0199,1.0196,1.0183,1.0183,1.0199,1.0198,1.0189,1.0193,1.0193,1.0199,1.0199,1.0167,1.0154,1.0154,1.0180,1.0179,1.0154,1.0163,1.0163,1.0163,1.0197,1.0197,1.0197,0.9852,0.0019,1.0194,0.0019,1.0241,0.9761,0.0019,0.9931,0.0019
9.9526,1.0247,1.0245,1.0247,1.0246,1.0247,1.0246,1.0199,1.0199,1.0199,1.0199,1.0200,1.0200,1.0200,1.0199,1.0199,1.0196,1.0183,1.0183,1.0199,1.0198,1.0189,1.0193,1.0193,1.0199,1.0199,1.0167,1.0154,1.0154,1.0180,1.0179,1.0154,1.0163,1.0163,1.0163,1.0197,1.0197,1.0197,0.9852,0.0019,1.0194,0.0019,1.0241,0.9761,0.0019,0.9931,0.0019
9.9626,1.0247,1.0245,1.0247,1.0246,1.0247,1.0246,1.0199,1.0199,1.0199,1.0199,1.0200,1.0200,1.0200,1.0199,1.0199,1.0196,1.0183,1.0183,1.0199,1.0198,1.0189,1.0193,1.0193,1.0199,1.0199,1.0167,1.0154,1.0154,1.0180,1.0179,1.0154,1.0163,1.0163,1.0163,1.0197,1.0197,1.0197,0.9852,0.0019,1.0194,0.0019,1.0241,0.9761,0.0019,0.9931,0.0019
9.9726,1.0247,1.0245,1.0247,1.0246,1.0247,1.0246,1.0199,1.0199,1.0199,1.0199,1.0200,1.0200,1.0200,1.0199,1.0199,1.0196,1.0183,1.0183,1.0199,1.0198,1.0189,1.0193,1.0193,1.0199,1.0199,1.0167,1.0154,1.0154,1.0180,1.0179,1.0154,1.0163,1.0163,1.0163,1.0197,1.0197,1.0197,0.9852,0.0018,1.0194,0.0018,1.0241,0.9761,0.0018,0.9931,0.0018
9.9826,1.0247,1.0245,1.0247,1.0246,1.0247,1.0246,1.0199,1.0199,1.0199,1.0199,1.0200,1.0200,1.0200,1.0199,1.0199,1.0196,1.0183,1.0183,1.0199,1.0198,1.0189,1.0193,1.0193,1.0199,1.0199,1.0167,1.0154,1.0154,1.0180,1.0179,1.0154,1.0163,1.0163,1.0163,1.0197,1.0197,1.0197,0.9852,0.0018,1.0194,0.0018,1.0241,0.9761,0.0018,0.9931,0.0018
9.9926,1.0247,1.0245,1.0247,1.0246,1.0247,1.0246,1.0199,1.0199,1.0199,1.0199,1.0200,1.0200,1.0200,1.0199,1.0199,1.0196,1.0183,1.0183,1.0199,1.0198,1.0189,1.0193,1.0193,1.0199,1.0199,1.0167,1.0154,1.0154,1.0180,1.0179,1.0154,1.0163,1.0163,1.0163,1.0197,1.0197,1.0197,0.9852,0.0018,1.0194,0.0018,1.0241,0.9761,0.0018,0.9931,0.0018
10.0000,1.0247,1.0245,1.0247,1.0246,1.0247,1.0246,1.0199,1.0199,1.0199,1.0199,1.0200,1.0200,1.0200,1.0199,1.0199,1.0196,1.0183,1.0183,1.0199,1.0198,1.0189,1.0193,1.0193,1.0199,1.0199,1.0167,1.0154,1.0154,1.0180,1.0179,1.0154,1.0163,1.0163,1.0163,1.0197,1.0197,1.0197,0.9852,0.0018,1.0194,0.0018,1.0241,0.9761,0.0018,0.9931,0.0018
