All calculations,Busbar WTG1 HV,Busbar WTG1 LV,Busbar WTG2 HV,Busbar WTG2 LV,Busbar WTG3 HV,Busbar WTG3 LV,Drilling AC SWBD\Drilling AC Bus A,Drilling AC SWBD\Drilling AC Bus B,Main SWBD\Main Bus A,Main SWBD\Main Bus B,SG Terminal 1,SG Terminal 2,SG Terminal 3,Terminal AC High Drilling A,Terminal AC High Drilling B,Terminal AC High PEC_VSDc_GEX_01,Terminal AC High PEC_VSDc_GEX_02,Terminal AC High PEC_VSDc_GEX_03,Terminal AC High PEC_VSDc_OEX_01,Terminal AC High PEC_VSDc_OEX_02,Terminal AC High PEC_VSDc_REC,Terminal AC High PEC_VSDc_WIN_01,Terminal AC High PEC_VSDc_WIN_02,Terminal AC Low Drilling A,Terminal AC Low Drilling B,Terminal AC Low PEC_VSDc_GEX_01,Terminal AC Low PEC_VSDc_GEX_02,Terminal AC Low PEC_VSDc_GEX_03,Terminal AC Low PEC_VSDc_OEX_01,Terminal AC Low PEC_VSDc_OEX_02,Terminal AC Low PEC_VSDc_REC,Terminal AC Low PEC_VSDc_WIN_01,Terminal AC Low PEC_VSDc_WIN_02,Terminal AC Low PEC_VSDc_WIN_03,Terminal ACO_01,Terminal ACO_02,Terminal SWL_01,Terminal TRA_UTL400_01,Terminal TRA_UTL400_02,Terminal TRA_UTL690_01,Terminal TRA_UTL690_02,Terminal WindPark,Utility400 SWBD/BusA,Utility400 SWBD/BusB,Utility690 SWBD\Utility690 Bus A,Utility690 SWBD\Utility690 Bus B
"Time in s","Voltage, Magnitude in p.u.","Voltage, Magnitude in p.u.","Voltage, Magnitude in p.u.","Voltage, Magnitude in p.u.","Voltage, Magnitude in p.u.","Voltage, Magnitude in p.u.","Voltage, Magnitude in p.u.","Voltage, Magnitude in p.u.","Voltage, Magnitude in p.u.","Voltage, Magnitude in p.u.","Voltage, Magnitude in p.u.","Voltage, Magnitude in p.u.","Voltage, Magnitude in p.u.","Voltage, Magnitude in p.u.","Voltage, Magnitude in p.u.","Voltage, Magnitude in p.u.","Voltage, Magnitude in p.u.","Voltage, Magnitude in p.u.","Voltage, Magnitude in p.u.","Voltage, Magnitude in p.u.","Voltage, Magnitude in p.u.","Voltage, Magnitude in p.u.","Voltage, Magnitude in p.u.","Voltage, Magnitude in p.u.","Voltage, Magnitude in p.u.","Voltage, Magnitude in p.u.","Voltage, Magnitude in p.u.","Voltage, Magnitude in p.u.","Voltage, Magnitude in p.u.","Voltage, Magnitude in p.u.","Voltage, Magnitude in p.u.","Voltage, Magnitude in p.u.","Voltage, Magnitude in p.u.","Voltage, Magnitude in p.u.","Voltage, Magnitude in p.u.","Voltage, Magnitude in p.u.","Voltage, Magnitude in p.u.","Voltage, Magnitude in p.u.","Voltage, Magnitude in p.u.","Voltage, Magnitude in p.u.","Voltage, Magnitude in p.u.","Voltage, Magnitude in p.u.","Voltage, Magnitude in p.u.","Voltage, Magnitude in p.u.","Voltage, Magnitude in p.u.","Voltage, Magnitude in p.u."
0.0000,1.0246,1.0245,1.0247,1.0245,1.0247,1.0245,1.0199,1.0199,1.0199,1.0199,1.0200,1.0200,1.0200,1.0199,1.0199,1.0196,1.0183,1.0183,1.0198,1.0197,1.0189,1.0193,1.0193,1.0198,1.0198,1.0166,1.0154,1.0154,1.0180,1.0179,1.0153,1.0163,1.0163,1.0163,1.0196,1.0196,1.0197,0.9852,0.9854,1.0194,1.0195,1.0241,0.9762,0.9763,0.9932,0.9933
0.0100,1.0246,1.0245,1.0247,1.0245,1.0247,1.0245,1.0199,1.0199,1.0199,1.0199,1.0200,1.0200,1.0200,1.0199,1.0199,1.0196,1.0183,1.0183,1.0198,1.0197,1.0189,1.0193,1.0193,1.0198,1.0198,1.0166,1.0154,1.0154,1.0180,1.0179,1.0153,1.0163,1.0163,1.0163,1.0196,1.0196,1.0197,0.9852,0.9854,1.0194,1.0195,1.0241,0.9762,0.9763,0.9932,0.9933
0.0200,1.0246,1.0245,1.0247,1.0245,1.0247,1.0245,1.0199,1.0199,1.0199,1.0199,1.0200,1.0200,1.0200,1.0199,1.0199,1.0196,1.0183,1.0183,1.0198,1.0197,1.0189,1.0193,1.0193,1.0198,1.0198,1.0166,1.0154,1.0154,1.0180,1.0179,1.0153,1.0163,1.0163,1.0163,1.0196,1.0196,1.0197,0.9852,0.9854,1.0194,1.0195,1.0241,0.9762,0.9763,0.9932,0.9933
0.0300,1.0246,1.0245,1.0247,1.0245,1.0247,1.0245,1.0199,1.0199,1.0199,1.0199,1.0200,1.0200,1.0200,1.0199,1.0199,1.0196,1.0183,1.0183,1.0198,1.0197,1.0189,1.0193,1.0193,1.0198,1.0198,1.0166,1.0154,1.0154,1.0180,1.0179,1.0153,1.0163,1.0163,1.0163,1.0196,1.0196,1.0197,0.9852,0.9854,1.0194,1.0195,1.0241,0.9762,0.9763,0.9932,0.9933
0.0400,1.0246,1.0245,1.0247,1.0245,1.0247,1.0245,1.0199,1.0199,1.0199,1.0199,1.0200,1.0200,1.0200,1.0199,1.0199,1.0196,1.0183,1.0183,1.0198,1.0197,1.0189,1.0193,1.0193,1.0198,1.0198,1.0166,1.0154,1.0154,1.0180,1.0179,1.0153,1.0163,1.0163,1.0163,1.0196,1.0196,1.0197,0.9852,0.9854,1.0194,1.0195,1.0241,0.9762,0.9763,0.9932,0.9933
0.0500,1.0246,1.0245,1.0247,1.0245,1.0247,1.0245,1.0199,1.0199,1.0199,1.0199,1.0200,1.0200,1.0200,1.0199,1.0199,1.0196,1.0183,1.0183,1.0198,1.0197,1.0189,1.0193,1.0193,1.0198,1.0198,1.0166,1.0154,1.0154,1.0180,1.0179,1.0153,1.0163,1.0163,1.0163,1.0196,1.0196,1.0197,0.9852,0.9854,1.0194,1.0195,1.0241,0.9762,0.9763,0.9932,0.9933
0.0600,1.0246,1.0245,1.0247,1.0245,1.0247,1.0245,1.0199,1.0199,1.0199,1.0199,1.0200,1.0200,1.0200,1.0199,1.0199,1.0196,1.0183,1.0183,1.0198,1.0197,1.0189,1.0193,1.0193,1.0198,1.0198,1.0166,1.0154,1.0154,1.0180,1.0179,1.0153,1.0163,1.0163,1.0163,1.0196,1.0196,1.0197,0.9852,0.9854,1.0194,1.0195,1.0241,0.9762,0.9763,0.9932,0.9933
0.0700,1.0246,1.0245,1.0247,1.0245,1.0247,1.0245,1.0199,1.0199,1.0199,1.0199,1.0200,1.0200,1.0200,1.0199,1.0199,1.0196,1.0183,1.0183,1.0198,1.0197,1.0189,1.0193,1.0193,1.0198,1.0198,1.0166,1.0154,1.0154,1.0180,1.0179,1.0153,1.0163,1.0163,1.0163,1.0196,1.0196,1.0197,0.9852,0.9854,1.0194,1.0195,1.0241,0.9762,0.9763,0.9932,0.9933
0.0800,1.0246,1.0245,1.0247,1.0245,1.0247,1.0245,1.0199,1.0199,1.0199,1.0199,1.0200,1.0200,1.0200,1.0199,1.0199,1.0196,1.0183,1.0183,1.0198,1.0197,1.0189,1.0193,1.0193,1.0198,1.0198,1.0166,1.0154,1.0154,1.0180,1.0179,1.0153,1.0163,1.0163,1.0163,1.0196,1.0196,1.0197,0.9852,0.9854,1.0194,1.0195,1.0241,0.9762,0.9763,0.9932,0.9933
0.0900,1.0246,1.0245,1.0247,1.0245,1.0247,1.0245,1.0199,1.0199,1.0199,1.0199,1.0200,1.0200,1.0200,1.0199,1.0199,1.0196,1.0183,1.0183,1.0198,1.0197,1.0189,1.0193,1.0193,1.0198,1.0198,1.0166,1.0154,1.0154,1.0180,1.0179,1.0153,1.0163,1.0163,1.0163,1.0196,1.0196,1.0197,0.9852,0.9854,1.0194,1.0195,1.0241,0.9762,0.9763,0.9932,0.9933
0.1000,1.0246,1.0245,1.0247,1.0245,1.0247,1.0245,1.0199,1.0199,1.0199,1.0199,1.0200,1.0200,1.0200,1.0199,1.0199,1.0196,1.0183,1.0183,1.0198,1.0197,1.0189,1.0193,1.0193,1.0198,1.0198,1.0166,1.0154,1.0154,1.0180,1.0179,1.0153,1.0163,1.0163,1.0163,1.0196,1.0196,1.0197,0.9852,0.9854,1.0194,1.0195,1.0241,0.9762,0.9763,0.9932,0.9933
0.1100,1.0246,1.0245,1.0247,1.0245,1.0247,1.0245,1.0199,1.0199,1.0199,1.0199,1.0200,1.0200,1.0200,1.0199,1.0199,1.0196,1.0183,1.0183,1.0198,1.0197,1.0189,1.0193,1.0193,1.0198,1.0198,1.0166,1.0154,1.0154,1.0180,1.0179,1.0153,1.0163,1.0163,1.0163,1.0196,1.0196,1.0197,0.9852,0.9854,1.0194,1.0195,1.0241,0.9762,0.9763,0.9932,0.9933
0.1200,1.0246,1.0245,1.0247,1.0245,1.0247,1.0245,1.0199,1.0199,1.0199,1.0199,1.0200,1.0200,1.0200,1.0199,1.0199,1.0196,1.0183,1.0183,1.0198,1.0197,1.0189,1.0193,1.0193,1.0198,1.0198,1.0166,1.0154,1.0154,1.0180,1.0179,1.0153,1.0163,1.0163,1.0163,1.0196,1.0196,1.0197,0.9852,0.9854,1.0194,1.0195,1.0241,0.9762,0.9763,0.9932,0.9933
0.1300,1.0246,1.0245,1.0247,1.0245,1.0247,1.0245,1.0199,1.0199,1.0199,1.0199,1.0200,1.0200,1.0200,1.0199,1.0199,1.0196,1.0183,1.0183,1.0198,1.0197,1.0189,1.0193,1.0193,1.0198,1.0198,1.0166,1.0154,1.0154,1.0180,1.0179,1.0153,1.0163,1.0163,1.0163,1.0196,1.0196,1.0197,0.9852,0.9854,1.0194,1.0195,1.0241,0.9762,0.9763,0.9932,0.9933
0.1400,1.0246,1.0245,1.0247,1.0245,1.0247,1.0245,1.0199,1.0199,1.0199,1.0199,1.0200,1.0200,1.0200,1.0199,1.0199,1.0196,1.0183,1.0183,1.0198,1.0197,1.0189,1.0193,1.0193,1.0198,1.0198,1.0166,1.0154,1.0154,1.0180,1.0179,1.0153,1.0163,1.0163,1.0163,1.0196,1.0196,1.0197,0.9852,0.9854,1.0194,1.0195,1.0241,0.9762,0.9763,0.9932,0.9933
0.1500,1.0246,1.0245,1.0247,1.0245,1.0247,1.0245,1.0199,1.0199,1.0199,1.0199,1.0200,1.0200,1.0200,1.0199,1.0199,1.0196,1.0183,1.0183,1.0198,1.0197,1.0189,1.0193,1.0193,1.0198,1.0198,1.0166,1.0154,1.0154,1.0180,1.0179,1.0153,1.0163,1.0163,1.0163,1.0196,1.0196,1.0197,0.9852,0.9854,1.0194,1.0195,1.0241,0.9762,0.9763,0.9932,0.9933
0.1600,1.0246,1.0245,1.0247,1.0245,1.0247,1.0245,1.0199,1.0199,1.0199,1.0199,1.0200,1.0200,1.0200,1.0199,1.0199,1.0196,1.0183,1.0183,1.0198,1.0197,1.0189,1.0193,1.0193,1.0198,1.0198,1.0166,1.0154,1.0154,1.0180,1.0179,1.0153,1.0163,1.0163,1.0163,1.0196,1.0196,1.0197,0.9852,0.9854,1.0194,1.0195,1.0241,0.9762,0.9763,0.9932,0.9933
0.1700,1.0246,1.0245,1.0247,1.0245,1.0247,1.0245,1.0199,1.0199,1.0199,1.0199,1.0200,1.0200,1.0200,1.0199,1.0199,1.0196,1.0183,1.0183,1.0198,1.0197,1.0189,1.0193,1.0193,1.0198,1.0198,1.0166,1.0154,1.0154,1.0180,1.0179,1.0153,1.0163,1.0163,1.0163,1.0196,1.0196,1.0197,0.9852,0.9854,1.0194,1.0195,1.0241,0.9762,0.9763,0.9932,0.9933
0.1800,1.0246,1.0245,1.0247,1.0245,1.0247,1.0245,1.0199,1.0199,1.0199,1.0199,1.0200,1.0200,1.0200,1.0199,1.0199,1.0196,1.0183,1.0183,1.0198,1.0197,1.0189,1.0193,1.0193,1.0198,1.0198,1.0166,1.0154,1.0154,1.0180,1.0179,1.0153,1.0163,1.0163,1.0163,1.0196,1.0196,1.0197,0.9852,0.9854,1.0194,1.0195,1.0241,0.9762,0.9763,0.9932,0.9933
0.1900,1.0246,1.0245,1.0247,1.0245,1.0247,1.0245,1.0199,1.0199,1.0199,1.0199,1.0200,1.0200,1.0200,1.0199,1.0199,1.0196,1.0183,1.0183,1.0198,1.0197,1.0189,1.0193,1.0193,1.0198,1.0198,1.0166,1.0154,1.0154,1.0180,1.0179,1.0153,1.0163,1.0163,1.0163,1.0196,1.0196,1.0197,0.9852,0.9854,1.0194,1.0195,1.0241,0.9762,0.9763,0.9932,0.9933
0.2000,1.0246,1.0245,1.0247,1.0245,1.0247,1.0245,1.0199,1.0199,1.0199,1.0199,1.0200,1.0200,1.0200,1.0199,1.0199,1.0196,1.0183,1.0183,1.0198,1.0197,1.0189,1.0193,1.0193,1.0198,1.0198,1.0166,1.0154,1.0154,1.0180,1.0179,1.0153,1.0163,1.0163,1.0163,1.0196,1.0196,1.0197,0.9852,0.9854,1.0194,1.0195,1.0241,0.9762,0.9763,0.9932,0.9933
0.2100,1.0246,1.0245,1.0247,1.0245,1.0247,1.0245,1.0199,1.0199,1.0199,1.0199,1.0200,1.0200,1.0200,1.0199,1.0199,1.0196,1.0183,1.0183,1.0198,1.0197,1.0189,1.0193,1.0193,1.0198,1.0198,1.0166,1.0154,1.0154,1.0180,1.0179,1.0153,1.0163,1.0163,1.0163,1.0196,1.0196,1.0197,0.9852,0.9854,1.0194,1.0195,1.0241,0.9762,0.9763,0.9932,0.9933
0.2200,1.0246,1.0245,1.0247,1.0245,1.0247,1.0245,1.0199,1.0199,1.0199,1.0199,1.0200,1.0200,1.0200,1.0199,1.0199,1.0196,1.0183,1.0183,1.0198,1.0197,1.0189,1.0193,1.0193,1.0198,1.0198,1.0166,1.0154,1.0154,1.0180,1.0179,1.0153,1.0163,1.0163,1.0163,1.0196,1.0196,1.0197,0.9852,0.9854,1.0194,1.0195,1.0241,0.9762,0.9763,0.9932,0.9933
0.2300,1.0246,1.0245,1.0247,1.0245,1.0247,1.0245,1.0199,1.0199,1.0199,1.0199,1.0200,1.0200,1.0200,1.0199,1.0199,1.0196,1.0183,1.0183,1.0198,1.0197,1.0189,1.0193,1.0193,1.0198,1.0198,1.0166,1.0154,1.0154,1.0180,1.0179,1.0153,1.0163,1.0163,1.0163,1.0196,1.0196,1.0197,0.9852,0.9854,1.0194,1.0195,1.0241,0.9762,0.9763,0.9932,0.9933
0.2400,1.0246,1.0245,1.0247,1.0245,1.0247,1.0245,1.0199,1.0199,1.0199,1.0199,1.0200,1.0200,1.0200,1.0199,1.0199,1.0196,1.0183,1.0183,1.0198,1.0197,1.0189,1.0193,1.0193,1.0198,1.0198,1.0166,1.0154,1.0154,1.0180,1.0179,1.0153,1.0163,1.0163,1.0163,1.0196,1.0196,1.0197,0.9852,0.9854,1.0194,1.0195,1.0241,0.9762,0.9763,0.9932,0.9933
0.2500,1.0246,1.0245,1.0247,1.0245,1.0247,1.0245,1.0199,1.0199,1.0199,1.0199,1.0200,1.0200,1.0200,1.0199,1.0199,1.0196,1.0183,1.0183,1.0198,1.0197,1.0189,1.0193,1.0193,1.0198,1.0198,1.0166,1.0154,1.0154,1.0180,1.0179,1.0153,1.0163,1.0163,1.0163,1.0196,1.0196,1.0197,0.9852,0.9854,1.0194,1.0195,1.0241,0.9762,0.9763,0.9932,0.9933
0.2600,1.0246,1.0245,1.0247,1.0245,1.0247,1.0245,1.0199,1.0199,1.0199,1.0199,1.0200,1.0200,1.0200,1.0199,1.0199,1.0196,1.0183,1.0183,1.0198,1.0197,1.0189,1.0193,1.0193,1.0198,1.0198,1.0166,1.0154,1.0154,1.0180,1.0179,1.0153,1.0163,1.0163,1.0163,1.0196,1.0196,1.0197,0.9852,0.9854,1.0194,1.0195,1.0241,0.9762,0.9763,0.9932,0.9933
0.2700,1.0246,1.0245,1.0247,1.0245,1.0247,1.0245,1.0199,1.0199,1.0199,1.0199,1.0200,1.0200,1.0200,1.0199,1.0199,1.0196,1.0183,1.0183,1.0198,1.0197,1.0189,1.0193,1.0193,1.0198,1.0198,1.0166,1.0154,1.0154,1.0180,1.0179,1.0153,1.0163,1.0163,1.0163,1.0196,1.0196,1.0197,0.9852,0.9854,1.0194,1.0195,1.0241,0.9762,0.9763,0.9932,0.9933
0.2800,1.0246,1.0245,1.0247,1.0245,1.0247,1.0245,1.0199,1.0199,1.0199,1.0199,1.0200,1.0200,1.0200,1.0199,1.0199,1.0196,1.0183,1.0183,1.0198,1.0197,1.0189,1.0193,1.0193,1.0198,1.0198,1.0166,1.0154,1.0154,1.0180,1.0179,1.0153,1.0163,1.0163,1.0163,1.0196,1.0196,1.0197,0.9852,0.9854,1.0194,1.0195,1.0241,0.9762,0.9763,0.9932,0.9933
0.2900,1.0246,1.0245,1.0247,1.0245,1.0247,1.0245,1.0199,1.0199,1.0199,1.0199,1.0200,1.0200,1.0200,1.0199,1.0199,1.0196,1.0183,1.0183,1.0198,1.0197,1.0189,1.0193,1.0193,1.0198,1.0198,1.0166,1.0154,1.0154,1.0180,1.0179,1.0153,1.0163,1.0163,1.0163,1.0196,1.0196,1.0197,0.9852,0.9854,1.0194,1.0195,1.0241,0.9762,0.9763,0.9932,0.9933
0.3000,1.0246,1.0245,1.0247,1.0245,1.0247,1.0245,1.0199,1.0199,1.0199,1.0199,1.0200,1.0200,1.0200,1.0199,1.0199,1.0196,1.0183,1.0183,1.0198,1.0197,1.0189,1.0193,1.0193,1.0198,1.0198,1.0166,1.0154,1.0154,1.0180,1.0179,1.0153,1.0163,1.0163,1.0163,1.0196,1.0196,1.0197,0.9852,0.9854,1.0194,1.0195,1.0241,0.9762,0.9763,0.9932,0.9933
0.3100,1.0246,1.0245,1.0247,1.0245,1.0247,1.0245,1.0199,1.0199,1.0199,1.0199,1.0200,1.0200,1.0200,1.0199,1.0199,1.0196,1.0183,1.0183,1.0198,1.0197,1.0189,1.0193,1.0193,1.0198,1.0198,1.0166,1.0154,1.0154,1.0180,1.0179,1.0153,1.0163,1.0163,1.0163,1.0196,1.0196,1.0197,0.9852,0.9854,1.0194,1.0195,1.0241,0.9762,0.9763,0.9932,0.9933
0.3200,1.0246,1.0245,1.0247,1.0245,1.0247,1.0245,1.0199,1.0199,1.0199,1.0199,1.0200,1.0200,1.0200,1.0199,1.0199,1.0196,1.0183,1.0183,1.0198,1.0197,1.0189,1.0193,1.0193,1.0198,1.0198,1.0166,1.0154,1.0154,1.0180,1.0179,1.0153,1.0163,1.0163,1.0163,1.0196,1.0196,1.0197,0.9852,0.9854,1.0194,1.0195,1.0241,0.9762,0.9763,0.9932,0.9933
0.3300,1.0246,1.0245,1.0247,1.0245,1.0247,1.0245,1.0199,1.0199,1.0199,1.0199,1.0200,1.0200,1.0200,1.0199,1.0199,1.0196,1.0183,1.0183,1.0198,1.0197,1.0189,1.0193,1.0193,1.0198,1.0198,1.0166,1.0154,1.0154,1.0180,1.0179,1.0153,1.0163,1.0163,1.0163,1.0196,1.0196,1.0197,0.9852,0.9854,1.0194,1.0195,1.0241,0.9762,0.9763,0.9932,0.9933
0.3400,1.0246,1.0245,1.0247,1.0245,1.0247,1.0245,1.0199,1.0199,1.0199,1.0199,1.0200,1.0200,1.0200,1.0199,1.0199,1.0196,1.0183,1.0183,1.0198,1.0197,1.0189,1.0193,1.0193,1.0198,1.0198,1.0166,1.0154,1.0154,1.0180,1.0179,1.0153,1.0163,1.0163,1.0163,1.0196,1.0196,1.0197,0.9852,0.9854,1.0194,1.0195,1.0241,0.9762,0.9763,0.9932,0.9933
0.3500,1.0246,1.0245,1.0247,1.0245,1.0247,1.0245,1.0199,1.0199,1.0199,1.0199,1.0200,1.0200,1.0200,1.0199,1.0199,1.0196,1.0183,1.0183,1.0198,1.0197,1.0189,1.0193,1.0193,1.0198,1.0198,1.0166,1.0154,1.0154,1.0180,1.0179,1.0153,1.0163,1.0163,1.0163,1.0196,1.0196,1.0197,0.9852,0.9854,1.0194,1.0195,1.0241,0.9762,0.9763,0.9932,0.9933
0.3600,1.0246,1.0245,1.0247,1.0245,1.0247,1.0245,1.0199,1.0199,1.0199,1.0199,1.0200,1.0200,1.0200,1.0199,1.0199,1.0196,1.0183,1.0183,1.0198,1.0197,1.0189,1.0193,1.0193,1.0198,1.0198,1.0166,1.0154,1.0154,1.0180,1.0179,1.0153,1.0163,1.0163,1.0163,1.0196,1.0196,1.0197,0.9852,0.9854,1.0194,1.0195,1.0241,0.9762,0.9763,0.9932,0.9933
0.3700,1.0246,1.0245,1.0247,1.0245,1.0247,1.0245,1.0199,1.0199,1.0199,1.0199,1.0200,1.0200,1.0200,1.0199,1.0199,1.0196,1.0183,1.0183,1.0198,1.0197,1.0189,1.0193,1.0193,1.0198,1.0198,1.0166,1.0154,1.0154,1.0180,1.0179,1.0153,1.0163,1.0163,1.0163,1.0196,1.0196,1.0197,0.9852,0.9854,1.0194,1.0195,1.0241,0.9762,0.9763,0.9932,0.9933
0.3800,1.0246,1.0245,1.0247,1.0245,1.0247,1.0245,1.0199,1.0199,1.0199,1.0199,1.0200,1.0200,1.0200,1.0199,1.0199,1.0196,1.0183,1.0183,1.0198,1.0197,1.0189,1.0193,1.0193,1.0198,1.0198,1.0166,1.0154,1.0154,1.0180,1.0179,1.0153,1.0163,1.0163,1.0163,1.0196,1.0196,1.0197,0.9852,0.9854,1.0194,1.0195,1.0241,0.9762,0.9763,0.9932,0.9933
0.3900,1.0246,1.0245,1.0247,1.0245,1.0247,1.0245,1.0199,1.0199,1.0199,1.0199,1.0200,1.0200,1.0200,1.0199,1.0199,1.0196,1.0183,1.0183,1.0198,1.0197,1.0189,1.0193,1.0193,1.0198,1.0198,1.0166,1.0154,1.0154,1.0180,1.0179,1.0153,1.0163,1.0163,1.0163,1.0196,1.0196,1.0197,0.9852,0.9854,1.0194,1.0195,1.0241,0.9762,0.9763,0.9932,0.9933
0.4000,1.0246,1.0245,1.0247,1.0245,1.0247,1.0245,1.0199,1.0199,1.0199,1.0199,1.0200,1.0200,1.0200,1.0199,1.0199,1.0196,1.0183,1.0183,1.0198,1.0197,1.0189,1.0193,1.0193,1.0198,1.0198,1.0166,1.0154,1.0154,1.0180,1.0179,1.0153,1.0163,1.0163,1.0163,1.0196,1.0196,1.0197,0.9852,0.9854,1.0194,1.0195,1.0241,0.9762,0.9763,0.9932,0.9933
0.4100,1.0246,1.0245,1.0247,1.0245,1.0247,1.0245,1.0199,1.0199,1.0199,1.0199,1.0200,1.0200,1.0200,1.0199,1.0199,1.0196,1.0183,1.0183,1.0198,1.0197,1.0189,1.0193,1.0193,1.0198,1.0198,1.0166,1.0154,1.0154,1.0180,1.0179,1.0153,1.0163,1.0163,1.0163,1.0196,1.0196,1.0197,0.9852,0.9854,1.0194,1.0195,1.0241,0.9762,0.9763,0.9932,0.9933
0.4200,1.0246,1.0245,1.0247,1.0245,1.0247,1.0245,1.0199,1.0199,1.0199,1.0199,1.0200,1.0200,1.0200,1.0199,1.0199,1.0196,1.0183,1.0183,1.0198,1.0197,1.0189,1.0193,1.0193,1.0198,1.0198,1.0166,1.0154,1.0154,1.0180,1.0179,1.0153,1.0163,1.0163,1.0163,1.0196,1.0196,1.0197,0.9852,0.9854,1.0194,1.0195,1.0241,0.9762,0.9763,0.9932,0.9933
0.4300,1.0246,1.0245,1.0247,1.0245,1.0247,1.0245,1.0199,1.0199,1.0199,1.0199,1.0200,1.0200,1.0200,1.0199,1.0199,1.0196,1.0183,1.0183,1.0198,1.0197,1.0189,1.0193,1.0193,1.0198,1.0198,1.0166,1.0154,1.0154,1.0180,1.0179,1.0153,1.0163,1.0163,1.0163,1.0196,1.0196,1.0197,0.9852,0.9854,1.0194,1.0195,1.0241,0.9762,0.9763,0.9932,0.9933
0.4400,1.0246,1.0245,1.0247,1.0245,1.0247,1.0245,1.0199,1.0199,1.0199,1.0199,1.0200,1.0200,1.0200,1.0199,1.0199,1.0196,1.0183,1.0183,1.0198,1.0197,1.0189,1.0193,1.0193,1.0198,1.0198,1.0166,1.0154,1.0154,1.0180,1.0179,1.0153,1.0163,1.0163,1.0163,1.0196,1.0196,1.0197,0.9852,0.9854,1.0194,1.0195,1.0241,0.9762,0.9763,0.9932,0.9933
0.4500,1.0246,1.0245,1.0247,1.0245,1.0247,1.0245,1.0199,1.0199,1.0199,1.0199,1.0200,1.0200,1.0200,1.0199,1.0199,1.0196,1.0183,1.0183,1.0198,1.0197,1.0189,1.0193,1.0193,1.0198,1.0198,1.0166,1.0154,1.0154,1.0180,1.0179,1.0153,1.0163,1.0163,1.0163,1.0196,1.0196,1.0197,0.9852,0.9854,1.0194,1.0195,1.0241,0.9762,0.9763,0.9932,0.9933
0.4600,1.0246,1.0245,1.0247,1.0245,1.0247,1.0245,1.0199,1.0199,1.0199,1.0199,1.0200,1.0200,1.0200,1.0199,1.0199,1.0196,1.0183,1.0183,1.0198,1.0197,1.0189,1.0193,1.0193,1.0198,1.0198,1.0166,1.0154,1.0154,1.0180,1.0179,1.0153,1.0163,1.0163,1.0163,1.0196,1.0196,1.0197,0.9852,0.9854,1.0194,1.0195,1.0241,0.9762,0.9763,0.9932,0.9933
0.4700,1.0246,1.0245,1.0247,1.0245,1.0247,1.0245,1.0199,1.0199,1.0199,1.0199,1.0200,1.0200,1.0200,1.0199,1.0199,1.0196,1.0183,1.0183,1.0198,1.0197,1.0189,1.0193,1.0193,1.0198,1.0198,1.0166,1.0154,1.0154,1.0180,1.0179,1.0153,1.0163,1.0163,1.0163,1.0196,1.0196,1.0197,0.9852,0.9854,1.0194,1.0195,1.0241,0.9762,0.9763,0.9932,0.9933
0.4800,1.0246,1.0245,1.0247,1.0245,1.0247,1.0245,1.0199,1.0199,1.0199,1.0199,1.0200,1.0200,1.0200,1.0199,1.0199,1.0196,1.0183,1.0183,1.0198,1.0197,1.0189,1.0193,1.0193,1.0198,1.0198,1.0166,1.0154,1.0154,1.0180,1.0179,1.0153,1.0163,1.0163,1.0163,1.0196,1.0196,1.0197,0.9852,0.9854,1.0194,1.0195,1.0241,0.9762,0.9763,0.9932,0.9933
0.4900,1.0246,1.0245,1.0247,1.0245,1.0247,1.0245,1.0199,1.0199,1.0199,1.0199,1.0200,1.0200,1.0200,1.0199,1.0199,1.0196,1.0183,1.0183,1.0198,1.0197,1.0189,1.0193,1.0193,1.0198,1.0198,1.0166,1.0154,1.0154,1.0180,1.0179,1.0153,1.0163,1.0163,1.0163,1.0196,1.0196,1.0197,0.9852,0.9854,1.0194,1.0195,1.0241,0.9762,0.9763,0.9932,0.9933
0.5000,1.0246,1.0245,1.0247,1.0245,1.0247,1.0245,1.0199,1.0199,1.0199,1.0199,1.0200,1.0200,1.0200,1.0199,1.0199,1.0196,1.0183,1.0183,1.0198,1.0197,1.0189,1.0193,1.0193,1.0198,1.0198,1.0166,1.0154,1.0154,1.0180,1.0179,1.0153,1.0163,1.0163,1.0163,1.0196,1.0196,1.0197,0.9852,0.9854,1.0194,1.0195,1.0241,0.9762,0.9763,0.9932,0.9933
0.5100,1.0246,1.0245,1.0247,1.0245,1.0247,1.0245,1.0199,1.0199,1.0199,1.0199,1.0200,1.0200,1.0200,1.0199,1.0199,1.0196,1.0183,1.0183,1.0198,1.0197,1.0189,1.0193,1.0193,1.0198,1.0198,1.0166,1.0154,1.0154,1.0180,1.0179,1.0153,1.0163,1.0163,1.0163,1.0196,1.0196,1.0197,0.9852,0.9854,1.0194,1.0195,1.0241,0.9762,0.9763,0.9932,0.9933
0.5200,1.0246,1.0245,1.0247,1.0245,1.0247,1.0245,1.0199,1.0199,1.0199,1.0199,1.0200,1.0200,1.0200,1.0199,1.0199,1.0196,1.0183,1.0183,1.0198,1.0197,1.0189,1.0193,1.0193,1.0198,1.0198,1.0166,1.0154,1.0154,1.0180,1.0179,1.0153,1.0163,1.0163,1.0163,1.0196,1.0196,1.0197,0.9852,0.9854,1.0194,1.0195,1.0241,0.9762,0.9763,0.9932,0.9933
0.5300,1.0246,1.0245,1.0247,1.0245,1.0247,1.0245,1.0199,1.0199,1.0199,1.0199,1.0200,1.0200,1.0200,1.0199,1.0199,1.0196,1.0183,1.0183,1.0198,1.0197,1.0189,1.0193,1.0193,1.0198,1.0198,1.0166,1.0154,1.0154,1.0180,1.0179,1.0153,1.0163,1.0163,1.0163,1.0196,1.0196,1.0197,0.9852,0.9854,1.0194,1.0195,1.0241,0.9762,0.9763,0.9932,0.9933
0.5400,1.0246,1.0245,1.0247,1.0245,1.0247,1.0245,1.0199,1.0199,1.0199,1.0199,1.0200,1.0200,1.0200,1.0199,1.0199,1.0196,1.0183,1.0183,1.0198,1.0197,1.0189,1.0193,1.0193,1.0198,1.0198,1.0166,1.0154,1.0154,1.0180,1.0179,1.0153,1.0163,1.0163,1.0163,1.0196,1.0196,1.0197,0.9852,0.9854,1.0194,1.0195,1.0241,0.9762,0.9763,0.9932,0.9933
0.5500,1.0246,1.0245,1.0247,1.0245,1.0247,1.0245,1.0199,1.0199,1.0199,1.0199,1.0200,1.0200,1.0200,1.0199,1.0199,1.0196,1.0183,1.0183,1.0198,1.0197,1.0189,1.0193,1.0193,1.0198,1.0198,1.0166,1.0154,1.0154,1.0180,1.0179,1.0153,1.0163,1.0163,1.0163,1.0196,1.0196,1.0197,0.9852,0.9854,1.0194,1.0195,1.0241,0.9762,0.9763,0.9932,0.9933
0.5600,1.0246,1.0245,1.0247,1.0245,1.0247,1.0245,1.0199,1.0199,1.0199,1.0199,1.0200,1.0200,1.0200,1.0199,1.0199,1.0196,1.0183,1.0183,1.0198,1.0197,1.0189,1.0193,1.0193,1.0198,1.0198,1.0166,1.0154,1.0154,1.0180,1.0179,1.0153,1.0163,1.0163,1.0163,1.0196,1.0196,1.0197,0.9852,0.9854,1.0194,1.0195,1.0241,0.9762,0.9763,0.9932,0.9933
0.5700,1.0246,1.0245,1.0247,1.0245,1.0247,1.0245,1.0199,1.0199,1.0199,1.0199,1.0200,1.0200,1.0200,1.0199,1.0199,1.0196,1.0183,1.0183,1.0198,1.0197,1.0189,1.0193,1.0193,1.0198,1.0198,1.0166,1.0154,1.0154,1.0180,1.0179,1.0153,1.0163,1.0163,1.0163,1.0196,1.0196,1.0197,0.9852,0.9854,1.0194,1.0195,1.0241,0.9762,0.9763,0.9932,0.9933
0.5800,1.0246,1.0245,1.0247,1.0245,1.0247,1.0245,1.0199,1.0199,1.0199,1.0199,1.0200,1.0200,1.0200,1.0199,1.0199,1.0196,1.0183,1.0183,1.0198,1.0197,1.0189,1.0193,1.0193,1.0198,1.0198,1.0166,1.0154,1.0154,1.0180,1.0179,1.0153,1.0163,1.0163,1.0163,1.0196,1.0196,1.0197,0.9852,0.9854,1.0194,1.0195,1.0241,0.9762,0.9763,0.9932,0.9933
0.5900,1.0246,1.0245,1.0247,1.0245,1.0247,1.0245,1.0199,1.0199,1.0199,1.0199,1.0200,1.0200,1.0200,1.0199,1.0199,1.0196,1.0183,1.0183,1.0198,1.0197,1.0189,1.0193,1.0193,1.0198,1.0198,1.0166,1.0154,1.0154,1.0180,1.0179,1.0153,1.0163,1.0163,1.0163,1.0196,1.0196,1.0197,0.9852,0.9854,1.0194,1.0195,1.0241,0.9762,0.9763,0.9932,0.9933
0.6000,1.0246,1.0245,1.0247,1.0245,1.0247,1.0245,1.0199,1.0199,1.0199,1.0199,1.0200,1.0200,1.0200,1.0199,1.0199,1.0196,1.0183,1.0183,1.0198,1.0197,1.0189,1.0193,1.0193,1.0198,1.0198,1.0166,1.0154,1.0154,1.0180,1.0179,1.0153,1.0163,1.0163,1.0163,1.0196,1.0196,1.0197,0.9852,0.9854,1.0194,1.0195,1.0241,0.9762,0.9763,0.9932,0.9933
0.6100,1.0246,1.0245,1.0247,1.0245,1.0247,1.0245,1.0199,1.0199,1.0199,1.0199,1.0200,1.0200,1.0200,1.0199,1.0199,1.0196,1.0183,1.0183,1.0198,1.0197,1.0189,1.0193,1.0193,1.0198,1.0198,1.0166,1.0154,1.0154,1.0180,1.0179,1.0153,1.0163,1.0163,1.0163,1.0196,1.0196,1.0197,0.9852,0.9854,1.0194,1.0195,1.0241,0.9762,0.9763,0.9932,0.9933
0.6200,1.0246,1.0245,1.0247,1.0245,1.0247,1.0245,1.0199,1.0199,1.0199,1.0199,1.0200,1.0200,1.0200,1.0199,1.0199,1.0196,1.0183,1.0183,1.0198,1.0197,1.0189,1.0193,1.0193,1.0198,1.0198,1.0166,1.0154,1.0154,1.0180,1.0179,1.0153,1.0163,1.0163,1.0163,1.0196,1.0196,1.0197,0.9852,0.9854,1.0194,1.0195,1.0241,0.9762,0.9763,0.9932,0.9933
0.6300,1.0246,1.0245,1.0247,1.0245,1.0247,1.0245,1.0199,1.0199,1.0199,1.0199,1.0200,1.0200,1.0200,1.0199,1.0199,1.0196,1.0183,1.0183,1.0198,1.0197,1.0189,1.0193,1.0193,1.0198,1.0198,1.0166,1.0154,1.0154,1.0180,1.0179,1.0153,1.0163,1.0163,1.0163,1.0196,1.0196,1.0197,0.9852,0.9854,1.0194,1.0195,1.0241,0.9762,0.9763,0.9932,0.9933
0.6400,1.0246,1.0245,1.0247,1.0245,1.0247,1.0245,1.0199,1.0199,1.0199,1.0199,1.0200,1.0200,1.0200,1.0199,1.0199,1.0196,1.0183,1.0183,1.0198,1.0197,1.0189,1.0193,1.0193,1.0198,1.0198,1.0166,1.0154,1.0154,1.0180,1.0179,1.0153,1.0163,1.0163,1.0163,1.0196,1.0196,1.0197,0.9852,0.9854,1.0194,1.0195,1.0241,0.9762,0.9763,0.9932,0.9933
0.6500,1.0246,1.0245,1.0247,1.0245,1.0247,1.0245,1.0199,1.0199,1.0199,1.0199,1.0200,1.0200,1.0200,1.0199,1.0199,1.0196,1.0183,1.0183,1.0198,1.0197,1.0189,1.0193,1.0193,1.0198,1.0198,1.0166,1.0154,1.0154,1.0180,1.0179,1.0153,1.0163,1.0163,1.0163,1.0196,1.0196,1.0197,0.9852,0.9854,1.0194,1.0195,1.0241,0.9762,0.9763,0.9932,0.9933
0.6600,1.0246,1.0245,1.0247,1.0245,1.0247,1.0245,1.0199,1.0199,1.0199,1.0199,1.0200,1.0200,1.0200,1.0199,1.0199,1.0196,1.0183,1.0183,1.0198,1.0197,1.0189,1.0193,1.0193,1.0198,1.0198,1.0166,1.0154,1.0154,1.0180,1.0179,1.0153,1.0163,1.0163,1.0163,1.0196,1.0196,1.0197,0.9852,0.9854,1.0194,1.0195,1.0241,0.9762,0.9763,0.9932,0.9933
0.6700,1.0246,1.0245,1.0247,1.0245,1.0247,1.0245,1.0199,1.0199,1.0199,1.0199,1.0200,1.0200,1.0200,1.0199,1.0199,1.0196,1.0183,1.0183,1.0198,1.0197,1.0189,1.0193,1.0193,1.0198,1.0198,1.0166,1.0154,1.0154,1.0180,1.0179,1.0153,1.0163,1.0163,1.0163,1.0196,1.0196,1.0197,0.9852,0.9854,1.0194,1.0195,1.0241,0.9762,0.9763,0.9932,0.9933
0.6800,1.0246,1.0245,1.0247,1.0245,1.0247,1.0245,1.0199,1.0199,1.0199,1.0199,1.0200,1.0200,1.0200,1.0199,1.0199,1.0196,1.0183,1.0183,1.0198,1.0197,1.0189,1.0193,1.0193,1.0198,1.0198,1.0166,1.0154,1.0154,1.0180,1.0179,1.0153,1.0163,1.0163,1.0163,1.0196,1.0196,1.0197,0.9852,0.9854,1.0194,1.0195,1.0241,0.9762,0.9763,0.9932,0.9933
0.6900,1.0246,1.0245,1.0247,1.0245,1.0247,1.0245,1.0199,1.0199,1.0199,1.0199,1.0200,1.0200,1.0200,1.0199,1.0199,1.0196,1.0183,1.0183,1.0198,1.0197,1.0189,1.0193,1.0193,1.0198,1.0198,1.0166,1.0154,1.0154,1.0180,1.0179,1.0153,1.0163,1.0163,1.0163,1.0196,1.0196,1.0197,0.9852,0.9854,1.0194,1.0195,1.0241,0.9762,0.9763,0.9932,0.9933
0.7000,1.0246,1.0245,1.0247,1.0245,1.0247,1.0245,1.0199,1.0199,1.0199,1.0199,1.0200,1.0200,1.0200,1.0199,1.0199,1.0196,1.0183,1.0183,1.0198,1.0197,1.0189,1.0193,1.0193,1.0198,1.0198,1.0166,1.0154,1.0154,1.0180,1.0179,1.0153,1.0163,1.0163,1.0163,1.0196,1.0196,1.0197,0.9852,0.9854,1.0194,1.0195,1.0241,0.9762,0.9763,0.9932,0.9933
0.7100,1.0246,1.0245,1.0247,1.0245,1.0247,1.0245,1.0199,1.0199,1.0199,1.0199,1.0200,1.0200,1.0200,1.0199,1.0199,1.0196,1.0183,1.0183,1.0198,1.0197,1.0189,1.0193,1.0193,1.0198,1.0198,1.0166,1.0154,1.0154,1.0180,1.0179,1.0153,1.0163,1.0163,1.0163,1.0196,1.0196,1.0197,0.9852,0.9854,1.0194,1.0195,1.0241,0.9762,0.9763,0.9932,0.9933
0.7200,1.0246,1.0245,1.0247,1.0245,1.0247,1.0245,1.0199,1.0199,1.0199,1.0199,1.0200,1.0200,1.0200,1.0199,1.0199,1.0196,1.0183,1.0183,1.0198,1.0197,1.0189,1.0193,1.0193,1.0198,1.0198,1.0166,1.0154,1.0154,1.0180,1.0179,1.0153,1.0163,1.0163,1.0163,1.0196,1.0196,1.0197,0.9852,0.9854,1.0194,1.0195,1.0241,0.9762,0.9763,0.9932,0.9933
0.7300,1.0246,1.0245,1.0247,1.0245,1.0247,1.0245,1.0199,1.0199,1.0199,1.0199,1.0200,1.0200,1.0200,1.0199,1.0199,1.0196,1.0183,1.0183,1.0198,1.0197,1.0189,1.0193,1.0193,1.0198,1.0198,1.0166,1.0154,1.0154,1.0180,1.0179,1.0153,1.0163,1.0163,1.0163,1.0196,1.0196,1.0197,0.9852,0.9854,1.0194,1.0195,1.0241,0.9762,0.9763,0.9932,0.9933
0.7400,1.0246,1.0245,1.0247,1.0245,1.0247,1.0245,1.0199,1.0199,1.0199,1.0199,1.0200,1.0200,1.0200,1.0199,1.0199,1.0196,1.0183,1.0183,1.0198,1.0197,1.0189,1.0193,1.0193,1.0198,1.0198,1.0166,1.0154,1.0154,1.0180,1.0179,1.0153,1.0163,1.0163,1.0163,1.0196,1.0196,1.0197,0.9852,0.9854,1.0194,1.0195,1.0241,0.9762,0.9763,0.9932,0.9933
0.7500,1.0246,1.0245,1.0247,1.0245,1.0247,1.0245,1.0199,1.0199,1.0199,1.0199,1.0200,1.0200,1.0200,1.0199,1.0199,1.0196,1.0183,1.0183,1.0198,1.0197,1.0189,1.0193,1.0193,1.0198,1.0198,1.0166,1.0154,1.0154,1.0180,1.0179,1.0153,1.0163,1.0163,1.0163,1.0196,1.0196,1.0197,0.9852,0.9854,1.0194,1.0195,1.0241,0.9762,0.9763,0.9932,0.9933
0.7600,1.0246,1.0245,1.0247,1.0245,1.0247,1.0245,1.0199,1.0199,1.0199,1.0199,1.0200,1.0200,1.0200,1.0199,1.0199,1.0196,1.0183,1.0183,1.0198,1.0197,1.0189,1.0193,1.0193,1.0198,1.0198,1.0166,1.0154,1.0154,1.0180,1.0179,1.0153,1.0163,1.0163,1.0163,1.0196,1.0196,1.0197,0.9852,0.9854,1.0194,1.0195,1.0241,0.9762,0.9763,0.9932,0.9933
0.7700,1.0246,1.0245,1.0247,1.0245,1.0247,1.0245,1.0199,1.0199,1.0199,1.0199,1.0200,1.0200,1.0200,1.0199,1.0199,1.0196,1.0183,1.0183,1.0198,1.0197,1.0189,1.0193,1.0193,1.0198,1.0198,1.0166,1.0154,1.0154,1.0180,1.0179,1.0153,1.0163,1.0163,1.0163,1.0196,1.0196,1.0197,0.9852,0.9854,1.0194,1.0195,1.0241,0.9762,0.9763,0.9932,0.9933
0.7800,1.0246,1.0245,1.0247,1.0245,1.0247,1.0245,1.0199,1.0199,1.0199,1.0199,1.0200,1.0200,1.0200,1.0199,1.0199,1.0196,1.0183,1.0183,1.0198,1.0197,1.0189,1.0193,1.0193,1.0198,1.0198,1.0166,1.0154,1.0154,1.0180,1.0179,1.0153,1.0163,1.0163,1.0163,1.0196,1.0196,1.0197,0.9852,0.9854,1.0194,1.0195,1.0241,0.9762,0.9763,0.9932,0.9933
0.7900,1.0246,1.0245,1.0247,1.0245,1.0247,1.0245,1.0199,1.0199,1.0199,1.0199,1.0200,1.0200,1.0200,1.0199,1.0199,1.0196,1.0183,1.0183,1.0198,1.0197,1.0189,1.0193,1.0193,1.0198,1.0198,1.0166,1.0154,1.0154,1.0180,1.0179,1.0153,1.0163,1.0163,1.0163,1.0196,1.0196,1.0197,0.9852,0.9854,1.0194,1.0195,1.0241,0.9762,0.9763,0.9932,0.9933
0.8000,1.0246,1.0245,1.0247,1.0245,1.0247,1.0245,1.0199,1.0199,1.0199,1.0199,1.0200,1.0200,1.0200,1.0199,1.0199,1.0196,1.0183,1.0183,1.0198,1.0197,1.0189,1.0193,1.0193,1.0198,1.0198,1.0166,1.0154,1.0154,1.0180,1.0179,1.0153,1.0163,1.0163,1.0163,1.0196,1.0196,1.0197,0.9852,0.9854,1.0194,1.0195,1.0241,0.9762,0.9763,0.9932,0.9933
0.8100,1.0246,1.0245,1.0247,1.0245,1.0247,1.0245,1.0199,1.0199,1.0199,1.0199,1.0200,1.0200,1.0200,1.0199,1.0199,1.0196,1.0183,1.0183,1.0198,1.0197,1.0189,1.0193,1.0193,1.0198,1.0198,1.0166,1.0154,1.0154,1.0180,1.0179,1.0153,1.0163,1.0163,1.0163,1.0196,1.0196,1.0197,0.9852,0.9854,1.0194,1.0195,1.0241,0.9762,0.9763,0.9932,0.9933
0.8200,1.0246,1.0245,1.0247,1.0245,1.0247,1.0245,1.0199,1.0199,1.0199,1.0199,1.0200,1.0200,1.0200,1.0199,1.0199,1.0196,1.0183,1.0183,1.0198,1.0197,1.0189,1.0193,1.0193,1.0198,1.0198,1.0166,1.0154,1.0154,1.0180,1.0179,1.0153,1.0163,1.0163,1.0163,1.0196,1.0196,1.0197,0.9852,0.9854,1.0194,1.0195,1.0241,0.9762,0.9763,0.9932,0.9933
0.8300,1.0246,1.0245,1.0247,1.0245,1.0247,1.0245,1.0199,1.0199,1.0199,1.0199,1.0200,1.0200,1.0200,1.0199,1.0199,1.0196,1.0183,1.0183,1.0198,1.0197,1.0189,1.0193,1.0193,1.0198,1.0198,1.0166,1.0154,1.0154,1.0180,1.0179,1.0153,1.0163,1.0163,1.0163,1.0196,1.0196,1.0197,0.9852,0.9854,1.0194,1.0195,1.0241,0.9762,0.9763,0.9932,0.9933
0.8400,1.0246,1.0245,1.0247,1.0245,1.0247,1.0245,1.0199,1.0199,1.0199,1.0199,1.0200,1.0200,1.0200,1.0199,1.0199,1.0196,1.0183,1.0183,1.0198,1.0197,1.0189,1.0193,1.0193,1.0198,1.0198,1.0166,1.0154,1.0154,1.0180,1.0179,1.0153,1.0163,1.0163,1.0163,1.0196,1.0196,1.0197,0.9852,0.9854,1.0194,1.0195,1.0241,0.9762,0.9763,0.9932,0.9933
0.8500,1.0246,1.0245,1.0247,1.0245,1.0247,1.0245,1.0199,1.0199,1.0199,1.0199,1.0200,1.0200,1.0200,1.0199,1.0199,1.0196,1.0183,1.0183,1.0198,1.0197,1.0189,1.0193,1.0193,1.0198,1.0198,1.0166,1.0154,1.0154,1.0180,1.0179,1.0153,1.0163,1.0163,1.0163,1.0196,1.0196,1.0197,0.9852,0.9854,1.0194,1.0195,1.0241,0.9762,0.9763,0.9932,0.9933
0.8600,1.0246,1.0245,1.0247,1.0245,1.0247,1.0245,1.0199,1.0199,1.0199,1.0199,1.0200,1.0200,1.0200,1.0199,1.0199,1.0196,1.0183,1.0183,1.0198,1.0197,1.0189,1.0193,1.0193,1.0198,1.0198,1.0166,1.0154,1.0154,1.0180,1.0179,1.0153,1.0163,1.0163,1.0163,1.0196,1.0196,1.0197,0.9852,0.9854,1.0194,1.0195,1.0241,0.9762,0.9763,0.9932,0.9933
0.8700,1.0246,1.0245,1.0247,1.0245,1.0247,1.0245,1.0199,1.0199,1.0199,1.0199,1.0200,1.0200,1.0200,1.0199,1.0199,1.0196,1.0183,1.0183,1.0198,1.0197,1.0189,1.0193,1.0193,1.0198,1.0198,1.0166,1.0154,1.0154,1.0180,1.0179,1.0153,1.0163,1.0163,1.0163,1.0196,1.0196,1.0197,0.9852,0.9854,1.0194,1.0195,1.0241,0.9762,0.9763,0.9932,0.9933
0.8800,1.0246,1.0245,1.0247,1.0245,1.0247,1.0245,1.0199,1.0199,1.0199,1.0199,1.0200,1.0200,1.0200,1.0199,1.0199,1.0196,1.0183,1.0183,1.0198,1.0197,1.0189,1.0193,1.0193,1.0198,1.0198,1.0166,1.0154,1.0154,1.0180,1.0179,1.0153,1.0163,1.0163,1.0163,1.0196,1.0196,1.0197,0.9852,0.9854,1.0194,1.0195,1.0241,0.9762,0.9763,0.9932,0.9933
0.8900,1.0246,1.0245,1.0247,1.0245,1.0247,1.0245,1.0199,1.0199,1.0199,1.0199,1.0200,1.0200,1.0200,1.0199,1.0199,1.0196,1.0183,1.0183,1.0198,1.0197,1.0189,1.0193,1.0193,1.0198,1.0198,1.0166,1.0154,1.0154,1.0180,1.0179,1.0153,1.0163,1.0163,1.0163,1.0196,1.0196,1.0197,0.9852,0.9854,1.0194,1.0195,1.0241,0.9762,0.9763,0.9932,0.9933
0.9000,1.0246,1.0245,1.0247,1.0245,1.0247,1.0245,1.0199,1.0199,1.0199,1.0199,1.0200,1.0200,1.0200,1.0199,1.0199,1.0196,1.0183,1.0183,1.0198,1.0197,1.0189,1.0193,1.0193,1.0198,1.0198,1.0166,1.0154,1.0154,1.0180,1.0179,1.0153,1.0163,1.0163,1.0163,1.0196,1.0196,1.0197,0.9852,0.9854,1.0194,1.0195,1.0241,0.9762,0.9763,0.9932,0.9933
0.9100,1.0246,1.0245,1.0247,1.0245,1.0247,1.0245,1.0199,1.0199,1.0199,1.0199,1.0200,1.0200,1.0200,1.0199,1.0199,1.0196,1.0183,1.0183,1.0198,1.0197,1.0189,1.0193,1.0193,1.0198,1.0198,1.0166,1.0154,1.0154,1.0180,1.0179,1.0153,1.0163,1.0163,1.0163,1.0196,1.0196,1.0197,0.9852,0.9854,1.0194,1.0195,1.0241,0.9762,0.9763,0.9932,0.9933
0.9200,1.0246,1.0245,1.0247,1.0245,1.0247,1.0245,1.0199,1.0199,1.0199,1.0199,1.0200,1.0200,1.0200,1.0199,1.0199,1.0196,1.0183,1.0183,1.0198,1.0197,1.0189,1.0193,1.0193,1.0198,1.0198,1.0166,1.0154,1.0154,1.0180,1.0179,1.0153,1.0163,1.0163,1.0163,1.0196,1.0196,1.0197,0.9852,0.9854,1.0194,1.0195,1.0241,0.9762,0.9763,0.9932,0.9933
0.9300,1.0246,1.0245,1.0247,1.0245,1.0247,1.0245,1.0199,1.0199,1.0199,1.0199,1.0200,1.0200,1.0200,1.0199,1.0199,1.0196,1.0183,1.0183,1.0198,1.0197,1.0189,1.0193,1.0193,1.0198,1.0198,1.0166,1.0154,1.0154,1.0180,1.0179,1.0153,1.0163,1.0163,1.0163,1.0196,1.0196,1.0197,0.9852,0.9854,1.0194,1.0195,1.0241,0.9762,0.9763,0.9932,0.9933
0.9400,1.0246,1.0245,1.0247,1.0245,1.0247,1.0245,1.0199,1.0199,1.0199,1.0199,1.0200,1.0200,1.0200,1.0199,1.0199,1.0196,1.0183,1.0183,1.0198,1.0197,1.0189,1.0193,1.0193,1.0198,1.0198,1.0166,1.0154,1.0154,1.0180,1.0179,1.0153,1.0163,1.0163,1.0163,1.0196,1.0196,1.0197,0.9852,0.9854,1.0194,1.0195,1.0241,0.9762,0.9763,0.9932,0.9933
0.9500,1.0246,1.0245,1.0247,1.0245,1.0247,1.0245,1.0199,1.0199,1.0199,1.0199,1.0200,1.0200,1.0200,1.0199,1.0199,1.0196,1.0183,1.0183,1.0198,1.0197,1.0189,1.0193,1.0193,1.0198,1.0198,1.0166,1.0154,1.0154,1.0180,1.0179,1.0153,1.0163,1.0163,1.0163,1.0196,1.0196,1.0197,0.9852,0.9854,1.0194,1.0195,1.0241,0.9762,0.9763,0.9932,0.9933
0.9600,1.0246,1.0245,1.0247,1.0245,1.0247,1.0245,1.0199,1.0199,1.0199,1.0199,1.0200,1.0200,1.0200,1.0199,1.0199,1.0196,1.0183,1.0183,1.0198,1.0197,1.0189,1.0193,1.0193,1.0198,1.0198,1.0166,1.0154,1.0154,1.0180,1.0179,1.0153,1.0163,1.0163,1.0163,1.0196,1.0196,1.0197,0.9852,0.9854,1.0194,1.0195,1.0241,0.9762,0.9763,0.9932,0.9933
0.9700,1.0246,1.0245,1.0247,1.0245,1.0247,1.0245,1.0199,1.0199,1.0199,1.0199,1.0200,1.0200,1.0200,1.0199,1.0199,1.0196,1.0183,1.0183,1.0198,1.0197,1.0189,1.0193,1.0193,1.0198,1.0198,1.0166,1.0154,1.0154,1.0180,1.0179,1.0153,1.0163,1.0163,1.0163,1.0196,1.0196,1.0197,0.9852,0.9854,1.0194,1.0195,1.0241,0.9762,0.9763,0.9932,0.9933
0.9800,1.0246,1.0245,1.0247,1.0245,1.0247,1.0245,1.0199,1.0199,1.0199,1.0199,1.0200,1.0200,1.0200,1.0199,1.0199,1.0196,1.0183,1.0183,1.0198,1.0197,1.0189,1.0193,1.0193,1.0198,1.0198,1.0166,1.0154,1.0154,1.0180,1.0179,1.0153,1.0163,1.0163,1.0163,1.0196,1.0196,1.0197,0.9852,0.9854,1.0194,1.0195,1.0241,0.9762,0.9763,0.9932,0.9933
0.9900,1.0246,1.0245,1.0247,1.0245,1.0247,1.0245,1.0199,1.0199,1.0199,1.0199,1.0200,1.0200,1.0200,1.0199,1.0199,1.0196,1.0183,1.0183,1.0198,1.0197,1.0189,1.0193,1.0193,1.0198,1.0198,1.0166,1.0154,1.0154,1.0180,1.0179,1.0153,1.0163,1.0163,1.0163,1.0196,1.0196,1.0197,0.9852,0.9854,1.0194,1.0195,1.0241,0.9762,0.9763,0.9932,0.9933
1.0000,1.0246,1.0245,1.0247,1.0245,1.0247,1.0245,1.0199,1.0199,1.0199,1.0199,1.0200,1.0200,1.0200,1.0199,1.0199,1.0196,1.0183,1.0183,1.0198,1.0197,1.0189,1.0193,1.0193,1.0198,1.0198,1.0166,1.0154,1.0154,1.0180,1.0179,1.0153,1.0163,1.0163,1.0163,1.0196,1.0196,1.0197,0.9852,0.9854,1.0194,1.0195,1.0241,0.9762,0.9763,0.9932,0.9933
1.0055,0.3688,0.3687,0.3688,0.3687,0.3688,0.3687,0.3667,0.3666,0.3671,0.3671,0.3685,0.3685,0.3645,0.3666,0.3665,0.3667,0.3654,0.3654,0.3670,0.3668,0.3664,0.3666,0.3666,0.2662,0.2664,0.3209,0.3206,0.3206,0.3173,0.3174,0.3199,0.3179,0.3179,0.3179,0.3685,0.3685,0.3679,0.4290,0.4290,0.3673,0.3673,0.3686,0.4290,0.4290,0.4324,0.4324
1.0126,0.3332,0.3331,0.3332,0.3331,0.3332,0.3331,0.3309,0.3308,0.3316,0.3316,0.3329,0.3329,0.3294,0.3308,0.3306,0.3312,0.3297,0.3297,0.3316,0.3313,0.3307,0.3310,0.3310,0.2066,0.2066,0.2907,0.2894,0.2894,0.2910,0.2909,0.2904,0.2907,0.2907,0.2907,0.3328,0.3328,0.3323,0.3881,0.3881,0.3318,0.3317,0.3330,0.3881,0.3881,0.3912,0.3912
1.0226,0.3267,0.3266,0.3267,0.3266,0.3267,0.3266,0.3248,0.3248,0.3251,0.3251,0.3263,0.3263,0.3229,0.3248,0.3247,0.3249,0.3242,0.3242,0.3251,0.3251,0.3246,0.3248,0.3248,0.2764,0.2762,0.3197,0.3183,0.3183,0.3277,0.3275,0.3194,0.3223,0.3223,0.3223,0.3259,0.3259,0.3256,0.3687,0.3687,0.3251,0.3251,0.3265,0.3679,0.3679,0.3721,0.3721
1.0326,0.3119,0.3118,0.3119,0.3118,0.3119,0.3118,0.3103,0.3103,0.3104,0.3104,0.3116,0.3116,0.3083,0.3103,0.3102,0.3102,0.3094,0.3094,0.3104,0.3104,0.3098,0.3101,0.3101,0.2882,0.2880,0.3087,0.3074,0.3074,0.3183,0.3181,0.3083,0.3119,0.3119,0.3119,0.3109,0.3109,0.3107,0.3449,0.3449,0.3103,0.3103,0.3117,0.3435,0.3435,0.3484,0.3484
1.0426,0.3016,0.3015,0.3016,0.3015,0.3016,0.3015,0.3000,0.3000,0.3002,0.3002,0.3013,0.3013,0.2981,0.3000,0.2999,0.3000,0.2992,0.2992,0.3002,0.3002,0.2995,0.2998,0.2998,0.2726,0.2725,0.3011,0.3000,0.3000,0.3104,0.3104,0.2998,0.3030,0.3030,0.3030,0.3005,0.3005,0.3003,0.3256,0.3256,0.3000,0.3000,0.3014,0.3235,0.3236,0.3291,0.3291
1.0526,0.2901,0.2901,0.2901,0.2901,0.2901,0.2901,0.2885,0.2885,0.2888,0.2888,0.2899,0.2899,0.2868,0.2885,0.2884,0.2885,0.2876,0.2876,0.2888,0.2887,0.2880,0.2884,0.2884,0.2525,0.2524,0.2859,0.2849,0.2849,0.2949,0.2949,0.2844,0.2871,0.2871,0.2871,0.2888,0.2888,0.2887,0.3062,0.3063,0.2885,0.2886,0.2900,0.3037,0.3038,0.3098,0.3098
1.0626,0.2811,0.2811,0.2811,0.2811,0.2811,0.2811,0.2795,0.2794,0.2798,0.2798,0.2809,0.2809,0.2779,0.2794,0.2793,0.2795,0.2785,0.2785,0.2798,0.2797,0.2789,0.2793,0.2793,0.2334,0.2333,0.2748,0.2737,0.2737,0.2833,0.2833,0.2727,0.2748,0.2748,0.2748,0.2797,0.2797,0.2796,0.2898,0.2898,0.2795,0.2795,0.2809,0.2868,0.2869,0.2933,0.2934
1.0726,0.2724,0.2724,0.2725,0.2724,0.2725,0.2724,0.2707,0.2706,0.2712,0.2712,0.2723,0.2723,0.2694,0.2706,0.2705,0.2709,0.2697,0.2697,0.2712,0.2711,0.2702,0.2706,0.2706,0.2167,0.2166,0.2631,0.2620,0.2620,0.2713,0.2713,0.2609,0.2625,0.2625,0.2625,0.2709,0.2709,0.2709,0.2744,0.2745,0.2708,0.2709,0.2723,0.2711,0.2712,0.2779,0.2780
1.0826,0.2650,0.2650,0.2650,0.2650,0.2650,0.2650,0.2632,0.2630,0.2638,0.2638,0.2649,0.2649,0.2620,0.2630,0.2629,0.2635,0.2622,0.2622,0.2638,0.2637,0.2627,0.2632,0.2632,0.2058,0.2057,0.2537,0.2525,0.2525,0.2614,0.2614,0.2514,0.2524,0.2524,0.2524,0.2634,0.2634,0.2634,0.2608,0.2609,0.2634,0.2635,0.2649,0.2573,0.2574,0.2643,0.2644
1.0926,0.2609,0.2608,0.2609,0.2609,0.2609,0.2609,0.2594,0.2593,0.2597,0.2597,0.2607,0.2607,0.2580,0.2593,0.2593,0.2593,0.2580,0.2580,0.2596,0.2596,0.2585,0.2590,0.2590,0.2527,0.2521,0.2477,0.2465,0.2465,0.2548,0.2547,0.2455,0.2460,0.2460,0.2460,0.2591,0.2591,0.2593,0.2507,0.2508,0.2592,0.2593,0.2607,0.2469,0.2470,0.2542,0.2543
1.1000,0.2597,0.2597,0.2597,0.2597,0.2597,0.2597,0.2587,0.2588,0.2585,0.2585,0.2596,0.2596,0.2568,0.2588,0.2588,0.2581,0.2567,0.2567,0.2585,0.2584,0.2573,0.2578,0.2578,0.3019,0.3016,0.2460,0.2447,0.2447,0.2526,0.2525,0.2439,0.2440,0.2440,0.2440,0.2579,0.2579,0.2580,0.2453,0.2454,0.2580,0.2582,0.2596,0.2413,0.2414,0.2487,0.2488
1.1055,0.6743,0.6742,0.6743,0.6742,0.6743,0.6742,0.6711,0.6711,0.6711,0.6711,0.6714,0.6714,0.6714,0.6711,0.6711,0.6705,0.6680,0.6680,0.6711,0.6709,0.6688,0.6696,0.6696,0.7518,0.7517,0.6779,0.6754,0.6754,0.6905,0.6902,0.6708,0.6728,0.6728,0.6728,0.6694,0.6694,0.6700,0.5736,0.5738,0.6701,0.6704,0.6739,0.5603,0.5606,0.5824,0.5826
1.1126,0.7259,0.7258,0.7259,0.7259,0.7259,0.7259,0.7231,0.7232,0.7225,0.7225,0.7228,0.7228,0.7228,0.7232,0.7233,0.7221,0.7202,0.7202,0.7225,0.7225,0.7208,0.7215,0.7215,0.8219,0.8220,0.7314,0.7297,0.7297,0.7407,0.7406,0.7279,0.7310,0.7310,0.7310,0.7209,0.7209,0.7214,0.6223,0.6226,0.7216,0.7218,0.7255,0.6087,0.6089,0.6315,0.6317
1.1226,0.7343,0.7342,0.7343,0.7343,0.7343,0.7343,0.7315,0.7317,0.7309,0.7309,0.7312,0.7312,0.7312,0.7317,0.7318,0.7304,0.7283,0.7283,0.7309,0.7307,0.7292,0.7299,0.7299,0.8149,0.8151,0.7202,0.7185,0.7185,0.7237,0.7236,0.7201,0.7221,0.7221,0.7221,0.7294,0.7294,0.7299,0.6363,0.6366,0.7300,0.7302,0.7339,0.6231,0.6233,0.6453,0.6456
1.1326,0.7490,0.7490,0.7491,0.7490,0.7491,0.7490,0.7459,0.7460,0.7455,0.7455,0.7458,0.7458,0.7458,0.7460,0.7461,0.7450,0.7430,0.7430,0.7455,0.7453,0.7439,0.7445,0.7445,0.8002,0.8004,0.7296,0.7278,0.7278,0.7319,0.7317,0.7298,0.7315,0.7315,0.7315,0.7442,0.7442,0.7446,0.6541,0.6544,0.7446,0.7449,0.7486,0.6412,0.6414,0.6631,0.6634
1.1426,0.7668,0.7667,0.7668,0.7667,0.7668,0.7667,0.7635,0.7635,0.7632,0.7632,0.7634,0.7634,0.7634,0.7635,0.7636,0.7627,0.7607,0.7607,0.7631,0.7629,0.7616,0.7622,0.7622,0.8093,0.8094,0.7460,0.7441,0.7441,0.7492,0.7490,0.7465,0.7484,0.7484,0.7484,0.7619,0.7619,0.7623,0.6742,0.6744,0.7623,0.7625,0.7663,0.6614,0.6616,0.6832,0.6834
1.1526,0.7864,0.7863,0.7864,0.7863,0.7864,0.7863,0.7830,0.7830,0.7827,0.7827,0.7830,0.7830,0.7830,0.7830,0.7831,0.7823,0.7803,0.7803,0.7827,0.7825,0.7812,0.7818,0.7818,0.8242,0.8243,0.7673,0.7653,0.7653,0.7706,0.7704,0.7674,0.7693,0.7693,0.7693,0.7816,0.7816,0.7819,0.6954,0.6956,0.7819,0.7821,0.7860,0.6826,0.6828,0.7045,0.7047
1.1626,0.8043,0.8042,0.8044,0.8043,0.8044,0.8043,0.8008,0.8008,0.8006,0.8006,0.8008,0.8008,0.8008,0.8008,0.8009,0.8001,0.7982,0.7982,0.8005,0.8004,0.7991,0.7997,0.7997,0.8364,0.8364,0.7867,0.7848,0.7848,0.7903,0.7901,0.7868,0.7887,0.7887,0.7887,0.7996,0.7996,0.7999,0.7148,0.7150,0.7997,0.7999,0.8039,0.7020,0.7023,0.7240,0.7242
1.1726,0.8197,0.8196,0.8197,0.8197,0.8198,0.8197,0.8160,0.8160,0.8159,0.8159,0.8161,0.8161,0.8161,0.8160,0.8161,0.8155,0.8137,0.8137,0.8159,0.8157,0.8145,0.8150,0.8150,0.8332,0.8333,0.8039,0.8021,0.8021,0.8074,0.8072,0.8038,0.8056,0.8056,0.8056,0.8151,0.8151,0.8153,0.7317,0.7320,0.8151,0.8153,0.8193,0.7190,0.7192,0.7410,0.7412
1.1826,0.8324,0.8323,0.8324,0.8323,0.8324,0.8323,0.8284,0.8284,0.8285,0.8285,0.8287,0.8287,0.8287,0.8284,0.8284,0.8280,0.8263,0.8263,0.8284,0.8283,0.8271,0.8276,0.8276,0.8225,0.8225,0.8180,0.8162,0.8162,0.8214,0.8213,0.8178,0.8195,0.8195,0.8195,0.8278,0.8278,0.8279,0.7460,0.7462,0.8276,0.8278,0.8319,0.7332,0.7334,0.7553,0.7555
1.1926,0.8442,0.8441,0.8442,0.8441,0.8442,0.8441,0.8402,0.8402,0.8403,0.8403,0.8405,0.8405,0.8405,0.8402,0.8401,0.8399,0.8382,0.8382,0.8402,0.8401,0.8389,0.8395,0.8395,0.8215,0.8216,0.8312,0.8294,0.8294,0.8344,0.8342,0.8309,0.8325,0.8325,0.8325,0.8397,0.8397,0.8398,0.7592,0.7595,0.8394,0.8396,0.8437,0.7465,0.7467,0.7686,0.7688
1.2026,0.8552,0.8551,0.8552,0.8551,0.8552,0.8551,0.8511,0.8510,0.8512,0.8512,0.8514,0.8514,0.8514,0.8510,0.8510,0.8508,0.8491,0.8491,0.8511,0.8510,0.8499,0.8504,0.8504,0.8276,0.8276,0.8430,0.8414,0.8414,0.8462,0.8460,0.8427,0.8443,0.8443,0.8443,0.8508,0.8508,0.8508,0.7716,0.7718,0.8503,0.8505,0.8547,0.7589,0.7591,0.7809,0.7812
1.2126,0.8656,0.8655,0.8656,0.8655,0.8656,0.8655,0.8614,0.8614,0.8616,0.8616,0.8618,0.8618,0.8618,0.8614,0.8614,0.8612,0.8596,0.8596,0.8615,0.8614,0.8603,0.8608,0.8608,0.8401,0.8400,0.8542,0.8525,0.8525,0.8572,0.8570,0.8538,0.8553,0.8553,0.8553,0.8612,0.8612,0.8612,0.7833,0.7836,0.8607,0.8609,0.8651,0.7707,0.7709,0.7927,0.7929
1.2226,0.8755,0.8754,0.8755,0.8754,0.8755,0.8754,0.8713,0.8713,0.8714,0.8714,0.8716,0.8716,0.8716,0.8713,0.8713,0.8710,0.8694,0.8694,0.8714,0.8712,0.8701,0.8706,0.8706,0.8557,0.8557,0.8646,0.8629,0.8629,0.8674,0.8673,0.8642,0.8656,0.8656,0.8656,0.8711,0.8711,0.8711,0.7946,0.7948,0.8706,0.8708,0.8750,0.7821,0.7823,0.8040,0.8042
1.2326,0.8849,0.8848,0.8849,0.8848,0.8849,0.8848,0.8807,0.8807,0.8807,0.8807,0.8809,0.8809,0.8809,0.8807,0.8807,0.8804,0.8788,0.8788,0.8807,0.8806,0.8795,0.8800,0.8800,0.8719,0.8718,0.8743,0.8727,0.8727,0.8771,0.8769,0.8738,0.8752,0.8752,0.8752,0.8805,0.8805,0.8805,0.8055,0.8057,0.8799,0.8801,0.8844,0.7931,0.7933,0.8148,0.8150
1.2426,0.8938,0.8937,0.8938,0.8937,0.8938,0.8937,0.8896,0.8896,0.8896,0.8896,0.8898,0.8898,0.8898,0.8896,0.8896,0.8892,0.8877,0.8877,0.8896,0.8894,0.8884,0.8889,0.8889,0.8867,0.8866,0.8835,0.8819,0.8819,0.8861,0.8860,0.8830,0.8843,0.8843,0.8843,0.8894,0.8894,0.8894,0.8160,0.8162,0.8888,0.8890,0.8933,0.8038,0.8040,0.8252,0.8254
1.2526,0.9023,0.9022,0.9023,0.9022,0.9023,0.9022,0.8981,0.8981,0.8981,0.8981,0.8983,0.8983,0.8983,0.8981,0.8981,0.8977,0.8962,0.8962,0.8980,0.8979,0.8969,0.8973,0.8973,0.8992,0.8991,0.8922,0.8906,0.8906,0.8948,0.8946,0.8917,0.8930,0.8930,0.8930,0.8978,0.8978,0.8978,0.8262,0.8264,0.8973,0.8975,0.9018,0.8142,0.8144,0.8353,0.8355
1.2626,0.9104,0.9103,0.9105,0.9103,0.9105,0.9104,0.9062,0.9062,0.9062,0.9062,0.9064,0.9064,0.9064,0.9062,0.9062,0.9058,0.9043,0.9043,0.9062,0.9060,0.9050,0.9055,0.9055,0.9092,0.9092,0.9006,0.8990,0.8990,0.9030,0.9029,0.9000,0.9013,0.9013,0.9013,0.9059,0.9059,0.9059,0.8361,0.8363,0.9054,0.9056,0.9099,0.8243,0.8245,0.8451,0.8453
1.2726,0.9182,0.9181,0.9183,0.9182,0.9183,0.9182,0.9140,0.9140,0.9140,0.9140,0.9141,0.9141,0.9141,0.9140,0.9140,0.9136,0.9121,0.9121,0.9139,0.9138,0.9128,0.9133,0.9133,0.9172,0.9172,0.9086,0.9070,0.9070,0.9109,0.9107,0.9080,0.9092,0.9092,0.9092,0.9137,0.9137,0.9137,0.8457,0.8460,0.9132,0.9134,0.9177,0.8342,0.8344,0.8547,0.8549
1.2826,0.9261,0.9260,0.9261,0.9260,0.9261,0.9260,0.9218,0.9218,0.9218,0.9218,0.9219,0.9219,0.9219,0.9218,0.9218,0.9214,0.9199,0.9199,0.9217,0.9216,0.9206,0.9211,0.9211,0.9240,0.9240,0.9167,0.9152,0.9152,0.9189,0.9188,0.9161,0.9173,0.9173,0.9173,0.9214,0.9214,0.9215,0.8554,0.8557,0.9210,0.9212,0.9256,0.8442,0.8444,0.8643,0.8645
1.2926,0.9338,0.9337,0.9338,0.9337,0.9338,0.9337,0.9294,0.9294,0.9294,0.9294,0.9296,0.9296,0.9296,0.9294,0.9294,0.9291,0.9276,0.9276,0.9294,0.9293,0.9283,0.9287,0.9287,0.9303,0.9303,0.9246,0.9231,0.9231,0.9267,0.9266,0.9240,0.9252,0.9252,0.9252,0.9290,0.9290,0.9291,0.8650,0.8652,0.9287,0.9289,0.9333,0.8540,0.8542,0.8737,0.8739
1.3026,0.9414,0.9413,0.9415,0.9413,0.9415,0.9414,0.9370,0.9370,0.9371,0.9371,0.9372,0.9372,0.9372,0.9370,0.9370,0.9367,0.9352,0.9352,0.9370,0.9369,0.9359,0.9364,0.9364,0.9367,0.9367,0.9326,0.9310,0.9310,0.9345,0.9344,0.9319,0.9330,0.9330,0.9330,0.9366,0.9366,0.9367,0.8745,0.8747,0.9363,0.9365,0.9409,0.8637,0.8639,0.8831,0.8833
1.3126,0.9492,0.9490,0.9492,0.9491,0.9492,0.9491,0.9447,0.9447,0.9447,0.9447,0.9449,0.9449,0.9449,0.9447,0.9447,0.9444,0.9429,0.9429,0.9447,0.9446,0.9436,0.9440,0.9440,0.9437,0.9437,0.9406,0.9391,0.9391,0.9424,0.9423,0.9399,0.9410,0.9410,0.9410,0.9442,0.9442,0.9444,0.8840,0.8842,0.9440,0.9442,0.9486,0.8734,0.8736,0.8925,0.8927
1.3226,0.9569,0.9568,0.9569,0.9568,0.9569,0.9568,0.9524,0.9524,0.9524,0.9524,0.9526,0.9526,0.9526,0.9524,0.9524,0.9521,0.9506,0.9506,0.9524,0.9523,0.9513,0.9517,0.9517,0.9511,0.9511,0.9486,0.9471,0.9471,0.9503,0.9502,0.9479,0.9489,0.9489,0.9489,0.9518,0.9518,0.9520,0.8934,0.8936,0.9517,0.9519,0.9564,0.8830,0.8832,0.9019,0.9021
1.3326,0.9647,0.9646,0.9647,0.9646,0.9647,0.9646,0.9602,0.9602,0.9602,0.9602,0.9603,0.9603,0.9603,0.9602,0.9602,0.9598,0.9584,0.9584,0.9601,0.9600,0.9590,0.9595,0.9595,0.9593,0.9593,0.9567,0.9552,0.9552,0.9584,0.9582,0.9560,0.9570,0.9570,0.9570,0.9595,0.9595,0.9598,0.9028,0.9030,0.9595,0.9597,0.9641,0.8926,0.8927,0.9112,0.9114
1.3426,0.9724,0.9723,0.9724,0.9723,0.9724,0.9723,0.9679,0.9679,0.9679,0.9679,0.9680,0.9680,0.9680,0.9679,0.9679,0.9675,0.9661,0.9661,0.9678,0.9677,0.9667,0.9672,0.9672,0.9676,0.9676,0.9648,0.9633,0.9633,0.9663,0.9662,0.9640,0.9650,0.9650,0.9650,0.9672,0.9672,0.9674,0.9121,0.9123,0.9672,0.9674,0.9719,0.9019,0.9021,0.9204,0.9206
1.3526,0.9800,0.9799,0.9800,0.9799,0.9800,0.9799,0.9754,0.9754,0.9754,0.9754,0.9756,0.9756,0.9756,0.9754,0.9754,0.9750,0.9736,0.9736,0.9754,0.9752,0.9743,0.9747,0.9747,0.9758,0.9758,0.9726,0.9711,0.9711,0.9741,0.9740,0.9718,0.9728,0.9728,0.9728,0.9748,0.9748,0.9750,0.9211,0.9212,0.9747,0.9749,0.9794,0.9110,0.9112,0.9293,0.9295
1.3626,0.9872,0.9871,0.9873,0.9871,0.9873,0.9871,0.9826,0.9826,0.9826,0.9826,0.9828,0.9828,0.9828,0.9826,0.9826,0.9823,0.9809,0.9809,0.9826,0.9825,0.9815,0.9820,0.9820,0.9838,0.9838,0.9801,0.9787,0.9787,0.9816,0.9814,0.9793,0.9803,0.9803,0.9803,0.9820,0.9820,0.9822,0.9297,0.9298,0.9820,0.9822,0.9867,0.9197,0.9199,0.9379,0.9381
1.3726,0.9941,0.9940,0.9941,0.9940,0.9941,0.9940,0.9894,0.9894,0.9894,0.9894,0.9896,0.9896,0.9896,0.9894,0.9895,0.9891,0.9877,0.9877,0.9894,0.9893,0.9883,0.9888,0.9888,0.9911,0.9911,0.9871,0.9857,0.9857,0.9886,0.9884,0.9863,0.9873,0.9873,0.9873,0.9889,0.9889,0.9890,0.9378,0.9380,0.9888,0.9890,0.9935,0.9279,0.9281,0.9460,0.9461
1.3826,1.0004,1.0003,1.0004,1.0003,1.0004,1.0003,0.9957,0.9957,0.9957,0.9957,0.9959,0.9959,0.9959,0.9957,0.9957,0.9954,0.9940,0.9940,0.9957,0.9956,0.9946,0.9951,0.9951,0.9977,0.9977,0.9935,0.9921,0.9921,0.9950,0.9949,0.9927,0.9937,0.9937,0.9937,0.9952,0.9952,0.9953,0.9453,0.9455,0.9951,0.9952,0.9998,0.9355,0.9357,0.9534,0.9536
1.3926,1.0060,1.0059,1.0061,1.0060,1.0061,1.0060,1.0014,1.0014,1.0014,1.0014,1.0015,1.0015,1.0015,1.0014,1.0014,1.0010,0.9996,0.9996,1.0013,1.0012,1.0003,1.0007,1.0007,1.0034,1.0034,0.9993,0.9978,0.9978,1.0007,1.0006,0.9985,0.9994,0.9994,0.9994,1.0009,1.0009,1.0010,0.9521,0.9523,1.0008,1.0009,1.0055,0.9424,0.9426,0.9603,0.9604
1.4026,1.0111,1.0110,1.0111,1.0110,1.0111,1.0110,1.0064,1.0064,1.0064,1.0064,1.0065,1.0065,1.0065,1.0064,1.0064,1.0060,1.0046,1.0046,1.0063,1.0062,1.0053,1.0057,1.0057,1.0083,1.0083,1.0043,1.0029,1.0029,1.0058,1.0057,1.0035,1.0045,1.0045,1.0045,1.0060,1.0060,1.0060,0.9583,0.9585,1.0058,1.0059,1.0105,0.9487,0.9488,0.9664,0.9666
1.4126,1.0155,1.0154,1.0155,1.0154,1.0155,1.0154,1.0108,1.0108,1.0108,1.0108,1.0109,1.0109,1.0109,1.0108,1.0108,1.0104,1.0090,1.0090,1.0107,1.0106,1.0097,1.0101,1.0101,1.0123,1.0123,1.0087,1.0073,1.0073,1.0102,1.0101,1.0079,1.0088,1.0088,1.0088,1.0104,1.0104,1.0104,0.9638,0.9640,1.0102,1.0103,1.0149,0.9542,0.9544,0.9719,0.9721
1.4226,1.0193,1.0192,1.0193,1.0192,1.0193,1.0192,1.0146,1.0146,1.0146,1.0146,1.0147,1.0147,1.0147,1.0146,1.0146,1.0142,1.0128,1.0128,1.0145,1.0144,1.0135,1.0139,1.0139,1.0157,1.0157,1.0124,1.0110,1.0110,1.0140,1.0139,1.0116,1.0126,1.0126,1.0126,1.0142,1.0142,1.0142,0.9687,0.9688,1.0140,1.0141,1.0187,0.9591,0.9593,0.9768,0.9769
1.4326,1.0226,1.0225,1.0226,1.0225,1.0226,1.0225,1.0178,1.0178,1.0178,1.0178,1.0180,1.0180,1.0180,1.0178,1.0178,1.0175,1.0161,1.0161,1.0178,1.0177,1.0168,1.0172,1.0172,1.0185,1.0185,1.0156,1.0142,1.0142,1.0172,1.0171,1.0148,1.0158,1.0158,1.0158,1.0175,1.0175,1.0175,0.9730,0.9731,1.0172,1.0174,1.0220,0.9635,0.9636,0.9810,0.9812
1.4426,1.0254,1.0253,1.0254,1.0253,1.0255,1.0253,1.0206,1.0206,1.0206,1.0206,1.0208,1.0208,1.0208,1.0206,1.0206,1.0203,1.0189,1.0189,1.0206,1.0205,1.0196,1.0200,1.0200,1.0208,1.0208,1.0183,1.0169,1.0169,1.0200,1.0199,1.0175,1.0185,1.0185,1.0185,1.0204,1.0204,1.0204,0.9768,0.9769,1.0201,1.0202,1.0249,0.9673,0.9675,0.9848,0.9850
1.4526,1.0279,1.0278,1.0279,1.0278,1.0279,1.0278,1.0231,1.0231,1.0231,1.0231,1.0233,1.0233,1.0233,1.0231,1.0231,1.0228,1.0214,1.0214,1.0231,1.0230,1.0221,1.0225,1.0225,1.0228,1.0228,1.0207,1.0193,1.0193,1.0223,1.0222,1.0198,1.0208,1.0208,1.0208,1.0228,1.0228,1.0229,0.9801,0.9803,1.0226,1.0227,1.0273,0.9708,0.9709,0.9882,0.9883
1.4626,1.0301,1.0300,1.0301,1.0300,1.0302,1.0300,1.0253,1.0253,1.0253,1.0253,1.0255,1.0255,1.0255,1.0253,1.0253,1.0250,1.0236,1.0236,1.0253,1.0252,1.0243,1.0247,1.0247,1.0246,1.0246,1.0228,1.0214,1.0214,1.0245,1.0243,1.0219,1.0229,1.0229,1.0229,1.0250,1.0250,1.0251,0.9832,0.9833,1.0248,1.0249,1.0296,0.9738,0.9740,0.9912,0.9914
1.4726,1.0321,1.0320,1.0322,1.0320,1.0322,1.0320,1.0273,1.0273,1.0273,1.0273,1.0275,1.0275,1.0275,1.0273,1.0273,1.0270,1.0256,1.0256,1.0273,1.0272,1.0263,1.0267,1.0267,1.0263,1.0263,1.0247,1.0233,1.0233,1.0264,1.0263,1.0237,1.0248,1.0248,1.0248,1.0270,1.0270,1.0271,0.9860,0.9861,1.0268,1.0269,1.0316,0.9767,0.9768,0.9940,0.9941
1.4826,1.0340,1.0339,1.0340,1.0339,1.0340,1.0339,1.0292,1.0292,1.0292,1.0292,1.0293,1.0293,1.0293,1.0292,1.0292,1.0288,1.0275,1.0275,1.0292,1.0291,1.0281,1.0286,1.0286,1.0280,1.0280,1.0265,1.0250,1.0250,1.0281,1.0280,1.0255,1.0265,1.0265,1.0265,1.0289,1.0289,1.0289,0.9886,0.9887,1.0287,1.0288,1.0334,0.9793,0.9794,0.9966,0.9967
1.4926,1.0358,1.0356,1.0358,1.0357,1.0358,1.0357,1.0309,1.0309,1.0309,1.0309,1.0311,1.0311,1.0311,1.0309,1.0309,1.0306,1.0292,1.0292,1.0309,1.0308,1.0299,1.0303,1.0303,1.0297,1.0297,1.0282,1.0267,1.0267,1.0298,1.0297,1.0272,1.0282,1.0282,1.0282,1.0306,1.0306,1.0307,0.9909,0.9911,1.0304,1.0305,1.0352,0.9817,0.9818,0.9989,0.9991
1.5026,1.0374,1.0373,1.0374,1.0373,1.0375,1.0373,1.0326,1.0326,1.0326,1.0326,1.0327,1.0327,1.0327,1.0326,1.0326,1.0323,1.0309,1.0309,1.0326,1.0325,1.0316,1.0320,1.0320,1.0313,1.0313,1.0298,1.0284,1.0284,1.0314,1.0313,1.0288,1.0298,1.0298,1.0298,1.0322,1.0322,1.0323,0.9932,0.9933,1.0321,1.0322,1.0369,0.9840,0.9841,1.0012,1.0013
1.5126,1.0390,1.0389,1.0390,1.0389,1.0390,1.0389,1.0342,1.0342,1.0342,1.0342,1.0343,1.0343,1.0343,1.0342,1.0342,1.0338,1.0325,1.0325,1.0341,1.0340,1.0331,1.0336,1.0336,1.0330,1.0330,1.0314,1.0299,1.0299,1.0330,1.0329,1.0303,1.0313,1.0313,1.0313,1.0338,1.0338,1.0339,0.9953,0.9954,1.0337,1.0338,1.0384,0.9861,0.9862,1.0033,1.0034
1.5226,1.0405,1.0404,1.0405,1.0404,1.0405,1.0404,1.0356,1.0356,1.0356,1.0356,1.0358,1.0358,1.0358,1.0356,1.0356,1.0353,1.0339,1.0339,1.0356,1.0355,1.0346,1.0350,1.0350,1.0345,1.0345,1.0328,1.0314,1.0314,1.0345,1.0344,1.0318,1.0328,1.0328,1.0328,1.0353,1.0353,1.0354,0.9972,0.9974,1.0351,1.0353,1.0399,0.9880,0.9882,1.0052,1.0053
1.5326,1.0419,1.0417,1.0419,1.0418,1.0419,1.0418,1.0370,1.0370,1.0370,1.0370,1.0372,1.0372,1.0372,1.0370,1.0370,1.0367,1.0353,1.0353,1.0370,1.0369,1.0360,1.0364,1.0364,1.0360,1.0360,1.0342,1.0328,1.0328,1.0358,1.0357,1.0331,1.0342,1.0342,1.0342,1.0366,1.0366,1.0367,0.9990,0.9991,1.0365,1.0366,1.0413,0.9898,0.9900,1.0070,1.0071
1.5426,1.0431,1.0430,1.0431,1.0430,1.0431,1.0430,1.0382,1.0382,1.0382,1.0382,1.0384,1.0384,1.0384,1.0382,1.0382,1.0379,1.0365,1.0365,1.0382,1.0381,1.0372,1.0376,1.0376,1.0373,1.0373,1.0355,1.0341,1.0341,1.0371,1.0370,1.0344,1.0354,1.0354,1.0354,1.0379,1.0379,1.0380,1.0006,1.0007,1.0377,1.0379,1.0425,0.9915,0.9916,1.0086,1.0087
1.5526,1.0442,1.0441,1.0442,1.0441,1.0442,1.0441,1.0393,1.0393,1.0393,1.0393,1.0395,1.0395,1.0395,1.0393,1.0393,1.0390,1.0376,1.0376,1.0393,1.0392,1.0383,1.0387,1.0387,1.0384,1.0384,1.0366,1.0352,1.0352,1.0381,1.0380,1.0355,1.0365,1.0365,1.0365,1.0390,1.0390,1.0390,1.0020,1.0021,1.0388,1.0389,1.0436,0.9929,0.9930,1.0100,1.0101
1.5626,1.0451,1.0450,1.0451,1.0450,1.0451,1.0450,1.0402,1.0402,1.0402,1.0402,1.0404,1.0404,1.0404,1.0402,1.0402,1.0399,1.0385,1.0385,1.0402,1.0401,1.0392,1.0396,1.0396,1.0393,1.0393,1.0375,1.0361,1.0361,1.0390,1.0389,1.0364,1.0374,1.0374,1.0374,1.0399,1.0399,1.0399,1.0032,1.0034,1.0397,1.0398,1.0445,0.9941,0.9942,1.0112,1.0113
1.5726,1.0458,1.0457,1.0458,1.0457,1.0458,1.0457,1.0409,1.0409,1.0409,1.0409,1.0411,1.0411,1.0411,1.0409,1.0409,1.0406,1.0392,1.0392,1.0409,1.0408,1.0399,1.0403,1.0403,1.0400,1.0400,1.0383,1.0368,1.0368,1.0398,1.0397,1.0371,1.0381,1.0381,1.0381,1.0406,1.0406,1.0407,1.0042,1.0044,1.0404,1.0406,1.0452,0.9951,0.9952,1.0122,1.0123
1.5826,1.0464,1.0462,1.0464,1.0463,1.0464,1.0463,1.0415,1.0415,1.0415,1.0415,1.0416,1.0416,1.0416,1.0415,1.0415,1.0411,1.0398,1.0398,1.0415,1.0413,1.0405,1.0409,1.0409,1.0405,1.0405,1.0388,1.0374,1.0374,1.0403,1.0402,1.0376,1.0386,1.0386,1.0386,1.0412,1.0412,1.0412,1.0050,1.0052,1.0410,1.0411,1.0458,0.9959,0.9961,1.0130,1.0131
1.5926,1.0467,1.0466,1.0467,1.0466,1.0467,1.0466,1.0418,1.0418,1.0418,1.0418,1.0420,1.0420,1.0420,1.0418,1.0418,1.0415,1.0401,1.0401,1.0418,1.0417,1.0408,1.0412,1.0412,1.0408,1.0408,1.0392,1.0378,1.0378,1.0407,1.0406,1.0379,1.0390,1.0390,1.0390,1.0416,1.0416,1.0416,1.0056,1.0058,1.0413,1.0415,1.0461,0.9966,0.9967,1.0136,1.0137
1.6026,1.0469,1.0468,1.0469,1.0468,1.0469,1.0468,1.0420,1.0420,1.0420,1.0420,1.0422,1.0422,1.0422,1.0420,1.0420,1.0417,1.0403,1.0403,1.0420,1.0419,1.0410,1.0414,1.0414,1.0409,1.0409,1.0394,1.0380,1.0380,1.0408,1.0407,1.0381,1.0391,1.0391,1.0391,1.0418,1.0418,1.0418,1.0061,1.0062,1.0415,1.0417,1.0463,0.9970,0.9971,1.0140,1.0141
1.6126,1.0469,1.0468,1.0470,1.0468,1.0470,1.0468,1.0421,1.0421,1.0421,1.0421,1.0422,1.0422,1.0422,1.0421,1.0421,1.0417,1.0404,1.0404,1.0420,1.0419,1.0411,1.0415,1.0415,1.0408,1.0408,1.0394,1.0380,1.0380,1.0408,1.0407,1.0381,1.0391,1.0391,1.0391,1.0418,1.0418,1.0418,1.0063,1.0064,1.0416,1.0417,1.0464,0.9973,0.9974,1.0143,1.0144
1.6226,1.0469,1.0467,1.0469,1.0468,1.0469,1.0468,1.0420,1.0420,1.0420,1.0420,1.0421,1.0421,1.0421,1.0420,1.0420,1.0416,1.0403,1.0403,1.0420,1.0419,1.0410,1.0414,1.0414,1.0406,1.0406,1.0393,1.0379,1.0379,1.0407,1.0406,1.0380,1.0390,1.0390,1.0390,1.0417,1.0417,1.0417,1.0064,1.0066,1.0415,1.0416,1.0463,0.9974,0.9975,1.0144,1.0145
1.6326,1.0467,1.0465,1.0467,1.0466,1.0467,1.0466,1.0418,1.0418,1.0418,1.0418,1.0419,1.0419,1.0419,1.0418,1.0418,1.0415,1.0401,1.0401,1.0418,1.0417,1.0408,1.0412,1.0412,1.0403,1.0403,1.0391,1.0377,1.0377,1.0405,1.0403,1.0377,1.0387,1.0387,1.0387,1.0415,1.0415,1.0416,1.0065,1.0066,1.0413,1.0414,1.0461,0.9974,0.9975,1.0144,1.0145
1.6426,1.0464,1.0463,1.0464,1.0463,1.0464,1.0463,1.0415,1.0415,1.0415,1.0415,1.0417,1.0417,1.0417,1.0415,1.0415,1.0412,1.0398,1.0398,1.0415,1.0414,1.0405,1.0409,1.0409,1.0400,1.0400,1.0388,1.0374,1.0374,1.0401,1.0400,1.0374,1.0384,1.0384,1.0384,1.0412,1.0412,1.0413,1.0064,1.0065,1.0410,1.0411,1.0458,0.9973,0.9975,1.0143,1.0144
1.6526,1.0461,1.0459,1.0461,1.0460,1.0461,1.0460,1.0412,1.0412,1.0412,1.0412,1.0413,1.0413,1.0413,1.0412,1.0412,1.0409,1.0395,1.0395,1.0412,1.0411,1.0402,1.0406,1.0406,1.0396,1.0396,1.0384,1.0370,1.0370,1.0398,1.0397,1.0371,1.0381,1.0381,1.0381,1.0409,1.0409,1.0410,1.0062,1.0063,1.0407,1.0408,1.0455,0.9972,0.9973,1.0141,1.0143
1.6626,1.0457,1.0456,1.0457,1.0456,1.0457,1.0456,1.0408,1.0408,1.0408,1.0408,1.0410,1.0410,1.0410,1.0408,1.0408,1.0405,1.0391,1.0391,1.0408,1.0407,1.0398,1.0402,1.0402,1.0392,1.0392,1.0380,1.0367,1.0367,1.0394,1.0393,1.0367,1.0377,1.0377,1.0377,1.0405,1.0405,1.0406,1.0060,1.0061,1.0403,1.0404,1.0451,0.9970,0.9971,1.0139,1.0140
1.6726,1.0453,1.0452,1.0453,1.0452,1.0453,1.0452,1.0404,1.0404,1.0404,1.0404,1.0405,1.0405,1.0405,1.0404,1.0404,1.0401,1.0387,1.0387,1.0404,1.0403,1.0394,1.0398,1.0398,1.0388,1.0388,1.0376,1.0362,1.0362,1.0389,1.0388,1.0362,1.0372,1.0372,1.0372,1.0401,1.0401,1.0402,1.0057,1.0059,1.0399,1.0400,1.0447,0.9967,0.9969,1.0137,1.0138
1.6826,1.0448,1.0447,1.0449,1.0447,1.0449,1.0448,1.0400,1.0400,1.0400,1.0400,1.0401,1.0401,1.0401,1.0400,1.0400,1.0396,1.0383,1.0383,1.0400,1.0399,1.0390,1.0394,1.0394,1.0384,1.0384,1.0372,1.0358,1.0358,1.0385,1.0384,1.0358,1.0368,1.0368,1.0368,1.0397,1.0397,1.0398,1.0054,1.0056,1.0395,1.0396,1.0443,0.9964,0.9966,1.0134,1.0135
1.6926,1.0444,1.0443,1.0444,1.0443,1.0444,1.0443,1.0395,1.0395,1.0395,1.0395,1.0397,1.0397,1.0397,1.0395,1.0395,1.0392,1.0379,1.0379,1.0395,1.0394,1.0385,1.0389,1.0389,1.0379,1.0379,1.0367,1.0354,1.0354,1.0380,1.0379,1.0353,1.0363,1.0363,1.0363,1.0392,1.0392,1.0393,1.0051,1.0052,1.0390,1.0392,1.0438,0.9961,0.9962,1.0130,1.0131
1.7026,1.0439,1.0438,1.0439,1.0438,1.0439,1.0438,1.0390,1.0390,1.0390,1.0390,1.0392,1.0392,1.0392,1.0390,1.0390,1.0387,1.0374,1.0374,1.0390,1.0389,1.0380,1.0385,1.0385,1.0375,1.0375,1.0362,1.0349,1.0349,1.0375,1.0374,1.0349,1.0358,1.0358,1.0358,1.0388,1.0388,1.0388,1.0047,1.0049,1.0386,1.0387,1.0433,0.9957,0.9959,1.0127,1.0128
1.7126,1.0434,1.0433,1.0434,1.0433,1.0434,1.0433,1.0385,1.0385,1.0385,1.0385,1.0387,1.0387,1.0387,1.0385,1.0385,1.0382,1.0369,1.0369,1.0385,1.0384,1.0375,1.0380,1.0380,1.0370,1.0370,1.0357,1.0344,1.0344,1.0370,1.0369,1.0343,1.0353,1.0353,1.0353,1.0383,1.0383,1.0383,1.0043,1.0045,1.0380,1.0382,1.0428,0.9953,0.9955,1.0122,1.0124
1.7226,1.0429,1.0427,1.0429,1.0428,1.0429,1.0428,1.0380,1.0380,1.0380,1.0380,1.0381,1.0381,1.0381,1.0380,1.0380,1.0377,1.0363,1.0363,1.0380,1.0379,1.0370,1.0374,1.0374,1.0365,1.0365,1.0352,1.0339,1.0339,1.0365,1.0364,1.0338,1.0348,1.0348,1.0348,1.0377,1.0377,1.0378,1.0039,1.0040,1.0375,1.0376,1.0423,0.9949,0.9950,1.0118,1.0119
1.7326,1.0423,1.0421,1.0423,1.0422,1.0423,1.0422,1.0374,1.0374,1.0374,1.0374,1.0375,1.0375,1.0375,1.0374,1.0374,1.0371,1.0357,1.0357,1.0374,1.0373,1.0364,1.0368,1.0368,1.0360,1.0360,1.0346,1.0333,1.0333,1.0359,1.0358,1.0332,1.0342,1.0342,1.0342,1.0371,1.0371,1.0372,1.0034,1.0035,1.0369,1.0370,1.0417,0.9944,0.9945,1.0113,1.0114
1.7426,1.0416,1.0415,1.0416,1.0415,1.0416,1.0415,1.0368,1.0368,1.0368,1.0368,1.0369,1.0369,1.0369,1.0368,1.0368,1.0364,1.0351,1.0351,1.0367,1.0366,1.0358,1.0362,1.0362,1.0354,1.0354,1.0340,1.0327,1.0327,1.0352,1.0351,1.0326,1.0335,1.0335,1.0335,1.0365,1.0365,1.0365,1.0028,1.0029,1.0363,1.0364,1.0410,0.9938,0.9939,1.0107,1.0108
1.7526,1.0409,1.0408,1.0410,1.0408,1.0410,1.0409,1.0361,1.0361,1.0361,1.0361,1.0362,1.0362,1.0362,1.0361,1.0361,1.0358,1.0344,1.0344,1.0361,1.0360,1.0351,1.0355,1.0355,1.0347,1.0347,1.0333,1.0320,1.0320,1.0346,1.0345,1.0319,1.0329,1.0329,1.0329,1.0358,1.0358,1.0359,1.0022,1.0023,1.0356,1.0357,1.0404,0.9932,0.9933,1.0101,1.0102
1.7626,1.0402,1.0401,1.0403,1.0401,1.0403,1.0401,1.0354,1.0354,1.0354,1.0354,1.0355,1.0355,1.0355,1.0354,1.0354,1.0351,1.0337,1.0337,1.0354,1.0353,1.0344,1.0348,1.0348,1.0340,1.0340,1.0326,1.0313,1.0313,1.0338,1.0337,1.0312,1.0321,1.0321,1.0321,1.0351,1.0351,1.0352,1.0015,1.0016,1.0349,1.0350,1.0397,0.9925,0.9927,1.0094,1.0096
1.7726,1.0395,1.0394,1.0395,1.0394,1.0395,1.0394,1.0346,1.0346,1.0346,1.0346,1.0348,1.0348,1.0348,1.0346,1.0346,1.0343,1.0330,1.0330,1.0346,1.0345,1.0336,1.0341,1.0341,1.0332,1.0332,1.0318,1.0305,1.0305,1.0331,1.0330,1.0304,1.0314,1.0314,1.0314,1.0344,1.0344,1.0344,1.0008,1.0010,1.0342,1.0343,1.0389,0.9919,0.9920,1.0087,1.0089
1.7826,1.0387,1.0386,1.0387,1.0386,1.0387,1.0386,1.0339,1.0339,1.0339,1.0339,1.0340,1.0340,1.0340,1.0339,1.0339,1.0336,1.0322,1.0322,1.0339,1.0338,1.0329,1.0333,1.0333,1.0325,1.0324,1.0311,1.0298,1.0298,1.0323,1.0322,1.0296,1.0306,1.0306,1.0306,1.0336,1.0336,1.0337,1.0001,1.0002,1.0334,1.0335,1.0381,0.9911,0.9913,1.0080,1.0081
1.7926,1.0379,1.0378,1.0380,1.0378,1.0380,1.0378,1.0331,1.0331,1.0331,1.0331,1.0332,1.0332,1.0332,1.0331,1.0331,1.0328,1.0315,1.0315,1.0331,1.0330,1.0321,1.0325,1.0325,1.0317,1.0317,1.0303,1.0290,1.0290,1.0315,1.0314,1.0288,1.0298,1.0298,1.0298,1.0329,1.0329,1.0329,0.9994,0.9995,1.0326,1.0327,1.0374,0.9904,0.9905,1.0073,1.0074
1.8026,1.0372,1.0370,1.0372,1.0371,1.0372,1.0371,1.0323,1.0323,1.0323,1.0323,1.0325,1.0325,1.0325,1.0323,1.0323,1.0320,1.0307,1.0307,1.0323,1.0322,1.0313,1.0317,1.0317,1.0309,1.0309,1.0295,1.0282,1.0282,1.0307,1.0306,1.0280,1.0290,1.0290,1.0290,1.0321,1.0321,1.0321,0.9986,0.9988,1.0318,1.0320,1.0366,0.9897,0.9898,1.0065,1.0067
1.8126,1.0364,1.0363,1.0364,1.0363,1.0364,1.0363,1.0316,1.0316,1.0316,1.0316,1.0317,1.0317,1.0317,1.0316,1.0315,1.0312,1.0299,1.0299,1.0315,1.0314,1.0306,1.0310,1.0310,1.0301,1.0301,1.0287,1.0274,1.0274,1.0299,1.0298,1.0273,1.0282,1.0282,1.0282,1.0313,1.0313,1.0314,0.9979,0.9980,1.0311,1.0312,1.0358,0.9889,0.9890,1.0058,1.0059
1.8226,1.0356,1.0355,1.0357,1.0355,1.0357,1.0355,1.0308,1.0308,1.0308,1.0308,1.0309,1.0309,1.0309,1.0308,1.0308,1.0305,1.0292,1.0292,1.0308,1.0307,1.0298,1.0302,1.0302,1.0294,1.0294,1.0280,1.0266,1.0266,1.0291,1.0290,1.0265,1.0274,1.0274,1.0274,1.0306,1.0306,1.0306,0.9971,0.9973,1.0303,1.0304,1.0351,0.9882,0.9883,1.0051,1.0052
1.8326,1.0349,1.0348,1.0349,1.0348,1.0349,1.0348,1.0301,1.0301,1.0301,1.0301,1.0302,1.0302,1.0302,1.0301,1.0301,1.0297,1.0284,1.0284,1.0300,1.0299,1.0291,1.0295,1.0295,1.0287,1.0287,1.0272,1.0259,1.0259,1.0284,1.0283,1.0257,1.0267,1.0267,1.0267,1.0298,1.0298,1.0299,0.9964,0.9965,1.0296,1.0297,1.0343,0.9874,0.9876,1.0043,1.0044
1.8426,1.0342,1.0341,1.0342,1.0341,1.0342,1.0341,1.0293,1.0293,1.0294,1.0294,1.0295,1.0295,1.0295,1.0293,1.0293,1.0290,1.0277,1.0277,1.0293,1.0292,1.0284,1.0288,1.0288,1.0280,1.0280,1.0265,1.0252,1.0252,1.0277,1.0276,1.0250,1.0260,1.0260,1.0260,1.0291,1.0291,1.0291,0.9957,0.9958,1.0289,1.0290,1.0336,0.9867,0.9869,1.0036,1.0037
1.8526,1.0335,1.0334,1.0335,1.0334,1.0335,1.0334,1.0287,1.0287,1.0287,1.0287,1.0288,1.0288,1.0288,1.0287,1.0287,1.0283,1.0270,1.0270,1.0286,1.0285,1.0277,1.0281,1.0281,1.0273,1.0273,1.0258,1.0245,1.0245,1.0270,1.0269,1.0243,1.0253,1.0253,1.0253,1.0284,1.0284,1.0285,0.9950,0.9951,1.0282,1.0283,1.0329,0.9860,0.9862,1.0029,1.0030
1.8626,1.0328,1.0327,1.0328,1.0327,1.0328,1.0327,1.0280,1.0280,1.0280,1.0280,1.0281,1.0281,1.0281,1.0280,1.0280,1.0277,1.0264,1.0264,1.0280,1.0279,1.0270,1.0274,1.0274,1.0267,1.0267,1.0252,1.0238,1.0238,1.0263,1.0262,1.0236,1.0246,1.0246,1.0246,1.0278,1.0278,1.0278,0.9943,0.9945,1.0275,1.0276,1.0322,0.9854,0.9855,1.0023,1.0024
1.8726,1.0322,1.0320,1.0322,1.0321,1.0322,1.0321,1.0273,1.0273,1.0273,1.0273,1.0275,1.0275,1.0275,1.0273,1.0273,1.0270,1.0257,1.0257,1.0273,1.0272,1.0264,1.0268,1.0268,1.0261,1.0261,1.0245,1.0232,1.0232,1.0256,1.0255,1.0230,1.0239,1.0239,1.0239,1.0271,1.0271,1.0271,0.9937,0.9938,1.0269,1.0270,1.0316,0.9847,0.9848,1.0016,1.0017
1.8826,1.0314,1.0313,1.0314,1.0313,1.0314,1.0313,1.0266,1.0266,1.0266,1.0266,1.0267,1.0267,1.0267,1.0266,1.0266,1.0263,1.0250,1.0250,1.0266,1.0265,1.0256,1.0260,1.0260,1.0253,1.0253,1.0237,1.0224,1.0224,1.0248,1.0247,1.0222,1.0231,1.0231,1.0231,1.0264,1.0264,1.0264,0.9929,0.9931,1.0261,1.0262,1.0308,0.9840,0.9841,1.0008,1.0010
1.8926,1.0308,1.0307,1.0308,1.0307,1.0308,1.0307,1.0260,1.0260,1.0260,1.0260,1.0261,1.0261,1.0261,1.0260,1.0260,1.0257,1.0244,1.0244,1.0260,1.0259,1.0250,1.0254,1.0254,1.0248,1.0248,1.0231,1.0218,1.0218,1.0242,1.0241,1.0216,1.0226,1.0226,1.0226,1.0258,1.0258,1.0258,0.9923,0.9924,1.0255,1.0256,1.0302,0.9833,0.9835,1.0002,1.0004
1.9026,1.0302,1.0301,1.0302,1.0301,1.0302,1.0301,1.0254,1.0254,1.0254,1.0254,1.0255,1.0255,1.0256,1.0254,1.0254,1.0251,1.0238,1.0238,1.0254,1.0253,1.0244,1.0248,1.0248,1.0242,1.0242,1.0226,1.0213,1.0213,1.0237,1.0236,1.0211,1.0220,1.0220,1.0220,1.0252,1.0252,1.0252,0.9917,0.9918,1.0249,1.0250,1.0296,0.9827,0.9829,0.9996,0.9998
1.9126,1.0296,1.0295,1.0296,1.0295,1.0296,1.0295,1.0248,1.0248,1.0248,1.0248,1.0250,1.0250,1.0250,1.0248,1.0248,1.0245,1.0232,1.0232,1.0248,1.0247,1.0238,1.0242,1.0242,1.0236,1.0236,1.0220,1.0207,1.0207,1.0231,1.0230,1.0205,1.0214,1.0214,1.0214,1.0246,1.0246,1.0246,0.9911,0.9912,1.0243,1.0244,1.0290,0.9821,0.9823,0.9990,0.9991
1.9226,1.0290,1.0289,1.0291,1.0289,1.0291,1.0289,1.0242,1.0242,1.0242,1.0242,1.0244,1.0244,1.0244,1.0242,1.0242,1.0239,1.0226,1.0226,1.0242,1.0241,1.0232,1.0237,1.0237,1.0231,1.0231,1.0214,1.0201,1.0201,1.0225,1.0224,1.0199,1.0208,1.0208,1.0208,1.0240,1.0240,1.0240,0.9905,0.9906,1.0237,1.0239,1.0285,0.9815,0.9817,0.9984,0.9986
1.9326,1.0285,1.0283,1.0285,1.0284,1.0285,1.0284,1.0237,1.0237,1.0237,1.0237,1.0238,1.0238,1.0238,1.0237,1.0237,1.0233,1.0220,1.0220,1.0236,1.0235,1.0227,1.0231,1.0231,1.0226,1.0226,1.0209,1.0196,1.0196,1.0219,1.0218,1.0193,1.0203,1.0203,1.0203,1.0234,1.0234,1.0235,0.9899,0.9901,1.0232,1.0233,1.0279,0.9809,0.9811,0.9978,0.9980
1.9426,1.0279,1.0278,1.0279,1.0278,1.0279,1.0278,1.0231,1.0231,1.0231,1.0231,1.0233,1.0233,1.0233,1.0231,1.0231,1.0228,1.0215,1.0215,1.0231,1.0230,1.0221,1.0225,1.0225,1.0221,1.0221,1.0203,1.0190,1.0190,1.0213,1.0212,1.0188,1.0197,1.0197,1.0197,1.0229,1.0229,1.0229,0.9894,0.9895,1.0226,1.0227,1.0273,0.9804,0.9805,0.9973,0.9974
1.9526,1.0274,1.0272,1.0274,1.0273,1.0274,1.0273,1.0226,1.0226,1.0226,1.0226,1.0227,1.0227,1.0227,1.0226,1.0226,1.0223,1.0209,1.0209,1.0226,1.0225,1.0216,1.0220,1.0220,1.0215,1.0215,1.0198,1.0185,1.0185,1.0208,1.0207,1.0182,1.0192,1.0192,1.0192,1.0223,1.0223,1.0224,0.9888,0.9889,1.0221,1.0222,1.0268,0.9798,0.9799,0.9967,0.9968
1.9626,1.0268,1.0267,1.0269,1.0267,1.0269,1.0267,1.0220,1.0220,1.0221,1.0221,1.0222,1.0222,1.0222,1.0220,1.0220,1.0217,1.0204,1.0204,1.0220,1.0219,1.0211,1.0215,1.0215,1.0210,1.0210,1.0193,1.0180,1.0180,1.0203,1.0202,1.0177,1.0186,1.0186,1.0186,1.0218,1.0218,1.0218,0.9882,0.9884,1.0216,1.0217,1.0263,0.9793,0.9794,0.9962,0.9963
1.9726,1.0263,1.0262,1.0264,1.0262,1.0264,1.0262,1.0215,1.0215,1.0216,1.0216,1.0217,1.0217,1.0217,1.0215,1.0215,1.0212,1.0199,1.0199,1.0215,1.0214,1.0206,1.0210,1.0210,1.0206,1.0206,1.0187,1.0175,1.0175,1.0198,1.0197,1.0172,1.0181,1.0181,1.0181,1.0213,1.0213,1.0213,0.9877,0.9878,1.0211,1.0212,1.0258,0.9787,0.9789,0.9956,0.9958
1.9826,1.0258,1.0257,1.0259,1.0257,1.0259,1.0258,1.0211,1.0211,1.0211,1.0211,1.0212,1.0212,1.0212,1.0211,1.0211,1.0207,1.0194,1.0194,1.0210,1.0209,1.0201,1.0205,1.0205,1.0201,1.0201,1.0183,1.0170,1.0170,1.0193,1.0192,1.0167,1.0176,1.0176,1.0176,1.0208,1.0208,1.0209,0.9872,0.9873,1.0206,1.0207,1.0253,0.9782,0.9783,0.9951,0.9952
1.9926,1.0254,1.0253,1.0254,1.0253,1.0254,1.0253,1.0206,1.0206,1.0206,1.0206,1.0207,1.0207,1.0207,1.0206,1.0206,1.0203,1.0190,1.0190,1.0206,1.0205,1.0196,1.0200,1.0200,1.0196,1.0196,1.0178,1.0165,1.0165,1.0188,1.0187,1.0162,1.0172,1.0172,1.0172,1.0204,1.0204,1.0204,0.9867,0.9868,1.0201,1.0202,1.0248,0.9777,0.9778,0.9946,0.9948
2.0026,1.0249,1.0248,1.0250,1.0248,1.0250,1.0248,1.0202,1.0202,1.0202,1.0202,1.0203,1.0203,1.0203,1.0202,1.0202,1.0198,1.0185,1.0185,1.0201,1.0200,1.0192,1.0196,1.0196,1.0192,1.0192,1.0174,1.0161,1.0161,1.0183,1.0182,1.0158,1.0167,1.0167,1.0167,1.0199,1.0199,1.0200,0.9863,0.9864,1.0197,1.0198,1.0244,0.9773,0.9774,0.9942,0.9943
2.0126,1.0245,1.0244,1.0245,1.0244,1.0245,1.0244,1.0197,1.0197,1.0197,1.0197,1.0199,1.0199,1.0199,1.0197,1.0197,1.0194,1.0181,1.0181,1.0197,1.0196,1.0188,1.0192,1.0192,1.0188,1.0188,1.0169,1.0157,1.0157,1.0179,1.0178,1.0154,1.0163,1.0163,1.0163,1.0195,1.0195,1.0195,0.9858,0.9859,1.0192,1.0194,1.0240,0.9768,0.9769,0.9937,0.9938
2.0226,1.0241,1.0240,1.0241,1.0240,1.0241,1.0240,1.0193,1.0193,1.0194,1.0194,1.0195,1.0195,1.0195,1.0193,1.0193,1.0190,1.0177,1.0177,1.0193,1.0192,1.0184,1.0188,1.0188,1.0184,1.0184,1.0166,1.0153,1.0153,1.0175,1.0174,1.0150,1.0159,1.0159,1.0159,1.0191,1.0191,1.0191,0.9854,0.9855,1.0189,1.0190,1.0236,0.9764,0.9765,0.9933,0.9934
2.0326,1.0237,1.0236,1.0238,1.0237,1.0238,1.0237,1.0190,1.0190,1.0190,1.0190,1.0191,1.0191,1.0191,1.0190,1.0190,1.0187,1.0174,1.0174,1.0190,1.0189,1.0180,1.0184,1.0184,1.0181,1.0181,1.0162,1.0149,1.0149,1.0171,1.0170,1.0146,1.0155,1.0155,1.0155,1.0187,1.0187,1.0188,0.9850,0.9851,1.0185,1.0186,1.0232,0.9760,0.9761,0.9929,0.9930
2.0426,1.0234,1.0233,1.0234,1.0233,1.0234,1.0233,1.0186,1.0186,1.0186,1.0186,1.0188,1.0188,1.0188,1.0186,1.0186,1.0183,1.0170,1.0170,1.0186,1.0185,1.0176,1.0180,1.0180,1.0178,1.0178,1.0158,1.0145,1.0145,1.0168,1.0167,1.0143,1.0152,1.0152,1.0152,1.0184,1.0184,1.0184,0.9846,0.9847,1.0181,1.0183,1.0228,0.9756,0.9757,0.9925,0.9926
2.0526,1.0231,1.0229,1.0231,1.0230,1.0231,1.0230,1.0183,1.0183,1.0183,1.0183,1.0184,1.0184,1.0184,1.0183,1.0183,1.0180,1.0167,1.0167,1.0183,1.0182,1.0173,1.0177,1.0177,1.0175,1.0175,1.0155,1.0142,1.0142,1.0165,1.0164,1.0139,1.0148,1.0148,1.0148,1.0181,1.0181,1.0181,0.9842,0.9844,1.0178,1.0179,1.0225,0.9752,0.9754,0.9922,0.9923
2.0626,1.0228,1.0226,1.0228,1.0227,1.0228,1.0227,1.0180,1.0180,1.0180,1.0180,1.0181,1.0181,1.0181,1.0180,1.0180,1.0177,1.0164,1.0164,1.0180,1.0179,1.0170,1.0174,1.0174,1.0172,1.0172,1.0152,1.0139,1.0139,1.0161,1.0160,1.0136,1.0145,1.0145,1.0145,1.0178,1.0178,1.0178,0.9839,0.9840,1.0175,1.0176,1.0222,0.9749,0.9750,0.9918,0.9919
2.0726,1.0225,1.0223,1.0225,1.0224,1.0225,1.0224,1.0177,1.0177,1.0177,1.0177,1.0178,1.0178,1.0178,1.0177,1.0177,1.0174,1.0161,1.0161,1.0177,1.0176,1.0167,1.0171,1.0171,1.0169,1.0169,1.0149,1.0136,1.0136,1.0158,1.0157,1.0133,1.0142,1.0142,1.0142,1.0175,1.0175,1.0175,0.9836,0.9837,1.0172,1.0173,1.0219,0.9746,0.9747,0.9915,0.9916
2.0826,1.0222,1.0221,1.0222,1.0221,1.0222,1.0221,1.0174,1.0174,1.0174,1.0174,1.0175,1.0175,1.0175,1.0174,1.0174,1.0171,1.0158,1.0158,1.0174,1.0173,1.0164,1.0168,1.0168,1.0167,1.0167,1.0146,1.0133,1.0133,1.0156,1.0155,1.0130,1.0140,1.0140,1.0140,1.0172,1.0172,1.0172,0.9833,0.9834,1.0169,1.0170,1.0216,0.9743,0.9744,0.9912,0.9913
2.0926,1.0219,1.0218,1.0219,1.0218,1.0219,1.0218,1.0171,1.0171,1.0172,1.0172,1.0173,1.0173,1.0173,1.0171,1.0171,1.0168,1.0155,1.0155,1.0171,1.0170,1.0162,1.0166,1.0166,1.0164,1.0164,1.0144,1.0131,1.0131,1.0153,1.0152,1.0128,1.0137,1.0137,1.0137,1.0169,1.0169,1.0169,0.9830,0.9831,1.0167,1.0168,1.0213,0.9740,0.9741,0.9909,0.9910
2.1026,1.0217,1.0215,1.0217,1.0216,1.0217,1.0216,1.0169,1.0169,1.0169,1.0169,1.0170,1.0170,1.0170,1.0169,1.0169,1.0166,1.0153,1.0153,1.0169,1.0168,1.0159,1.0163,1.0163,1.0162,1.0162,1.0141,1.0128,1.0128,1.0150,1.0149,1.0125,1.0134,1.0134,1.0134,1.0167,1.0167,1.0167,0.9827,0.9828,1.0164,1.0165,1.0211,0.9737,0.9738,0.9906,0.9908
2.1126,1.0214,1.0213,1.0214,1.0213,1.0215,1.0213,1.0167,1.0167,1.0167,1.0167,1.0168,1.0168,1.0168,1.0167,1.0167,1.0163,1.0151,1.0151,1.0166,1.0165,1.0157,1.0161,1.0161,1.0160,1.0160,1.0139,1.0126,1.0126,1.0148,1.0147,1.0123,1.0132,1.0132,1.0132,1.0164,1.0164,1.0165,0.9825,0.9826,1.0162,1.0163,1.0209,0.9734,0.9736,0.9904,0.9905
2.1226,1.0212,1.0211,1.0212,1.0211,1.0212,1.0211,1.0164,1.0164,1.0165,1.0165,1.0166,1.0166,1.0166,1.0164,1.0164,1.0161,1.0148,1.0148,1.0164,1.0163,1.0155,1.0159,1.0159,1.0158,1.0157,1.0137,1.0124,1.0124,1.0146,1.0145,1.0121,1.0130,1.0130,1.0130,1.0162,1.0162,1.0162,0.9822,0.9823,1.0160,1.0161,1.0206,0.9732,0.9733,0.9901,0.9903
2.1326,1.0210,1.0209,1.0210,1.0209,1.0210,1.0209,1.0162,1.0162,1.0162,1.0162,1.0164,1.0164,1.0164,1.0162,1.0162,1.0159,1.0146,1.0146,1.0162,1.0161,1.0153,1.0157,1.0157,1.0155,1.0155,1.0135,1.0122,1.0122,1.0144,1.0143,1.0119,1.0128,1.0128,1.0128,1.0160,1.0160,1.0160,0.9820,0.9821,1.0157,1.0159,1.0204,0.9730,0.9731,0.9899,0.9900
2.1426,1.0208,1.0207,1.0208,1.0207,1.0208,1.0207,1.0161,1.0161,1.0161,1.0161,1.0162,1.0162,1.0162,1.0161,1.0161,1.0157,1.0144,1.0144,1.0160,1.0159,1.0151,1.0155,1.0155,1.0154,1.0154,1.0133,1.0120,1.0120,1.0142,1.0141,1.0117,1.0126,1.0126,1.0126,1.0158,1.0158,1.0159,0.9818,0.9819,1.0156,1.0157,1.0203,0.9728,0.9729,0.9897,0.9898
2.1526,1.0206,1.0205,1.0207,1.0206,1.0207,1.0206,1.0159,1.0159,1.0159,1.0159,1.0160,1.0160,1.0160,1.0159,1.0159,1.0156,1.0143,1.0143,1.0159,1.0158,1.0149,1.0153,1.0153,1.0152,1.0152,1.0131,1.0118,1.0118,1.0140,1.0139,1.0115,1.0124,1.0124,1.0124,1.0157,1.0157,1.0157,0.9816,0.9817,1.0154,1.0155,1.0201,0.9726,0.9727,0.9895,0.9896
2.1626,1.0205,1.0204,1.0205,1.0204,1.0205,1.0204,1.0157,1.0157,1.0157,1.0157,1.0159,1.0159,1.0159,1.0157,1.0157,1.0154,1.0141,1.0141,1.0157,1.0156,1.0147,1.0152,1.0152,1.0151,1.0151,1.0130,1.0117,1.0117,1.0139,1.0138,1.0114,1.0123,1.0123,1.0123,1.0155,1.0155,1.0155,0.9814,0.9815,1.0152,1.0154,1.0199,0.9724,0.9725,0.9893,0.9895
2.1726,1.0204,1.0202,1.0204,1.0203,1.0204,1.0203,1.0156,1.0156,1.0156,1.0156,1.0157,1.0157,1.0157,1.0156,1.0156,1.0153,1.0140,1.0140,1.0156,1.0155,1.0146,1.0150,1.0150,1.0150,1.0150,1.0128,1.0116,1.0116,1.0137,1.0136,1.0112,1.0121,1.0121,1.0121,1.0154,1.0154,1.0154,0.9812,0.9814,1.0151,1.0152,1.0198,0.9722,0.9723,0.9892,0.9893
2.1826,1.0202,1.0201,1.0203,1.0201,1.0203,1.0201,1.0155,1.0155,1.0155,1.0155,1.0156,1.0156,1.0156,1.0155,1.0155,1.0152,1.0139,1.0139,1.0155,1.0154,1.0145,1.0149,1.0149,1.0149,1.0149,1.0127,1.0114,1.0114,1.0136,1.0135,1.0111,1.0120,1.0120,1.0120,1.0152,1.0152,1.0153,0.9811,0.9812,1.0150,1.0151,1.0197,0.9721,0.9722,0.9890,0.9892
2.1926,1.0201,1.0200,1.0202,1.0200,1.0202,1.0200,1.0154,1.0154,1.0154,1.0154,1.0155,1.0155,1.0155,1.0154,1.0154,1.0151,1.0138,1.0138,1.0154,1.0153,1.0144,1.0148,1.0148,1.0148,1.0148,1.0126,1.0113,1.0113,1.0135,1.0134,1.0110,1.0119,1.0119,1.0119,1.0151,1.0151,1.0152,0.9810,0.9811,1.0149,1.0150,1.0196,0.9720,0.9721,0.9889,0.9890
2.2026,1.0200,1.0199,1.0201,1.0199,1.0201,1.0199,1.0153,1.0153,1.0153,1.0153,1.0154,1.0154,1.0154,1.0153,1.0153,1.0150,1.0137,1.0137,1.0153,1.0152,1.0143,1.0147,1.0147,1.0147,1.0147,1.0125,1.0112,1.0112,1.0134,1.0133,1.0109,1.0118,1.0118,1.0118,1.0151,1.0151,1.0151,0.9809,0.9810,1.0148,1.0149,1.0195,0.9718,0.9720,0.9888,0.9889
2.2126,1.0200,1.0198,1.0200,1.0199,1.0200,1.0199,1.0152,1.0152,1.0152,1.0152,1.0153,1.0153,1.0153,1.0152,1.0152,1.0149,1.0136,1.0136,1.0152,1.0151,1.0142,1.0146,1.0146,1.0147,1.0147,1.0125,1.0112,1.0112,1.0133,1.0132,1.0108,1.0117,1.0117,1.0117,1.0150,1.0150,1.0150,0.9808,0.9809,1.0147,1.0148,1.0194,0.9717,0.9719,0.9887,0.9888
2.2226,1.0199,1.0198,1.0199,1.0198,1.0199,1.0198,1.0151,1.0151,1.0151,1.0151,1.0153,1.0153,1.0153,1.0151,1.0151,1.0148,1.0135,1.0135,1.0151,1.0150,1.0142,1.0146,1.0146,1.0146,1.0146,1.0124,1.0111,1.0111,1.0133,1.0132,1.0108,1.0117,1.0117,1.0117,1.0149,1.0149,1.0149,0.9807,0.9808,1.0146,1.0148,1.0193,0.9717,0.9718,0.9886,0.9887
2.2326,1.0198,1.0197,1.0199,1.0197,1.0199,1.0198,1.0151,1.0151,1.0151,1.0151,1.0152,1.0152,1.0152,1.0151,1.0151,1.0148,1.0135,1.0135,1.0151,1.0150,1.0141,1.0145,1.0145,1.0146,1.0146,1.0123,1.0111,1.0111,1.0132,1.0131,1.0107,1.0116,1.0116,1.0116,1.0149,1.0149,1.0149,0.9806,0.9807,1.0146,1.0147,1.0193,0.9716,0.9717,0.9885,0.9887
2.2426,1.0198,1.0197,1.0198,1.0197,1.0198,1.0197,1.0150,1.0150,1.0151,1.0151,1.0152,1.0152,1.0152,1.0150,1.0150,1.0147,1.0134,1.0134,1.0150,1.0149,1.0141,1.0145,1.0145,1.0145,1.0145,1.0123,1.0110,1.0110,1.0132,1.0131,1.0107,1.0116,1.0116,1.0116,1.0148,1.0148,1.0148,0.9805,0.9807,1.0145,1.0147,1.0192,0.9715,0.9716,0.9885,0.9886
2.2526,1.0198,1.0196,1.0198,1.0197,1.0198,1.0197,1.0150,1.0150,1.0150,1.0150,1.0152,1.0152,1.0152,1.0150,1.0150,1.0147,1.0134,1.0134,1.0150,1.0149,1.0140,1.0144,1.0144,1.0145,1.0145,1.0123,1.0110,1.0110,1.0131,1.0130,1.0106,1.0116,1.0116,1.0116,1.0148,1.0148,1.0148,0.9805,0.9806,1.0145,1.0146,1.0192,0.9715,0.9716,0.9884,0.9886
2.2626,1.0197,1.0196,1.0198,1.0196,1.0198,1.0196,1.0150,1.0150,1.0150,1.0150,1.0151,1.0151,1.0151,1.0150,1.0150,1.0147,1.0134,1.0134,1.0150,1.0149,1.0140,1.0144,1.0144,1.0145,1.0145,1.0122,1.0110,1.0110,1.0131,1.0130,1.0106,1.0115,1.0115,1.0115,1.0148,1.0148,1.0148,0.9805,0.9806,1.0145,1.0146,1.0192,0.9714,0.9715,0.9884,0.9885
2.2726,1.0197,1.0196,1.0197,1.0196,1.0197,1.0196,1.0150,1.0150,1.0150,1.0150,1.0151,1.0151,1.0151,1.0150,1.0150,1.0147,1.0134,1.0134,1.0149,1.0148,1.0140,1.0144,1.0144,1.0145,1.0145,1.0122,1.0109,1.0109,1.0131,1.0130,1.0106,1.0115,1.0115,1.0115,1.0147,1.0147,1.0148,0.9804,0.9805,1.0145,1.0146,1.0192,0.9714,0.9715,0.9884,0.9885
2.2826,1.0197,1.0196,1.0197,1.0196,1.0197,1.0196,1.0150,1.0150,1.0150,1.0150,1.0151,1.0151,1.0151,1.0150,1.0150,1.0146,1.0134,1.0134,1.0149,1.0148,1.0140,1.0144,1.0144,1.0145,1.0145,1.0122,1.0109,1.0109,1.0131,1.0130,1.0106,1.0115,1.0115,1.0115,1.0147,1.0147,1.0148,0.9804,0.9805,1.0145,1.0146,1.0192,0.9714,0.9715,0.9883,0.9885
2.2926,1.0197,1.0196,1.0197,1.0196,1.0197,1.0196,1.0150,1.0150,1.0150,1.0150,1.0151,1.0151,1.0151,1.0150,1.0150,1.0146,1.0134,1.0134,1.0149,1.0148,1.0140,1.0144,1.0144,1.0145,1.0145,1.0122,1.0109,1.0109,1.0131,1.0130,1.0106,1.0115,1.0115,1.0115,1.0147,1.0147,1.0148,0.9804,0.9805,1.0145,1.0146,1.0192,0.9713,0.9715,0.9883,0.9884
2.3026,1.0197,1.0196,1.0197,1.0196,1.0197,1.0196,1.0150,1.0150,1.0150,1.0150,1.0151,1.0151,1.0151,1.0150,1.0150,1.0147,1.0134,1.0134,1.0149,1.0148,1.0140,1.0144,1.0144,1.0145,1.0145,1.0122,1.0110,1.0110,1.0131,1.0130,1.0106,1.0115,1.0115,1.0115,1.0147,1.0147,1.0148,0.9804,0.9805,1.0145,1.0146,1.0192,0.9713,0.9715,0.9883,0.9884
2.3126,1.0197,1.0196,1.0198,1.0196,1.0198,1.0196,1.0150,1.0150,1.0150,1.0150,1.0151,1.0151,1.0151,1.0150,1.0150,1.0147,1.0134,1.0134,1.0150,1.0149,1.0140,1.0144,1.0144,1.0145,1.0145,1.0122,1.0110,1.0110,1.0131,1.0130,1.0106,1.0115,1.0115,1.0115,1.0148,1.0148,1.0148,0.9804,0.9805,1.0145,1.0146,1.0192,0.9713,0.9715,0.9883,0.9884
2.3226,1.0198,1.0197,1.0198,1.0197,1.0198,1.0197,1.0150,1.0150,1.0150,1.0150,1.0152,1.0152,1.0152,1.0150,1.0150,1.0147,1.0134,1.0134,1.0150,1.0149,1.0140,1.0144,1.0144,1.0146,1.0146,1.0123,1.0110,1.0110,1.0131,1.0130,1.0107,1.0116,1.0116,1.0116,1.0148,1.0148,1.0148,0.9804,0.9805,1.0145,1.0146,1.0192,0.9714,0.9715,0.9883,0.9885
2.3326,1.0198,1.0197,1.0198,1.0197,1.0198,1.0197,1.0150,1.0150,1.0150,1.0150,1.0152,1.0152,1.0152,1.0150,1.0150,1.0147,1.0134,1.0134,1.0150,1.0149,1.0141,1.0145,1.0145,1.0146,1.0146,1.0123,1.0110,1.0110,1.0131,1.0130,1.0107,1.0116,1.0116,1.0116,1.0148,1.0148,1.0148,0.9804,0.9805,1.0145,1.0147,1.0192,0.9714,0.9715,0.9884,0.9885
2.3426,1.0198,1.0197,1.0199,1.0197,1.0199,1.0197,1.0151,1.0151,1.0151,1.0151,1.0152,1.0152,1.0152,1.0151,1.0151,1.0148,1.0135,1.0135,1.0151,1.0150,1.0141,1.0145,1.0145,1.0147,1.0147,1.0123,1.0111,1.0111,1.0132,1.0131,1.0107,1.0116,1.0116,1.0116,1.0148,1.0148,1.0149,0.9804,0.9806,1.0146,1.0147,1.0193,0.9714,0.9715,0.9884,0.9885
2.3526,1.0199,1.0198,1.0199,1.0198,1.0199,1.0198,1.0151,1.0151,1.0151,1.0151,1.0153,1.0153,1.0153,1.0151,1.0151,1.0148,1.0135,1.0135,1.0151,1.0150,1.0141,1.0146,1.0146,1.0147,1.0147,1.0124,1.0111,1.0111,1.0132,1.0131,1.0108,1.0117,1.0117,1.0117,1.0149,1.0149,1.0149,0.9805,0.9806,1.0146,1.0148,1.0193,0.9714,0.9716,0.9884,0.9885
2.3626,1.0199,1.0198,1.0200,1.0198,1.0200,1.0198,1.0152,1.0152,1.0152,1.0152,1.0153,1.0153,1.0153,1.0152,1.0152,1.0149,1.0136,1.0136,1.0152,1.0151,1.0142,1.0146,1.0146,1.0148,1.0148,1.0124,1.0112,1.0112,1.0133,1.0132,1.0108,1.0117,1.0117,1.0117,1.0149,1.0149,1.0150,0.9805,0.9807,1.0147,1.0148,1.0194,0.9715,0.9716,0.9885,0.9886
2.3726,1.0200,1.0199,1.0200,1.0199,1.0200,1.0199,1.0152,1.0152,1.0152,1.0152,1.0154,1.0154,1.0154,1.0152,1.0152,1.0149,1.0136,1.0136,1.0152,1.0151,1.0143,1.0147,1.0147,1.0149,1.0149,1.0125,1.0112,1.0112,1.0133,1.0132,1.0109,1.0118,1.0118,1.0118,1.0150,1.0150,1.0150,0.9806,0.9807,1.0147,1.0149,1.0194,0.9715,0.9717,0.9885,0.9886
2.3826,1.0201,1.0199,1.0201,1.0200,1.0201,1.0200,1.0153,1.0153,1.0153,1.0153,1.0154,1.0154,1.0154,1.0153,1.0153,1.0150,1.0137,1.0137,1.0153,1.0152,1.0143,1.0147,1.0147,1.0149,1.0149,1.0126,1.0113,1.0113,1.0134,1.0133,1.0110,1.0119,1.0119,1.0119,1.0151,1.0151,1.0151,0.9806,0.9807,1.0148,1.0149,1.0195,0.9716,0.9717,0.9886,0.9887
2.3926,1.0201,1.0200,1.0201,1.0200,1.0201,1.0200,1.0154,1.0154,1.0154,1.0154,1.0155,1.0155,1.0155,1.0154,1.0154,1.0150,1.0138,1.0138,1.0153,1.0152,1.0144,1.0148,1.0148,1.0150,1.0150,1.0126,1.0114,1.0114,1.0135,1.0134,1.0110,1.0119,1.0119,1.0119,1.0151,1.0151,1.0152,0.9807,0.9808,1.0149,1.0150,1.0196,0.9716,0.9718,0.9886,0.9887
2.4026,1.0202,1.0201,1.0202,1.0201,1.0202,1.0201,1.0154,1.0154,1.0154,1.0154,1.0156,1.0156,1.0156,1.0154,1.0154,1.0151,1.0138,1.0138,1.0154,1.0153,1.0144,1.0148,1.0148,1.0151,1.0151,1.0127,1.0114,1.0114,1.0135,1.0134,1.0111,1.0120,1.0120,1.0120,1.0152,1.0152,1.0152,0.9807,0.9809,1.0149,1.0151,1.0196,0.9717,0.9718,0.9887,0.9888
2.4126,1.0203,1.0201,1.0203,1.0202,1.0203,1.0202,1.0155,1.0155,1.0155,1.0155,1.0156,1.0156,1.0156,1.0155,1.0155,1.0152,1.0139,1.0139,1.0155,1.0154,1.0145,1.0149,1.0149,1.0151,1.0151,1.0128,1.0115,1.0115,1.0136,1.0135,1.0112,1.0121,1.0121,1.0121,1.0153,1.0153,1.0153,0.9808,0.9809,1.0150,1.0151,1.0197,0.9718,0.9719,0.9887,0.9889
2.4226,1.0203,1.0202,1.0203,1.0202,1.0203,1.0202,1.0156,1.0156,1.0156,1.0156,1.0157,1.0157,1.0157,1.0156,1.0156,1.0153,1.0140,1.0140,1.0155,1.0154,1.0146,1.0150,1.0150,1.0152,1.0152,1.0128,1.0116,1.0116,1.0137,1.0136,1.0112,1.0121,1.0121,1.0121,1.0153,1.0153,1.0154,0.9809,0.9810,1.0151,1.0152,1.0198,0.9718,0.9719,0.9888,0.9889
2.4326,1.0204,1.0203,1.0204,1.0203,1.0204,1.0203,1.0156,1.0156,1.0156,1.0156,1.0158,1.0158,1.0158,1.0156,1.0156,1.0153,1.0141,1.0141,1.0156,1.0155,1.0147,1.0151,1.0151,1.0153,1.0153,1.0129,1.0116,1.0116,1.0138,1.0137,1.0113,1.0122,1.0122,1.0122,1.0154,1.0154,1.0154,0.9809,0.9811,1.0151,1.0153,1.0198,0.9719,0.9720,0.9889,0.9890
2.4426,1.0205,1.0204,1.0205,1.0204,1.0205,1.0204,1.0157,1.0157,1.0157,1.0157,1.0159,1.0159,1.0159,1.0157,1.0157,1.0154,1.0141,1.0141,1.0157,1.0156,1.0147,1.0151,1.0151,1.0154,1.0154,1.0130,1.0117,1.0117,1.0138,1.0137,1.0114,1.0123,1.0123,1.0123,1.0155,1.0155,1.0155,0.9810,0.9811,1.0152,1.0153,1.0199,0.9720,0.9721,0.9889,0.9891
2.4526,1.0206,1.0204,1.0206,1.0205,1.0206,1.0205,1.0158,1.0158,1.0158,1.0158,1.0159,1.0159,1.0159,1.0158,1.0158,1.0155,1.0142,1.0142,1.0158,1.0157,1.0148,1.0152,1.0152,1.0155,1.0155,1.0131,1.0118,1.0118,1.0139,1.0138,1.0115,1.0124,1.0124,1.0124,1.0156,1.0156,1.0156,0.9811,0.9812,1.0153,1.0154,1.0200,0.9720,0.9722,0.9890,0.9891
2.4626,1.0206,1.0205,1.0207,1.0205,1.0207,1.0205,1.0159,1.0159,1.0159,1.0159,1.0160,1.0160,1.0160,1.0159,1.0159,1.0156,1.0143,1.0143,1.0159,1.0158,1.0149,1.0153,1.0153,1.0155,1.0155,1.0132,1.0119,1.0119,1.0140,1.0139,1.0116,1.0125,1.0125,1.0125,1.0156,1.0156,1.0157,0.9812,0.9813,1.0154,1.0155,1.0201,0.9721,0.9722,0.9891,0.9892
2.4726,1.0207,1.0206,1.0207,1.0206,1.0207,1.0206,1.0160,1.0160,1.0160,1.0160,1.0161,1.0161,1.0161,1.0160,1.0160,1.0157,1.0144,1.0144,1.0159,1.0158,1.0150,1.0154,1.0154,1.0156,1.0156,1.0132,1.0120,1.0120,1.0141,1.0140,1.0116,1.0125,1.0125,1.0125,1.0157,1.0157,1.0158,0.9812,0.9814,1.0155,1.0156,1.0202,0.9722,0.9723,0.9892,0.9893
2.4826,1.0208,1.0207,1.0208,1.0207,1.0208,1.0207,1.0160,1.0160,1.0161,1.0161,1.0162,1.0162,1.0162,1.0160,1.0160,1.0157,1.0145,1.0145,1.0160,1.0159,1.0151,1.0155,1.0155,1.0157,1.0157,1.0133,1.0121,1.0121,1.0142,1.0141,1.0117,1.0126,1.0126,1.0126,1.0158,1.0158,1.0158,0.9813,0.9815,1.0155,1.0157,1.0202,0.9723,0.9724,0.9893,0.9894
2.4926,1.0209,1.0208,1.0209,1.0208,1.0209,1.0208,1.0161,1.0161,1.0161,1.0161,1.0163,1.0163,1.0163,1.0161,1.0161,1.0158,1.0145,1.0145,1.0161,1.0160,1.0152,1.0156,1.0156,1.0158,1.0158,1.0134,1.0121,1.0121,1.0142,1.0141,1.0118,1.0127,1.0127,1.0127,1.0159,1.0159,1.0159,0.9814,0.9815,1.0156,1.0158,1.0203,0.9724,0.9725,0.9893,0.9895
2.5026,1.0210,1.0209,1.0210,1.0209,1.0210,1.0209,1.0162,1.0162,1.0162,1.0162,1.0164,1.0164,1.0164,1.0162,1.0162,1.0159,1.0146,1.0146,1.0162,1.0161,1.0152,1.0156,1.0156,1.0159,1.0159,1.0135,1.0122,1.0122,1.0143,1.0142,1.0119,1.0128,1.0128,1.0128,1.0160,1.0160,1.0160,0.9815,0.9816,1.0157,1.0158,1.0204,0.9724,0.9726,0.9894,0.9896
2.5126,1.0211,1.0210,1.0211,1.0210,1.0211,1.0210,1.0163,1.0163,1.0163,1.0163,1.0164,1.0164,1.0164,1.0163,1.0163,1.0160,1.0147,1.0147,1.0163,1.0162,1.0153,1.0157,1.0157,1.0160,1.0160,1.0136,1.0123,1.0123,1.0144,1.0143,1.0120,1.0129,1.0129,1.0129,1.0161,1.0161,1.0161,0.9816,0.9817,1.0158,1.0159,1.0205,0.9725,0.9727,0.9895,0.9896
2.5226,1.0212,1.0210,1.0212,1.0211,1.0212,1.0211,1.0164,1.0164,1.0164,1.0164,1.0165,1.0165,1.0165,1.0164,1.0164,1.0161,1.0148,1.0148,1.0164,1.0163,1.0154,1.0158,1.0158,1.0161,1.0161,1.0137,1.0124,1.0124,1.0145,1.0144,1.0121,1.0130,1.0130,1.0130,1.0162,1.0162,1.0162,0.9817,0.9818,1.0159,1.0160,1.0206,0.9726,0.9727,0.9896,0.9897
2.5326,1.0212,1.0211,1.0213,1.0211,1.0213,1.0211,1.0165,1.0165,1.0165,1.0165,1.0166,1.0166,1.0166,1.0165,1.0165,1.0162,1.0149,1.0149,1.0165,1.0164,1.0155,1.0159,1.0159,1.0162,1.0162,1.0138,1.0125,1.0125,1.0146,1.0145,1.0122,1.0131,1.0131,1.0131,1.0162,1.0162,1.0163,0.9817,0.9819,1.0160,1.0161,1.0207,0.9727,0.9728,0.9897,0.9898
2.5426,1.0213,1.0212,1.0213,1.0212,1.0214,1.0212,1.0166,1.0166,1.0166,1.0166,1.0167,1.0167,1.0167,1.0166,1.0166,1.0163,1.0150,1.0150,1.0165,1.0164,1.0156,1.0160,1.0160,1.0163,1.0163,1.0138,1.0126,1.0126,1.0147,1.0146,1.0123,1.0132,1.0132,1.0132,1.0163,1.0163,1.0164,0.9818,0.9820,1.0161,1.0162,1.0208,0.9728,0.9729,0.9898,0.9899
2.5526,1.0214,1.0213,1.0214,1.0213,1.0214,1.0213,1.0167,1.0167,1.0167,1.0167,1.0168,1.0168,1.0168,1.0167,1.0166,1.0163,1.0151,1.0151,1.0166,1.0165,1.0157,1.0161,1.0161,1.0164,1.0164,1.0139,1.0127,1.0127,1.0148,1.0147,1.0123,1.0132,1.0132,1.0132,1.0164,1.0164,1.0164,0.9819,0.9820,1.0162,1.0163,1.0208,0.9729,0.9730,0.9898,0.9900
2.5626,1.0215,1.0214,1.0215,1.0214,1.0215,1.0214,1.0167,1.0167,1.0167,1.0167,1.0169,1.0169,1.0169,1.0167,1.0167,1.0164,1.0152,1.0152,1.0167,1.0166,1.0158,1.0162,1.0162,1.0165,1.0165,1.0140,1.0128,1.0128,1.0149,1.0148,1.0124,1.0133,1.0133,1.0133,1.0165,1.0165,1.0165,0.9820,0.9821,1.0162,1.0164,1.0209,0.9730,0.9731,0.9899,0.9901
2.5726,1.0216,1.0215,1.0216,1.0215,1.0216,1.0215,1.0168,1.0168,1.0168,1.0168,1.0170,1.0170,1.0170,1.0168,1.0168,1.0165,1.0152,1.0152,1.0168,1.0167,1.0158,1.0162,1.0162,1.0165,1.0165,1.0141,1.0128,1.0128,1.0149,1.0148,1.0125,1.0134,1.0134,1.0134,1.0166,1.0166,1.0166,0.9821,0.9822,1.0163,1.0164,1.0210,0.9730,0.9732,0.9900,0.9901
2.5826,1.0217,1.0216,1.0217,1.0216,1.0217,1.0216,1.0169,1.0169,1.0169,1.0169,1.0170,1.0170,1.0170,1.0169,1.0169,1.0166,1.0153,1.0153,1.0169,1.0168,1.0159,1.0163,1.0163,1.0166,1.0166,1.0142,1.0129,1.0129,1.0150,1.0149,1.0126,1.0135,1.0135,1.0135,1.0167,1.0167,1.0167,0.9822,0.9823,1.0164,1.0165,1.0211,0.9731,0.9732,0.9901,0.9902
2.5926,1.0218,1.0216,1.0218,1.0217,1.0218,1.0217,1.0170,1.0170,1.0170,1.0170,1.0171,1.0171,1.0171,1.0170,1.0170,1.0167,1.0154,1.0154,1.0170,1.0169,1.0160,1.0164,1.0164,1.0167,1.0167,1.0143,1.0130,1.0130,1.0151,1.0150,1.0127,1.0136,1.0136,1.0136,1.0167,1.0167,1.0168,0.9823,0.9824,1.0165,1.0166,1.0212,0.9732,0.9733,0.9902,0.9903
2.6026,1.0218,1.0217,1.0219,1.0217,1.0219,1.0217,1.0171,1.0171,1.0171,1.0171,1.0172,1.0172,1.0172,1.0171,1.0171,1.0168,1.0155,1.0155,1.0170,1.0169,1.0161,1.0165,1.0165,1.0168,1.0168,1.0143,1.0131,1.0131,1.0152,1.0151,1.0128,1.0137,1.0137,1.0137,1.0168,1.0168,1.0169,0.9823,0.9825,1.0166,1.0167,1.0213,0.9733,0.9734,0.9903,0.9904
2.6126,1.0219,1.0218,1.0219,1.0218,1.0219,1.0218,1.0172,1.0171,1.0172,1.0172,1.0173,1.0173,1.0173,1.0171,1.0171,1.0168,1.0156,1.0156,1.0171,1.0170,1.0162,1.0166,1.0166,1.0169,1.0169,1.0144,1.0132,1.0132,1.0153,1.0152,1.0128,1.0137,1.0137,1.0137,1.0169,1.0169,1.0169,0.9824,0.9825,1.0166,1.0168,1.0213,0.9734,0.9735,0.9903,0.9905
2.6226,1.0220,1.0219,1.0220,1.0219,1.0220,1.0219,1.0172,1.0172,1.0172,1.0172,1.0174,1.0174,1.0174,1.0172,1.0172,1.0169,1.0157,1.0157,1.0172,1.0171,1.0163,1.0167,1.0167,1.0170,1.0170,1.0145,1.0132,1.0132,1.0154,1.0153,1.0129,1.0138,1.0138,1.0138,1.0170,1.0170,1.0170,0.9825,0.9826,1.0167,1.0169,1.0214,0.9735,0.9736,0.9904,0.9906
2.6326,1.0221,1.0220,1.0221,1.0220,1.0221,1.0220,1.0173,1.0173,1.0173,1.0173,1.0174,1.0174,1.0174,1.0173,1.0173,1.0170,1.0157,1.0157,1.0173,1.0172,1.0163,1.0167,1.0167,1.0171,1.0171,1.0146,1.0133,1.0133,1.0154,1.0153,1.0130,1.0139,1.0139,1.0139,1.0171,1.0171,1.0171,0.9826,0.9827,1.0168,1.0169,1.0215,0.9735,0.9737,0.9905,0.9906
2.6426,1.0221,1.0220,1.0222,1.0221,1.0222,1.0221,1.0174,1.0174,1.0174,1.0174,1.0175,1.0175,1.0175,1.0174,1.0174,1.0171,1.0158,1.0158,1.0174,1.0173,1.0164,1.0168,1.0168,1.0172,1.0172,1.0147,1.0134,1.0134,1.0155,1.0154,1.0131,1.0140,1.0140,1.0140,1.0171,1.0171,1.0172,0.9827,0.9828,1.0169,1.0170,1.0216,0.9736,0.9737,0.9906,0.9907
2.6526,1.0222,1.0221,1.0222,1.0221,1.0222,1.0221,1.0175,1.0175,1.0175,1.0175,1.0176,1.0176,1.0176,1.0175,1.0175,1.0171,1.0159,1.0159,1.0174,1.0173,1.0165,1.0169,1.0169,1.0172,1.0172,1.0147,1.0135,1.0135,1.0156,1.0155,1.0132,1.0141,1.0141,1.0141,1.0172,1.0172,1.0172,0.9827,0.9829,1.0170,1.0171,1.0217,0.9737,0.9738,0.9907,0.9908
2.6626,1.0223,1.0222,1.0223,1.0222,1.0223,1.0222,1.0175,1.0175,1.0175,1.0175,1.0177,1.0177,1.0177,1.0175,1.0175,1.0172,1.0160,1.0160,1.0175,1.0174,1.0166,1.0170,1.0170,1.0173,1.0173,1.0148,1.0135,1.0135,1.0157,1.0156,1.0132,1.0141,1.0141,1.0141,1.0173,1.0173,1.0173,0.9828,0.9829,1.0170,1.0172,1.0217,0.9738,0.9739,0.9907,0.9909
2.6726,1.0224,1.0223,1.0224,1.0223,1.0224,1.0223,1.0176,1.0176,1.0176,1.0176,1.0177,1.0177,1.0177,1.0176,1.0176,1.0173,1.0160,1.0160,1.0176,1.0175,1.0166,1.0170,1.0170,1.0174,1.0174,1.0149,1.0136,1.0136,1.0157,1.0156,1.0133,1.0142,1.0142,1.0142,1.0174,1.0174,1.0174,0.9829,0.9830,1.0171,1.0172,1.0218,0.9738,0.9740,0.9908,0.9909
2.6826,1.0224,1.0223,1.0225,1.0223,1.0225,1.0223,1.0177,1.0177,1.0177,1.0177,1.0178,1.0178,1.0178,1.0177,1.0177,1.0174,1.0161,1.0161,1.0177,1.0175,1.0167,1.0171,1.0171,1.0175,1.0174,1.0149,1.0137,1.0137,1.0158,1.0157,1.0134,1.0143,1.0143,1.0143,1.0174,1.0174,1.0175,0.9829,0.9831,1.0172,1.0173,1.0219,0.9739,0.9740,0.9909,0.9910
2.6926,1.0225,1.0224,1.0225,1.0224,1.0225,1.0224,1.0177,1.0177,1.0177,1.0177,1.0179,1.0179,1.0179,1.0177,1.0177,1.0174,1.0162,1.0162,1.0177,1.0176,1.0168,1.0172,1.0172,1.0175,1.0175,1.0150,1.0138,1.0138,1.0159,1.0158,1.0134,1.0143,1.0143,1.0143,1.0175,1.0175,1.0175,0.9830,0.9831,1.0172,1.0174,1.0219,0.9740,0.9741,0.9910,0.9911
2.7026,1.0226,1.0225,1.0226,1.0225,1.0226,1.0225,1.0178,1.0178,1.0178,1.0178,1.0179,1.0179,1.0179,1.0178,1.0178,1.0175,1.0162,1.0162,1.0178,1.0177,1.0168,1.0172,1.0172,1.0176,1.0176,1.0151,1.0138,1.0138,1.0159,1.0158,1.0135,1.0144,1.0144,1.0144,1.0176,1.0176,1.0176,0.9831,0.9832,1.0173,1.0174,1.0220,0.9740,0.9742,0.9910,0.9911
2.7126,1.0226,1.0225,1.0227,1.0225,1.0227,1.0225,1.0179,1.0179,1.0179,1.0179,1.0180,1.0180,1.0180,1.0179,1.0179,1.0176,1.0163,1.0163,1.0178,1.0177,1.0169,1.0173,1.0173,1.0177,1.0177,1.0151,1.0139,1.0139,1.0160,1.0159,1.0136,1.0145,1.0145,1.0145,1.0176,1.0176,1.0177,0.9832,0.9833,1.0174,1.0175,1.0221,0.9741,0.9742,0.9911,0.9912
2.7226,1.0227,1.0226,1.0227,1.0226,1.0227,1.0226,1.0179,1.0179,1.0179,1.0179,1.0181,1.0181,1.0181,1.0179,1.0179,1.0176,1.0164,1.0164,1.0179,1.0178,1.0170,1.0174,1.0174,1.0177,1.0177,1.0152,1.0139,1.0139,1.0161,1.0160,1.0136,1.0145,1.0145,1.0145,1.0177,1.0177,1.0177,0.9832,0.9833,1.0174,1.0176,1.0221,0.9742,0.9743,0.9911,0.9913
2.7326,1.0228,1.0226,1.0228,1.0227,1.0228,1.0227,1.0180,1.0180,1.0180,1.0180,1.0181,1.0181,1.0181,1.0180,1.0180,1.0177,1.0164,1.0164,1.0180,1.0179,1.0170,1.0174,1.0174,1.0178,1.0178,1.0153,1.0140,1.0140,1.0161,1.0160,1.0137,1.0146,1.0146,1.0146,1.0178,1.0178,1.0178,0.9833,0.9834,1.0175,1.0176,1.0222,0.9742,0.9744,0.9912,0.9913
2.7426,1.0228,1.0227,1.0228,1.0227,1.0228,1.0227,1.0180,1.0180,1.0181,1.0181,1.0182,1.0182,1.0182,1.0180,1.0180,1.0177,1.0165,1.0165,1.0180,1.0179,1.0171,1.0175,1.0175,1.0179,1.0179,1.0153,1.0141,1.0141,1.0162,1.0161,1.0138,1.0147,1.0147,1.0147,1.0178,1.0178,1.0178,0.9833,0.9835,1.0175,1.0177,1.0223,0.9743,0.9744,0.9913,0.9914
2.7526,1.0229,1.0228,1.0229,1.0228,1.0229,1.0228,1.0181,1.0181,1.0181,1.0181,1.0182,1.0182,1.0182,1.0181,1.0181,1.0178,1.0165,1.0165,1.0181,1.0180,1.0171,1.0175,1.0175,1.0179,1.0179,1.0154,1.0141,1.0141,1.0163,1.0162,1.0138,1.0147,1.0147,1.0147,1.0179,1.0179,1.0179,0.9834,0.9835,1.0176,1.0177,1.0223,0.9744,0.9745,0.9913,0.9915
2.7626,1.0229,1.0228,1.0229,1.0228,1.0230,1.0228,1.0182,1.0182,1.0182,1.0182,1.0183,1.0183,1.0183,1.0182,1.0182,1.0178,1.0166,1.0166,1.0181,1.0180,1.0172,1.0176,1.0176,1.0180,1.0180,1.0154,1.0142,1.0142,1.0163,1.0162,1.0139,1.0148,1.0148,1.0148,1.0179,1.0179,1.0180,0.9835,0.9836,1.0177,1.0178,1.0224,0.9744,0.9745,0.9914,0.9915
2.7726,1.0230,1.0229,1.0230,1.0229,1.0230,1.0229,1.0182,1.0182,1.0182,1.0182,1.0183,1.0183,1.0183,1.0182,1.0182,1.0179,1.0166,1.0166,1.0182,1.0181,1.0172,1.0176,1.0176,1.0180,1.0180,1.0155,1.0142,1.0142,1.0164,1.0163,1.0139,1.0148,1.0148,1.0148,1.0180,1.0180,1.0180,0.9835,0.9836,1.0177,1.0178,1.0224,0.9745,0.9746,0.9914,0.9916
2.7826,1.0230,1.0229,1.0231,1.0229,1.0231,1.0229,1.0183,1.0183,1.0183,1.0183,1.0184,1.0184,1.0184,1.0183,1.0183,1.0180,1.0167,1.0167,1.0182,1.0181,1.0173,1.0177,1.0177,1.0181,1.0181,1.0155,1.0143,1.0143,1.0164,1.0163,1.0140,1.0149,1.0149,1.0149,1.0180,1.0180,1.0181,0.9836,0.9837,1.0178,1.0179,1.0225,0.9745,0.9746,0.9915,0.9916
2.7926,1.0231,1.0230,1.0231,1.0230,1.0231,1.0230,1.0183,1.0183,1.0183,1.0183,1.0184,1.0184,1.0184,1.0183,1.0183,1.0180,1.0167,1.0167,1.0183,1.0182,1.0173,1.0177,1.0177,1.0181,1.0181,1.0156,1.0143,1.0143,1.0165,1.0164,1.0140,1.0149,1.0149,1.0149,1.0181,1.0181,1.0181,0.9836,0.9837,1.0178,1.0179,1.0225,0.9746,0.9747,0.9915,0.9917
2.8026,1.0231,1.0230,1.0231,1.0230,1.0231,1.0230,1.0184,1.0184,1.0184,1.0184,1.0185,1.0185,1.0185,1.0184,1.0184,1.0180,1.0168,1.0168,1.0183,1.0182,1.0174,1.0178,1.0178,1.0182,1.0182,1.0156,1.0143,1.0143,1.0165,1.0164,1.0141,1.0150,1.0150,1.0150,1.0181,1.0181,1.0181,0.9837,0.9838,1.0179,1.0180,1.0226,0.9746,0.9747,0.9916,0.9917
2.8126,1.0232,1.0231,1.0232,1.0231,1.0232,1.0231,1.0184,1.0184,1.0184,1.0184,1.0185,1.0185,1.0185,1.0184,1.0184,1.0181,1.0168,1.0168,1.0184,1.0183,1.0174,1.0178,1.0178,1.0182,1.0182,1.0156,1.0144,1.0144,1.0166,1.0165,1.0141,1.0150,1.0150,1.0150,1.0182,1.0182,1.0182,0.9837,0.9838,1.0179,1.0180,1.0226,0.9747,0.9748,0.9916,0.9918
2.8226,1.0232,1.0231,1.0232,1.0231,1.0232,1.0231,1.0184,1.0184,1.0184,1.0184,1.0186,1.0186,1.0186,1.0184,1.0184,1.0181,1.0169,1.0169,1.0184,1.0183,1.0175,1.0179,1.0179,1.0183,1.0183,1.0157,1.0144,1.0144,1.0166,1.0165,1.0142,1.0151,1.0151,1.0151,1.0182,1.0182,1.0182,0.9837,0.9839,1.0179,1.0181,1.0226,0.9747,0.9748,0.9917,0.9918
2.8326,1.0233,1.0231,1.0233,1.0232,1.0233,1.0232,1.0185,1.0185,1.0185,1.0185,1.0186,1.0186,1.0186,1.0185,1.0185,1.0182,1.0169,1.0169,1.0185,1.0184,1.0175,1.0179,1.0179,1.0183,1.0183,1.0157,1.0145,1.0145,1.0166,1.0165,1.0142,1.0151,1.0151,1.0151,1.0182,1.0182,1.0183,0.9838,0.9839,1.0180,1.0181,1.0227,0.9747,0.9749,0.9917,0.9918
2.8426,1.0233,1.0232,1.0233,1.0232,1.0233,1.0232,1.0185,1.0185,1.0185,1.0185,1.0187,1.0187,1.0187,1.0185,1.0185,1.0182,1.0169,1.0169,1.0185,1.0184,1.0175,1.0179,1.0179,1.0184,1.0184,1.0158,1.0145,1.0145,1.0167,1.0166,1.0142,1.0151,1.0151,1.0151,1.0183,1.0183,1.0183,0.9838,0.9840,1.0180,1.0181,1.0227,0.9748,0.9749,0.9918,0.9919
2.8526,1.0233,1.0232,1.0233,1.0232,1.0233,1.0232,1.0186,1.0186,1.0186,1.0186,1.0187,1.0187,1.0187,1.0186,1.0186,1.0182,1.0170,1.0170,1.0185,1.0184,1.0176,1.0180,1.0180,1.0184,1.0184,1.0158,1.0145,1.0145,1.0167,1.0166,1.0143,1.0152,1.0152,1.0152,1.0183,1.0183,1.0183,0.9839,0.9840,1.0181,1.0182,1.0228,0.9748,0.9749,0.9918,0.9919
2.8626,1.0234,1.0232,1.0234,1.0233,1.0234,1.0233,1.0186,1.0186,1.0186,1.0186,1.0187,1.0187,1.0187,1.0186,1.0186,1.0183,1.0170,1.0170,1.0186,1.0185,1.0176,1.0180,1.0180,1.0184,1.0184,1.0158,1.0146,1.0146,1.0167,1.0166,1.0143,1.0152,1.0152,1.0152,1.0183,1.0183,1.0184,0.9839,0.9840,1.0181,1.0182,1.0228,0.9749,0.9750,0.9918,0.9920
2.8726,1.0234,1.0233,1.0234,1.0233,1.0234,1.0233,1.0186,1.0186,1.0186,1.0186,1.0188,1.0188,1.0188,1.0186,1.0186,1.0183,1.0170,1.0170,1.0186,1.0185,1.0176,1.0180,1.0180,1.0185,1.0185,1.0158,1.0146,1.0146,1.0168,1.0167,1.0143,1.0152,1.0152,1.0152,1.0184,1.0184,1.0184,0.9839,0.9841,1.0181,1.0182,1.0228,0.9749,0.9750,0.9919,0.9920
2.8826,1.0234,1.0233,1.0234,1.0233,1.0234,1.0233,1.0187,1.0187,1.0187,1.0187,1.0188,1.0188,1.0188,1.0187,1.0187,1.0183,1.0171,1.0171,1.0186,1.0185,1.0177,1.0181,1.0181,1.0185,1.0185,1.0159,1.0146,1.0146,1.0168,1.0167,1.0144,1.0153,1.0153,1.0153,1.0184,1.0184,1.0184,0.9840,0.9841,1.0182,1.0183,1.0229,0.9749,0.9750,0.9919,0.9920
2.8926,1.0235,1.0233,1.0235,1.0234,1.0235,1.0234,1.0187,1.0187,1.0187,1.0187,1.0188,1.0188,1.0188,1.0187,1.0187,1.0184,1.0171,1.0171,1.0187,1.0186,1.0177,1.0181,1.0181,1.0185,1.0185,1.0159,1.0146,1.0146,1.0168,1.0167,1.0144,1.0153,1.0153,1.0153,1.0184,1.0184,1.0185,0.9840,0.9841,1.0182,1.0183,1.0229,0.9750,0.9751,0.9919,0.9921
2.9026,1.0235,1.0234,1.0235,1.0234,1.0235,1.0234,1.0187,1.0187,1.0187,1.0187,1.0188,1.0188,1.0188,1.0187,1.0187,1.0184,1.0171,1.0171,1.0187,1.0186,1.0177,1.0181,1.0181,1.0186,1.0186,1.0159,1.0147,1.0147,1.0169,1.0168,1.0144,1.0153,1.0153,1.0153,1.0185,1.0185,1.0185,0.9840,0.9842,1.0182,1.0183,1.0229,0.9750,0.9751,0.9920,0.9921
2.9126,1.0235,1.0234,1.0235,1.0234,1.0235,1.0234,1.0187,1.0187,1.0187,1.0187,1.0189,1.0189,1.0189,1.0187,1.0187,1.0184,1.0172,1.0172,1.0187,1.0186,1.0178,1.0182,1.0182,1.0186,1.0186,1.0159,1.0147,1.0147,1.0169,1.0168,1.0144,1.0153,1.0153,1.0153,1.0185,1.0185,1.0185,0.9841,0.9842,1.0182,1.0184,1.0229,0.9750,0.9751,0.9920,0.9921
2.9226,1.0235,1.0234,1.0235,1.0234,1.0236,1.0234,1.0188,1.0188,1.0188,1.0188,1.0189,1.0189,1.0189,1.0188,1.0188,1.0184,1.0172,1.0172,1.0187,1.0186,1.0178,1.0182,1.0182,1.0186,1.0186,1.0160,1.0147,1.0147,1.0169,1.0168,1.0145,1.0154,1.0154,1.0154,1.0185,1.0185,1.0185,0.9841,0.9842,1.0183,1.0184,1.0230,0.9750,0.9752,0.9920,0.9921
2.9326,1.0236,1.0234,1.0236,1.0235,1.0236,1.0235,1.0188,1.0188,1.0188,1.0188,1.0189,1.0189,1.0189,1.0188,1.0188,1.0185,1.0172,1.0172,1.0188,1.0187,1.0178,1.0182,1.0182,1.0186,1.0186,1.0160,1.0147,1.0147,1.0169,1.0168,1.0145,1.0154,1.0154,1.0154,1.0185,1.0185,1.0186,0.9841,0.9842,1.0183,1.0184,1.0230,0.9751,0.9752,0.9920,0.9922
2.9426,1.0236,1.0235,1.0236,1.0235,1.0236,1.0235,1.0188,1.0188,1.0188,1.0188,1.0189,1.0189,1.0189,1.0188,1.0188,1.0185,1.0172,1.0172,1.0188,1.0187,1.0178,1.0182,1.0182,1.0187,1.0187,1.0160,1.0147,1.0147,1.0170,1.0169,1.0145,1.0154,1.0154,1.0154,1.0186,1.0186,1.0186,0.9841,0.9843,1.0183,1.0184,1.0230,0.9751,0.9752,0.9921,0.9922
2.9526,1.0236,1.0235,1.0236,1.0235,1.0236,1.0235,1.0188,1.0188,1.0188,1.0188,1.0190,1.0190,1.0190,1.0188,1.0188,1.0185,1.0172,1.0172,1.0188,1.0187,1.0178,1.0182,1.0182,1.0187,1.0187,1.0160,1.0148,1.0148,1.0170,1.0169,1.0145,1.0154,1.0154,1.0154,1.0186,1.0186,1.0186,0.9841,0.9843,1.0183,1.0184,1.0230,0.9751,0.9752,0.9921,0.9922
2.9626,1.0236,1.0235,1.0236,1.0235,1.0236,1.0235,1.0188,1.0188,1.0188,1.0188,1.0190,1.0190,1.0190,1.0188,1.0188,1.0185,1.0173,1.0173,1.0188,1.0187,1.0179,1.0183,1.0183,1.0187,1.0187,1.0160,1.0148,1.0148,1.0170,1.0169,1.0145,1.0154,1.0154,1.0154,1.0186,1.0186,1.0186,0.9842,0.9843,1.0183,1.0185,1.0230,0.9751,0.9752,0.9921,0.9922
2.9726,1.0236,1.0235,1.0236,1.0235,1.0236,1.0235,1.0189,1.0189,1.0189,1.0189,1.0190,1.0190,1.0190,1.0189,1.0189,1.0185,1.0173,1.0173,1.0188,1.0187,1.0179,1.0183,1.0183,1.0187,1.0187,1.0160,1.0148,1.0148,1.0170,1.0169,1.0145,1.0155,1.0155,1.0155,1.0186,1.0186,1.0186,0.9842,0.9843,1.0184,1.0185,1.0231,0.9751,0.9753,0.9921,0.9922
2.9826,1.0236,1.0235,1.0237,1.0235,1.0237,1.0235,1.0189,1.0189,1.0189,1.0189,1.0190,1.0190,1.0190,1.0189,1.0189,1.0186,1.0173,1.0173,1.0188,1.0187,1.0179,1.0183,1.0183,1.0187,1.0187,1.0161,1.0148,1.0148,1.0170,1.0169,1.0146,1.0155,1.0155,1.0155,1.0186,1.0186,1.0187,0.9842,0.9843,1.0184,1.0185,1.0231,0.9752,0.9753,0.9921,0.9923
2.9926,1.0237,1.0235,1.0237,1.0236,1.0237,1.0236,1.0189,1.0189,1.0189,1.0189,1.0190,1.0190,1.0190,1.0189,1.0189,1.0186,1.0173,1.0173,1.0189,1.0188,1.0179,1.0183,1.0183,1.0188,1.0188,1.0161,1.0148,1.0148,1.0170,1.0169,1.0146,1.0155,1.0155,1.0155,1.0186,1.0186,1.0187,0.9842,0.9843,1.0184,1.0185,1.0231,0.9752,0.9753,0.9921,0.9923
3.0026,1.0237,1.0236,1.0237,1.0236,1.0237,1.0236,1.0189,1.0189,1.0189,1.0189,1.0190,1.0190,1.0190,1.0189,1.0189,1.0186,1.0173,1.0173,1.0189,1.0188,1.0179,1.0183,1.0183,1.0188,1.0188,1.0161,1.0148,1.0148,1.0171,1.0170,1.0146,1.0155,1.0155,1.0155,1.0187,1.0187,1.0187,0.9842,0.9844,1.0184,1.0185,1.0231,0.9752,0.9753,0.9922,0.9923
3.0126,1.0237,1.0236,1.0237,1.0236,1.0237,1.0236,1.0189,1.0189,1.0189,1.0189,1.0190,1.0190,1.0190,1.0189,1.0189,1.0186,1.0173,1.0173,1.0189,1.0188,1.0179,1.0183,1.0183,1.0188,1.0188,1.0161,1.0148,1.0148,1.0171,1.0170,1.0146,1.0155,1.0155,1.0155,1.0187,1.0187,1.0187,0.9842,0.9844,1.0184,1.0185,1.0231,0.9752,0.9753,0.9922,0.9923
3.0226,1.0237,1.0236,1.0237,1.0236,1.0237,1.0236,1.0189,1.0189,1.0189,1.0189,1.0191,1.0191,1.0191,1.0189,1.0189,1.0186,1.0173,1.0173,1.0189,1.0188,1.0179,1.0183,1.0183,1.0188,1.0188,1.0161,1.0148,1.0148,1.0171,1.0170,1.0146,1.0155,1.0155,1.0155,1.0187,1.0187,1.0187,0.9843,0.9844,1.0184,1.0185,1.0231,0.9752,0.9753,0.9922,0.9923
3.0326,1.0237,1.0236,1.0237,1.0236,1.0237,1.0236,1.0189,1.0189,1.0189,1.0189,1.0191,1.0191,1.0191,1.0189,1.0189,1.0186,1.0174,1.0174,1.0189,1.0188,1.0180,1.0184,1.0184,1.0188,1.0188,1.0161,1.0148,1.0148,1.0171,1.0170,1.0146,1.0155,1.0155,1.0155,1.0187,1.0187,1.0187,0.9843,0.9844,1.0184,1.0186,1.0231,0.9752,0.9753,0.9922,0.9923
3.0426,1.0237,1.0236,1.0237,1.0236,1.0237,1.0236,1.0189,1.0189,1.0189,1.0189,1.0191,1.0191,1.0191,1.0189,1.0189,1.0186,1.0174,1.0174,1.0189,1.0188,1.0180,1.0184,1.0184,1.0188,1.0188,1.0161,1.0148,1.0148,1.0171,1.0170,1.0146,1.0155,1.0155,1.0155,1.0187,1.0187,1.0187,0.9843,0.9844,1.0184,1.0186,1.0231,0.9752,0.9754,0.9922,0.9923
3.0526,1.0237,1.0236,1.0237,1.0236,1.0237,1.0236,1.0189,1.0189,1.0190,1.0190,1.0191,1.0191,1.0191,1.0189,1.0189,1.0186,1.0174,1.0174,1.0189,1.0188,1.0180,1.0184,1.0184,1.0188,1.0188,1.0161,1.0148,1.0148,1.0171,1.0170,1.0146,1.0155,1.0155,1.0155,1.0187,1.0187,1.0187,0.9843,0.9844,1.0184,1.0186,1.0232,0.9752,0.9754,0.9922,0.9923
3.0626,1.0237,1.0236,1.0237,1.0236,1.0238,1.0236,1.0190,1.0190,1.0190,1.0190,1.0191,1.0191,1.0191,1.0190,1.0190,1.0186,1.0174,1.0174,1.0189,1.0188,1.0180,1.0184,1.0184,1.0189,1.0189,1.0161,1.0149,1.0149,1.0171,1.0170,1.0146,1.0155,1.0155,1.0155,1.0187,1.0187,1.0187,0.9843,0.9844,1.0185,1.0186,1.0232,0.9753,0.9754,0.9922,0.9924
3.0726,1.0237,1.0236,1.0238,1.0236,1.0238,1.0236,1.0190,1.0190,1.0190,1.0190,1.0191,1.0191,1.0191,1.0190,1.0190,1.0187,1.0174,1.0174,1.0189,1.0188,1.0180,1.0184,1.0184,1.0189,1.0189,1.0161,1.0149,1.0149,1.0171,1.0170,1.0146,1.0156,1.0156,1.0156,1.0187,1.0187,1.0188,0.9843,0.9844,1.0185,1.0186,1.0232,0.9753,0.9754,0.9922,0.9924
3.0826,1.0237,1.0236,1.0238,1.0236,1.0238,1.0236,1.0190,1.0190,1.0190,1.0190,1.0191,1.0191,1.0191,1.0190,1.0190,1.0187,1.0174,1.0174,1.0189,1.0188,1.0180,1.0184,1.0184,1.0189,1.0189,1.0161,1.0149,1.0149,1.0171,1.0170,1.0146,1.0156,1.0156,1.0156,1.0187,1.0187,1.0188,0.9843,0.9844,1.0185,1.0186,1.0232,0.9753,0.9754,0.9922,0.9924
3.0926,1.0237,1.0236,1.0238,1.0236,1.0238,1.0237,1.0190,1.0190,1.0190,1.0190,1.0191,1.0191,1.0191,1.0190,1.0190,1.0187,1.0174,1.0174,1.0190,1.0189,1.0180,1.0184,1.0184,1.0189,1.0189,1.0161,1.0149,1.0149,1.0171,1.0170,1.0146,1.0156,1.0156,1.0156,1.0187,1.0187,1.0188,0.9843,0.9844,1.0185,1.0186,1.0232,0.9753,0.9754,0.9923,0.9924
3.1026,1.0238,1.0236,1.0238,1.0237,1.0238,1.0237,1.0190,1.0190,1.0190,1.0190,1.0191,1.0191,1.0191,1.0190,1.0190,1.0187,1.0174,1.0174,1.0190,1.0189,1.0180,1.0184,1.0184,1.0189,1.0189,1.0161,1.0149,1.0149,1.0171,1.0170,1.0146,1.0156,1.0156,1.0156,1.0187,1.0187,1.0188,0.9843,0.9844,1.0185,1.0186,1.0232,0.9753,0.9754,0.9923,0.9924
3.1126,1.0238,1.0236,1.0238,1.0237,1.0238,1.0237,1.0190,1.0190,1.0190,1.0190,1.0191,1.0191,1.0191,1.0190,1.0190,1.0187,1.0174,1.0174,1.0190,1.0189,1.0180,1.0184,1.0184,1.0189,1.0189,1.0161,1.0149,1.0149,1.0171,1.0170,1.0146,1.0156,1.0156,1.0156,1.0187,1.0187,1.0188,0.9843,0.9845,1.0185,1.0186,1.0232,0.9753,0.9754,0.9923,0.9924
3.1226,1.0238,1.0236,1.0238,1.0237,1.0238,1.0237,1.0190,1.0190,1.0190,1.0190,1.0191,1.0191,1.0191,1.0190,1.0190,1.0187,1.0174,1.0174,1.0190,1.0189,1.0180,1.0184,1.0184,1.0189,1.0189,1.0161,1.0149,1.0149,1.0172,1.0170,1.0146,1.0156,1.0156,1.0156,1.0188,1.0188,1.0188,0.9843,0.9845,1.0185,1.0186,1.0232,0.9753,0.9754,0.9923,0.9924
3.1326,1.0238,1.0237,1.0238,1.0237,1.0238,1.0237,1.0190,1.0190,1.0190,1.0190,1.0191,1.0191,1.0191,1.0190,1.0190,1.0187,1.0174,1.0174,1.0190,1.0189,1.0180,1.0184,1.0184,1.0189,1.0189,1.0161,1.0149,1.0149,1.0172,1.0171,1.0146,1.0156,1.0156,1.0156,1.0188,1.0188,1.0188,0.9843,0.9845,1.0185,1.0186,1.0232,0.9753,0.9754,0.9923,0.9924
3.1426,1.0238,1.0237,1.0238,1.0237,1.0238,1.0237,1.0190,1.0190,1.0190,1.0190,1.0191,1.0191,1.0191,1.0190,1.0190,1.0187,1.0174,1.0174,1.0190,1.0189,1.0180,1.0184,1.0184,1.0189,1.0189,1.0161,1.0149,1.0149,1.0172,1.0171,1.0147,1.0156,1.0156,1.0156,1.0188,1.0188,1.0188,0.9843,0.9845,1.0185,1.0186,1.0232,0.9753,0.9754,0.9923,0.9924
3.1526,1.0238,1.0237,1.0238,1.0237,1.0238,1.0237,1.0190,1.0190,1.0190,1.0190,1.0191,1.0191,1.0191,1.0190,1.0190,1.0187,1.0174,1.0174,1.0190,1.0189,1.0180,1.0184,1.0184,1.0189,1.0189,1.0161,1.0149,1.0149,1.0172,1.0171,1.0147,1.0156,1.0156,1.0156,1.0188,1.0188,1.0188,0.9843,0.9845,1.0185,1.0186,1.0232,0.9753,0.9754,0.9923,0.9924
3.1626,1.0238,1.0237,1.0238,1.0237,1.0238,1.0237,1.0190,1.0190,1.0190,1.0190,1.0191,1.0191,1.0191,1.0190,1.0190,1.0187,1.0174,1.0174,1.0190,1.0189,1.0180,1.0184,1.0184,1.0189,1.0189,1.0161,1.0149,1.0149,1.0172,1.0171,1.0147,1.0156,1.0156,1.0156,1.0188,1.0188,1.0188,0.9844,0.9845,1.0185,1.0186,1.0232,0.9753,0.9754,0.9923,0.9924
3.1726,1.0238,1.0237,1.0238,1.0237,1.0238,1.0237,1.0190,1.0190,1.0190,1.0190,1.0192,1.0192,1.0192,1.0190,1.0190,1.0187,1.0174,1.0174,1.0190,1.0189,1.0180,1.0184,1.0184,1.0189,1.0189,1.0161,1.0149,1.0149,1.0172,1.0171,1.0147,1.0156,1.0156,1.0156,1.0188,1.0188,1.0188,0.9844,0.9845,1.0185,1.0186,1.0232,0.9753,0.9754,0.9923,0.9924
3.1826,1.0238,1.0237,1.0238,1.0237,1.0238,1.0237,1.0190,1.0190,1.0190,1.0190,1.0192,1.0192,1.0192,1.0190,1.0190,1.0187,1.0175,1.0175,1.0190,1.0189,1.0180,1.0184,1.0184,1.0189,1.0189,1.0161,1.0149,1.0149,1.0172,1.0171,1.0147,1.0156,1.0156,1.0156,1.0188,1.0188,1.0188,0.9844,0.9845,1.0185,1.0186,1.0232,0.9753,0.9754,0.9923,0.9924
3.1926,1.0238,1.0237,1.0238,1.0237,1.0238,1.0237,1.0190,1.0190,1.0190,1.0190,1.0192,1.0192,1.0192,1.0190,1.0190,1.0187,1.0175,1.0175,1.0190,1.0189,1.0181,1.0185,1.0185,1.0189,1.0189,1.0161,1.0149,1.0149,1.0172,1.0171,1.0147,1.0156,1.0156,1.0156,1.0188,1.0188,1.0188,0.9844,0.9845,1.0185,1.0187,1.0232,0.9753,0.9754,0.9923,0.9924
3.2026,1.0238,1.0237,1.0238,1.0237,1.0238,1.0237,1.0190,1.0190,1.0190,1.0190,1.0192,1.0192,1.0192,1.0190,1.0190,1.0187,1.0175,1.0175,1.0190,1.0189,1.0181,1.0185,1.0185,1.0189,1.0189,1.0161,1.0149,1.0149,1.0172,1.0171,1.0147,1.0156,1.0156,1.0156,1.0188,1.0188,1.0188,0.9844,0.9845,1.0185,1.0187,1.0232,0.9753,0.9755,0.9923,0.9924
3.2126,1.0238,1.0237,1.0238,1.0237,1.0238,1.0237,1.0190,1.0190,1.0190,1.0190,1.0192,1.0192,1.0192,1.0190,1.0190,1.0187,1.0175,1.0175,1.0190,1.0189,1.0181,1.0185,1.0185,1.0190,1.0190,1.0161,1.0149,1.0149,1.0172,1.0171,1.0147,1.0156,1.0156,1.0156,1.0188,1.0188,1.0188,0.9844,0.9845,1.0185,1.0187,1.0232,0.9753,0.9755,0.9923,0.9924
3.2226,1.0238,1.0237,1.0238,1.0237,1.0238,1.0237,1.0190,1.0190,1.0190,1.0190,1.0192,1.0192,1.0192,1.0190,1.0190,1.0187,1.0175,1.0175,1.0190,1.0189,1.0181,1.0185,1.0185,1.0190,1.0190,1.0161,1.0149,1.0149,1.0172,1.0171,1.0147,1.0156,1.0156,1.0156,1.0188,1.0188,1.0188,0.9844,0.9845,1.0185,1.0187,1.0232,0.9753,0.9755,0.9923,0.9924
3.2326,1.0238,1.0237,1.0238,1.0237,1.0238,1.0237,1.0190,1.0190,1.0190,1.0190,1.0192,1.0192,1.0192,1.0190,1.0190,1.0187,1.0175,1.0175,1.0190,1.0189,1.0181,1.0185,1.0185,1.0190,1.0190,1.0161,1.0149,1.0149,1.0172,1.0171,1.0147,1.0156,1.0156,1.0156,1.0188,1.0188,1.0188,0.9844,0.9845,1.0185,1.0187,1.0233,0.9753,0.9755,0.9923,0.9924
3.2426,1.0238,1.0237,1.0238,1.0237,1.0238,1.0237,1.0191,1.0191,1.0191,1.0191,1.0192,1.0192,1.0192,1.0191,1.0190,1.0187,1.0175,1.0175,1.0190,1.0189,1.0181,1.0185,1.0185,1.0190,1.0190,1.0161,1.0149,1.0149,1.0172,1.0171,1.0147,1.0156,1.0156,1.0156,1.0188,1.0188,1.0188,0.9844,0.9845,1.0186,1.0187,1.0233,0.9753,0.9755,0.9923,0.9925
3.2526,1.0238,1.0237,1.0238,1.0237,1.0239,1.0237,1.0191,1.0191,1.0191,1.0191,1.0192,1.0192,1.0192,1.0191,1.0191,1.0187,1.0175,1.0175,1.0190,1.0189,1.0181,1.0185,1.0185,1.0190,1.0190,1.0161,1.0149,1.0149,1.0172,1.0171,1.0147,1.0156,1.0156,1.0156,1.0188,1.0188,1.0188,0.9844,0.9845,1.0186,1.0187,1.0233,0.9754,0.9755,0.9923,0.9925
3.2626,1.0238,1.0237,1.0239,1.0237,1.0239,1.0237,1.0191,1.0191,1.0191,1.0191,1.0192,1.0192,1.0192,1.0191,1.0191,1.0188,1.0175,1.0175,1.0190,1.0189,1.0181,1.0185,1.0185,1.0190,1.0190,1.0161,1.0149,1.0149,1.0172,1.0171,1.0147,1.0156,1.0156,1.0156,1.0188,1.0188,1.0189,0.9844,0.9845,1.0186,1.0187,1.0233,0.9754,0.9755,0.9923,0.9925
3.2726,1.0238,1.0237,1.0239,1.0237,1.0239,1.0237,1.0191,1.0191,1.0191,1.0191,1.0192,1.0192,1.0192,1.0191,1.0191,1.0188,1.0175,1.0175,1.0190,1.0189,1.0181,1.0185,1.0185,1.0190,1.0190,1.0161,1.0149,1.0149,1.0172,1.0171,1.0147,1.0156,1.0156,1.0156,1.0188,1.0188,1.0189,0.9844,0.9845,1.0186,1.0187,1.0233,0.9754,0.9755,0.9923,0.9925
3.2826,1.0238,1.0237,1.0239,1.0238,1.0239,1.0238,1.0191,1.0191,1.0191,1.0191,1.0192,1.0192,1.0192,1.0191,1.0191,1.0188,1.0175,1.0175,1.0191,1.0190,1.0181,1.0185,1.0185,1.0190,1.0190,1.0161,1.0149,1.0149,1.0172,1.0171,1.0147,1.0156,1.0156,1.0156,1.0188,1.0188,1.0189,0.9844,0.9845,1.0186,1.0187,1.0233,0.9754,0.9755,0.9924,0.9925
3.2926,1.0239,1.0237,1.0239,1.0238,1.0239,1.0238,1.0191,1.0191,1.0191,1.0191,1.0192,1.0192,1.0192,1.0191,1.0191,1.0188,1.0175,1.0175,1.0191,1.0190,1.0181,1.0185,1.0185,1.0190,1.0190,1.0161,1.0149,1.0149,1.0172,1.0171,1.0147,1.0156,1.0156,1.0156,1.0188,1.0188,1.0189,0.9844,0.9845,1.0186,1.0187,1.0233,0.9754,0.9755,0.9924,0.9925
3.3026,1.0239,1.0237,1.0239,1.0238,1.0239,1.0238,1.0191,1.0191,1.0191,1.0191,1.0192,1.0192,1.0192,1.0191,1.0191,1.0188,1.0175,1.0175,1.0191,1.0190,1.0181,1.0185,1.0185,1.0190,1.0190,1.0161,1.0149,1.0149,1.0172,1.0171,1.0147,1.0156,1.0156,1.0156,1.0189,1.0189,1.0189,0.9844,0.9846,1.0186,1.0187,1.0233,0.9754,0.9755,0.9924,0.9925
3.3126,1.0239,1.0238,1.0239,1.0238,1.0239,1.0238,1.0191,1.0191,1.0191,1.0191,1.0192,1.0192,1.0192,1.0191,1.0191,1.0188,1.0175,1.0175,1.0191,1.0190,1.0181,1.0185,1.0185,1.0190,1.0190,1.0161,1.0149,1.0149,1.0172,1.0171,1.0147,1.0156,1.0156,1.0156,1.0189,1.0189,1.0189,0.9844,0.9846,1.0186,1.0187,1.0233,0.9754,0.9755,0.9924,0.9925
3.3226,1.0239,1.0238,1.0239,1.0238,1.0239,1.0238,1.0191,1.0191,1.0191,1.0191,1.0192,1.0192,1.0192,1.0191,1.0191,1.0188,1.0175,1.0175,1.0191,1.0190,1.0181,1.0185,1.0185,1.0190,1.0190,1.0161,1.0149,1.0149,1.0173,1.0172,1.0147,1.0157,1.0157,1.0157,1.0189,1.0189,1.0189,0.9844,0.9846,1.0186,1.0187,1.0233,0.9754,0.9755,0.9924,0.9925
3.3326,1.0239,1.0238,1.0239,1.0238,1.0239,1.0238,1.0191,1.0191,1.0191,1.0191,1.0193,1.0193,1.0193,1.0191,1.0191,1.0188,1.0175,1.0175,1.0191,1.0190,1.0181,1.0185,1.0185,1.0190,1.0190,1.0161,1.0149,1.0149,1.0173,1.0172,1.0147,1.0157,1.0157,1.0157,1.0189,1.0189,1.0189,0.9845,0.9846,1.0186,1.0187,1.0233,0.9754,0.9755,0.9924,0.9925
3.3426,1.0239,1.0238,1.0239,1.0238,1.0239,1.0238,1.0191,1.0191,1.0191,1.0191,1.0193,1.0193,1.0193,1.0191,1.0191,1.0188,1.0176,1.0176,1.0191,1.0190,1.0182,1.0186,1.0186,1.0191,1.0191,1.0162,1.0149,1.0149,1.0173,1.0172,1.0147,1.0157,1.0157,1.0157,1.0189,1.0189,1.0189,0.9845,0.9846,1.0186,1.0187,1.0233,0.9754,0.9755,0.9924,0.9925
3.3526,1.0239,1.0238,1.0239,1.0238,1.0239,1.0238,1.0191,1.0191,1.0191,1.0191,1.0193,1.0193,1.0193,1.0191,1.0191,1.0188,1.0176,1.0176,1.0191,1.0190,1.0182,1.0186,1.0186,1.0191,1.0191,1.0162,1.0149,1.0149,1.0173,1.0172,1.0147,1.0157,1.0157,1.0157,1.0189,1.0189,1.0189,0.9845,0.9846,1.0186,1.0188,1.0233,0.9754,0.9756,0.9924,0.9925
3.3626,1.0239,1.0238,1.0239,1.0238,1.0239,1.0238,1.0191,1.0191,1.0191,1.0191,1.0193,1.0193,1.0193,1.0191,1.0191,1.0188,1.0176,1.0176,1.0191,1.0190,1.0182,1.0186,1.0186,1.0191,1.0191,1.0162,1.0149,1.0149,1.0173,1.0172,1.0147,1.0157,1.0157,1.0157,1.0189,1.0189,1.0189,0.9845,0.9846,1.0186,1.0188,1.0233,0.9754,0.9756,0.9924,0.9925
3.3726,1.0239,1.0238,1.0239,1.0238,1.0240,1.0238,1.0192,1.0192,1.0192,1.0192,1.0193,1.0193,1.0193,1.0192,1.0192,1.0188,1.0176,1.0176,1.0191,1.0190,1.0182,1.0186,1.0186,1.0191,1.0191,1.0162,1.0149,1.0149,1.0173,1.0172,1.0147,1.0157,1.0157,1.0157,1.0189,1.0189,1.0189,0.9845,0.9846,1.0187,1.0188,1.0234,0.9754,0.9756,0.9924,0.9926
3.3826,1.0239,1.0238,1.0240,1.0238,1.0240,1.0238,1.0192,1.0192,1.0192,1.0192,1.0193,1.0193,1.0193,1.0192,1.0192,1.0189,1.0176,1.0176,1.0191,1.0190,1.0182,1.0186,1.0186,1.0191,1.0191,1.0162,1.0149,1.0149,1.0173,1.0172,1.0148,1.0157,1.0157,1.0157,1.0189,1.0189,1.0190,0.9845,0.9846,1.0187,1.0188,1.0234,0.9755,0.9756,0.9924,0.9926
3.3926,1.0239,1.0238,1.0240,1.0238,1.0240,1.0239,1.0192,1.0192,1.0192,1.0192,1.0193,1.0193,1.0193,1.0192,1.0192,1.0189,1.0176,1.0176,1.0192,1.0191,1.0182,1.0186,1.0186,1.0191,1.0191,1.0162,1.0149,1.0149,1.0173,1.0172,1.0148,1.0157,1.0157,1.0157,1.0189,1.0189,1.0190,0.9845,0.9846,1.0187,1.0188,1.0234,0.9755,0.9756,0.9924,0.9926
3.4026,1.0240,1.0238,1.0240,1.0239,1.0240,1.0239,1.0192,1.0192,1.0192,1.0192,1.0193,1.0193,1.0193,1.0192,1.0192,1.0189,1.0176,1.0176,1.0192,1.0191,1.0182,1.0186,1.0186,1.0191,1.0191,1.0162,1.0149,1.0149,1.0173,1.0172,1.0148,1.0157,1.0157,1.0157,1.0189,1.0189,1.0190,0.9845,0.9846,1.0187,1.0188,1.0234,0.9755,0.9756,0.9925,0.9926
3.4126,1.0240,1.0239,1.0240,1.0239,1.0240,1.0239,1.0192,1.0192,1.0192,1.0192,1.0193,1.0193,1.0193,1.0192,1.0192,1.0189,1.0176,1.0176,1.0192,1.0191,1.0182,1.0186,1.0186,1.0191,1.0191,1.0162,1.0149,1.0149,1.0173,1.0172,1.0148,1.0157,1.0157,1.0157,1.0190,1.0190,1.0190,0.9845,0.9847,1.0187,1.0188,1.0234,0.9755,0.9756,0.9925,0.9926
3.4226,1.0240,1.0239,1.0240,1.0239,1.0240,1.0239,1.0192,1.0192,1.0192,1.0192,1.0193,1.0193,1.0193,1.0192,1.0192,1.0189,1.0176,1.0176,1.0192,1.0191,1.0182,1.0186,1.0186,1.0191,1.0191,1.0162,1.0150,1.0150,1.0173,1.0172,1.0148,1.0157,1.0157,1.0157,1.0190,1.0190,1.0190,0.9845,0.9847,1.0187,1.0188,1.0234,0.9755,0.9756,0.9925,0.9926
3.4326,1.0240,1.0239,1.0240,1.0239,1.0240,1.0239,1.0192,1.0192,1.0192,1.0192,1.0194,1.0194,1.0194,1.0192,1.0192,1.0189,1.0176,1.0176,1.0192,1.0191,1.0182,1.0186,1.0186,1.0192,1.0192,1.0162,1.0150,1.0150,1.0174,1.0173,1.0148,1.0157,1.0157,1.0157,1.0190,1.0190,1.0190,0.9846,0.9847,1.0187,1.0188,1.0234,0.9755,0.9756,0.9925,0.9926
3.4426,1.0240,1.0239,1.0240,1.0239,1.0240,1.0239,1.0192,1.0192,1.0192,1.0192,1.0194,1.0194,1.0194,1.0192,1.0192,1.0189,1.0177,1.0177,1.0192,1.0191,1.0183,1.0187,1.0187,1.0192,1.0192,1.0162,1.0150,1.0150,1.0174,1.0173,1.0148,1.0158,1.0158,1.0158,1.0190,1.0190,1.0190,0.9846,0.9847,1.0187,1.0189,1.0234,0.9755,0.9756,0.9925,0.9926
3.4526,1.0240,1.0239,1.0240,1.0239,1.0240,1.0239,1.0192,1.0192,1.0192,1.0192,1.0194,1.0194,1.0194,1.0192,1.0192,1.0189,1.0177,1.0177,1.0192,1.0191,1.0183,1.0187,1.0187,1.0192,1.0192,1.0162,1.0150,1.0150,1.0174,1.0173,1.0148,1.0158,1.0158,1.0158,1.0190,1.0190,1.0190,0.9846,0.9847,1.0187,1.0189,1.0234,0.9755,0.9757,0.9925,0.9926
3.4626,1.0240,1.0239,1.0240,1.0239,1.0241,1.0239,1.0193,1.0193,1.0193,1.0193,1.0194,1.0194,1.0194,1.0193,1.0193,1.0189,1.0177,1.0177,1.0192,1.0191,1.0183,1.0187,1.0187,1.0192,1.0192,1.0162,1.0150,1.0150,1.0174,1.0173,1.0148,1.0158,1.0158,1.0158,1.0190,1.0190,1.0190,0.9846,0.9847,1.0188,1.0189,1.0235,0.9755,0.9757,0.9925,0.9926
3.4726,1.0240,1.0239,1.0241,1.0239,1.0241,1.0239,1.0193,1.0193,1.0193,1.0193,1.0194,1.0194,1.0194,1.0193,1.0193,1.0190,1.0177,1.0177,1.0192,1.0191,1.0183,1.0187,1.0187,1.0192,1.0192,1.0163,1.0150,1.0150,1.0174,1.0173,1.0148,1.0158,1.0158,1.0158,1.0190,1.0190,1.0191,0.9846,0.9847,1.0188,1.0189,1.0235,0.9756,0.9757,0.9925,0.9927
3.4826,1.0241,1.0239,1.0241,1.0240,1.0241,1.0240,1.0193,1.0193,1.0193,1.0193,1.0194,1.0194,1.0194,1.0193,1.0193,1.0190,1.0177,1.0177,1.0193,1.0192,1.0183,1.0187,1.0187,1.0192,1.0192,1.0163,1.0150,1.0150,1.0174,1.0173,1.0149,1.0158,1.0158,1.0158,1.0190,1.0190,1.0191,0.9846,0.9847,1.0188,1.0189,1.0235,0.9756,0.9757,0.9925,0.9927
3.4926,1.0241,1.0239,1.0241,1.0240,1.0241,1.0240,1.0193,1.0193,1.0193,1.0193,1.0194,1.0194,1.0194,1.0193,1.0193,1.0190,1.0177,1.0177,1.0193,1.0192,1.0183,1.0187,1.0187,1.0192,1.0192,1.0163,1.0150,1.0150,1.0174,1.0173,1.0149,1.0158,1.0158,1.0158,1.0191,1.0191,1.0191,0.9846,0.9847,1.0188,1.0189,1.0235,0.9756,0.9757,0.9926,0.9927
3.5026,1.0241,1.0240,1.0241,1.0240,1.0241,1.0240,1.0193,1.0193,1.0193,1.0193,1.0194,1.0194,1.0194,1.0193,1.0193,1.0190,1.0177,1.0177,1.0193,1.0192,1.0183,1.0187,1.0187,1.0192,1.0192,1.0163,1.0150,1.0150,1.0174,1.0173,1.0149,1.0158,1.0158,1.0158,1.0191,1.0191,1.0191,0.9846,0.9848,1.0188,1.0189,1.0235,0.9756,0.9757,0.9926,0.9927
3.5126,1.0241,1.0240,1.0241,1.0240,1.0241,1.0240,1.0193,1.0193,1.0193,1.0193,1.0195,1.0195,1.0195,1.0193,1.0193,1.0190,1.0177,1.0177,1.0193,1.0192,1.0183,1.0187,1.0187,1.0193,1.0193,1.0163,1.0150,1.0150,1.0175,1.0174,1.0149,1.0158,1.0158,1.0158,1.0191,1.0191,1.0191,0.9846,0.9848,1.0188,1.0189,1.0235,0.9756,0.9757,0.9926,0.9927
3.5226,1.0241,1.0240,1.0241,1.0240,1.0241,1.0240,1.0193,1.0193,1.0193,1.0193,1.0195,1.0195,1.0195,1.0193,1.0193,1.0190,1.0178,1.0178,1.0193,1.0192,1.0184,1.0188,1.0188,1.0193,1.0193,1.0163,1.0150,1.0150,1.0175,1.0174,1.0149,1.0158,1.0158,1.0158,1.0191,1.0191,1.0191,0.9847,0.9848,1.0188,1.0190,1.0235,0.9756,0.9757,0.9926,0.9927
3.5326,1.0241,1.0240,1.0241,1.0240,1.0241,1.0240,1.0193,1.0193,1.0193,1.0193,1.0195,1.0195,1.0195,1.0193,1.0193,1.0190,1.0178,1.0178,1.0193,1.0192,1.0184,1.0188,1.0188,1.0193,1.0193,1.0163,1.0151,1.0151,1.0175,1.0174,1.0149,1.0159,1.0159,1.0159,1.0191,1.0191,1.0191,0.9847,0.9848,1.0188,1.0190,1.0235,0.9756,0.9758,0.9926,0.9927
3.5426,1.0241,1.0240,1.0241,1.0240,1.0241,1.0240,1.0194,1.0194,1.0194,1.0194,1.0195,1.0195,1.0195,1.0194,1.0194,1.0190,1.0178,1.0178,1.0193,1.0192,1.0184,1.0188,1.0188,1.0193,1.0193,1.0163,1.0151,1.0151,1.0175,1.0174,1.0149,1.0159,1.0159,1.0159,1.0191,1.0191,1.0191,0.9847,0.9848,1.0189,1.0190,1.0236,0.9756,0.9758,0.9926,0.9927
3.5526,1.0241,1.0240,1.0242,1.0240,1.0242,1.0240,1.0194,1.0194,1.0194,1.0194,1.0195,1.0195,1.0195,1.0194,1.0194,1.0191,1.0178,1.0178,1.0193,1.0192,1.0184,1.0188,1.0188,1.0193,1.0193,1.0163,1.0151,1.0151,1.0175,1.0174,1.0149,1.0159,1.0159,1.0159,1.0191,1.0191,1.0192,0.9847,0.9848,1.0189,1.0190,1.0236,0.9756,0.9758,0.9926,0.9928
3.5626,1.0242,1.0240,1.0242,1.0241,1.0242,1.0241,1.0194,1.0194,1.0194,1.0194,1.0195,1.0195,1.0195,1.0194,1.0194,1.0191,1.0178,1.0178,1.0194,1.0193,1.0184,1.0188,1.0188,1.0193,1.0193,1.0163,1.0151,1.0151,1.0175,1.0174,1.0149,1.0159,1.0159,1.0159,1.0191,1.0191,1.0192,0.9847,0.9848,1.0189,1.0190,1.0236,0.9757,0.9758,0.9926,0.9928
3.5726,1.0242,1.0240,1.0242,1.0241,1.0242,1.0241,1.0194,1.0194,1.0194,1.0194,1.0195,1.0195,1.0195,1.0194,1.0194,1.0191,1.0178,1.0178,1.0194,1.0193,1.0184,1.0188,1.0188,1.0193,1.0193,1.0163,1.0151,1.0151,1.0175,1.0174,1.0150,1.0159,1.0159,1.0159,1.0191,1.0191,1.0192,0.9847,0.9848,1.0189,1.0190,1.0236,0.9757,0.9758,0.9927,0.9928
3.5826,1.0242,1.0241,1.0242,1.0241,1.0242,1.0241,1.0194,1.0194,1.0194,1.0194,1.0195,1.0195,1.0195,1.0194,1.0194,1.0191,1.0178,1.0178,1.0194,1.0193,1.0184,1.0188,1.0188,1.0194,1.0193,1.0164,1.0151,1.0151,1.0175,1.0174,1.0150,1.0159,1.0159,1.0159,1.0192,1.0192,1.0192,0.9847,0.9849,1.0189,1.0190,1.0236,0.9757,0.9758,0.9927,0.9928
3.5926,1.0242,1.0241,1.0242,1.0241,1.0242,1.0241,1.0194,1.0194,1.0194,1.0194,1.0195,1.0195,1.0195,1.0194,1.0194,1.0191,1.0178,1.0178,1.0194,1.0193,1.0184,1.0188,1.0188,1.0194,1.0194,1.0164,1.0151,1.0151,1.0176,1.0174,1.0150,1.0159,1.0159,1.0159,1.0192,1.0192,1.0192,0.9847,0.9849,1.0189,1.0190,1.0236,0.9757,0.9758,0.9927,0.9928
3.6026,1.0242,1.0241,1.0242,1.0241,1.0242,1.0241,1.0194,1.0194,1.0194,1.0194,1.0196,1.0196,1.0196,1.0194,1.0194,1.0191,1.0179,1.0179,1.0194,1.0193,1.0185,1.0188,1.0188,1.0194,1.0194,1.0164,1.0151,1.0151,1.0176,1.0175,1.0150,1.0159,1.0159,1.0159,1.0192,1.0192,1.0192,0.9848,0.9849,1.0189,1.0190,1.0236,0.9757,0.9758,0.9927,0.9928
3.6126,1.0242,1.0241,1.0242,1.0241,1.0242,1.0241,1.0194,1.0194,1.0194,1.0194,1.0196,1.0196,1.0196,1.0194,1.0194,1.0191,1.0179,1.0179,1.0194,1.0193,1.0185,1.0189,1.0189,1.0194,1.0194,1.0164,1.0151,1.0151,1.0176,1.0175,1.0150,1.0159,1.0159,1.0159,1.0192,1.0192,1.0192,0.9848,0.9849,1.0189,1.0191,1.0236,0.9757,0.9758,0.9927,0.9928
3.6226,1.0242,1.0241,1.0242,1.0241,1.0242,1.0241,1.0194,1.0194,1.0194,1.0194,1.0196,1.0196,1.0196,1.0194,1.0194,1.0191,1.0179,1.0179,1.0194,1.0193,1.0185,1.0189,1.0189,1.0194,1.0194,1.0164,1.0151,1.0151,1.0176,1.0175,1.0150,1.0160,1.0160,1.0160,1.0192,1.0192,1.0192,0.9848,0.9849,1.0189,1.0191,1.0237,0.9757,0.9759,0.9927,0.9928
3.6326,1.0242,1.0241,1.0243,1.0241,1.0243,1.0241,1.0195,1.0195,1.0195,1.0195,1.0196,1.0196,1.0196,1.0195,1.0195,1.0191,1.0179,1.0179,1.0194,1.0193,1.0185,1.0189,1.0189,1.0194,1.0194,1.0164,1.0151,1.0151,1.0176,1.0175,1.0150,1.0160,1.0160,1.0160,1.0192,1.0192,1.0192,0.9848,0.9849,1.0190,1.0191,1.0237,0.9757,0.9759,0.9927,0.9929
3.6426,1.0242,1.0241,1.0243,1.0241,1.0243,1.0241,1.0195,1.0195,1.0195,1.0195,1.0196,1.0196,1.0196,1.0195,1.0195,1.0192,1.0179,1.0179,1.0194,1.0193,1.0185,1.0189,1.0189,1.0194,1.0194,1.0164,1.0152,1.0152,1.0176,1.0175,1.0150,1.0160,1.0160,1.0160,1.0192,1.0192,1.0193,0.9848,0.9849,1.0190,1.0191,1.0237,0.9758,0.9759,0.9927,0.9929
3.6526,1.0243,1.0241,1.0243,1.0242,1.0243,1.0242,1.0195,1.0195,1.0195,1.0195,1.0196,1.0196,1.0196,1.0195,1.0195,1.0192,1.0179,1.0179,1.0195,1.0194,1.0185,1.0189,1.0189,1.0194,1.0194,1.0164,1.0152,1.0152,1.0176,1.0175,1.0150,1.0160,1.0160,1.0160,1.0192,1.0192,1.0193,0.9848,0.9849,1.0190,1.0191,1.0237,0.9758,0.9759,0.9927,0.9929
3.6626,1.0243,1.0241,1.0243,1.0242,1.0243,1.0242,1.0195,1.0195,1.0195,1.0195,1.0196,1.0196,1.0196,1.0195,1.0195,1.0192,1.0179,1.0179,1.0195,1.0194,1.0185,1.0189,1.0189,1.0194,1.0194,1.0164,1.0152,1.0152,1.0176,1.0175,1.0150,1.0160,1.0160,1.0160,1.0193,1.0193,1.0193,0.9848,0.9849,1.0190,1.0191,1.0237,0.9758,0.9759,0.9928,0.9929
3.6726,1.0243,1.0242,1.0243,1.0242,1.0243,1.0242,1.0195,1.0195,1.0195,1.0195,1.0196,1.0196,1.0196,1.0195,1.0195,1.0192,1.0179,1.0179,1.0195,1.0194,1.0185,1.0189,1.0189,1.0195,1.0195,1.0164,1.0152,1.0152,1.0176,1.0175,1.0151,1.0160,1.0160,1.0160,1.0193,1.0193,1.0193,0.9848,0.9850,1.0190,1.0191,1.0237,0.9758,0.9759,0.9928,0.9929
3.6826,1.0243,1.0242,1.0243,1.0242,1.0243,1.0242,1.0195,1.0195,1.0195,1.0195,1.0196,1.0196,1.0196,1.0195,1.0195,1.0192,1.0179,1.0179,1.0195,1.0194,1.0185,1.0189,1.0189,1.0195,1.0195,1.0164,1.0152,1.0152,1.0176,1.0175,1.0151,1.0160,1.0160,1.0160,1.0193,1.0193,1.0193,0.9848,0.9850,1.0190,1.0191,1.0237,0.9758,0.9759,0.9928,0.9929
3.6926,1.0243,1.0242,1.0243,1.0242,1.0243,1.0242,1.0195,1.0195,1.0195,1.0195,1.0197,1.0197,1.0197,1.0195,1.0195,1.0192,1.0179,1.0179,1.0195,1.0194,1.0185,1.0189,1.0189,1.0195,1.0195,1.0164,1.0152,1.0152,1.0177,1.0176,1.0151,1.0160,1.0160,1.0160,1.0193,1.0193,1.0193,0.9849,0.9850,1.0190,1.0191,1.0237,0.9758,0.9759,0.9928,0.9929
3.7026,1.0243,1.0242,1.0243,1.0242,1.0243,1.0242,1.0195,1.0195,1.0195,1.0195,1.0197,1.0197,1.0197,1.0195,1.0195,1.0192,1.0180,1.0180,1.0195,1.0194,1.0186,1.0190,1.0190,1.0195,1.0195,1.0165,1.0152,1.0152,1.0177,1.0176,1.0151,1.0160,1.0160,1.0160,1.0193,1.0193,1.0193,0.9849,0.9850,1.0190,1.0192,1.0237,0.9758,0.9759,0.9928,0.9929
3.7126,1.0243,1.0242,1.0243,1.0242,1.0243,1.0242,1.0195,1.0195,1.0195,1.0195,1.0197,1.0197,1.0197,1.0195,1.0195,1.0192,1.0180,1.0180,1.0195,1.0194,1.0186,1.0190,1.0190,1.0195,1.0195,1.0165,1.0152,1.0152,1.0177,1.0176,1.0151,1.0160,1.0160,1.0160,1.0193,1.0193,1.0193,0.9849,0.9850,1.0190,1.0192,1.0237,0.9758,0.9760,0.9928,0.9929
3.7226,1.0243,1.0242,1.0243,1.0242,1.0243,1.0242,1.0195,1.0195,1.0195,1.0195,1.0197,1.0197,1.0197,1.0195,1.0195,1.0192,1.0180,1.0180,1.0195,1.0194,1.0186,1.0190,1.0190,1.0195,1.0195,1.0165,1.0152,1.0152,1.0177,1.0176,1.0151,1.0161,1.0161,1.0161,1.0193,1.0193,1.0193,0.9849,0.9850,1.0190,1.0192,1.0238,0.9758,0.9760,0.9928,0.9929
3.7326,1.0243,1.0242,1.0243,1.0242,1.0244,1.0242,1.0196,1.0196,1.0196,1.0196,1.0197,1.0197,1.0197,1.0196,1.0196,1.0192,1.0180,1.0180,1.0195,1.0194,1.0186,1.0190,1.0190,1.0195,1.0195,1.0165,1.0152,1.0152,1.0177,1.0176,1.0151,1.0161,1.0161,1.0161,1.0193,1.0193,1.0193,0.9849,0.9850,1.0191,1.0192,1.0238,0.9758,0.9760,0.9928,0.9930
3.7426,1.0243,1.0242,1.0244,1.0242,1.0244,1.0242,1.0196,1.0196,1.0196,1.0196,1.0197,1.0197,1.0197,1.0196,1.0196,1.0193,1.0180,1.0180,1.0195,1.0194,1.0186,1.0190,1.0190,1.0195,1.0195,1.0165,1.0152,1.0152,1.0177,1.0176,1.0151,1.0161,1.0161,1.0161,1.0193,1.0193,1.0194,0.9849,0.9850,1.0191,1.0192,1.0238,0.9759,0.9760,0.9928,0.9930
3.7526,1.0243,1.0242,1.0244,1.0242,1.0244,1.0243,1.0196,1.0196,1.0196,1.0196,1.0197,1.0197,1.0197,1.0196,1.0196,1.0193,1.0180,1.0180,1.0196,1.0194,1.0186,1.0190,1.0190,1.0195,1.0195,1.0165,1.0152,1.0152,1.0177,1.0176,1.0151,1.0161,1.0161,1.0161,1.0193,1.0193,1.0194,0.9849,0.9850,1.0191,1.0192,1.0238,0.9759,0.9760,0.9928,0.9930
3.7626,1.0244,1.0242,1.0244,1.0243,1.0244,1.0243,1.0196,1.0196,1.0196,1.0196,1.0197,1.0197,1.0197,1.0196,1.0196,1.0193,1.0180,1.0180,1.0196,1.0195,1.0186,1.0190,1.0190,1.0195,1.0195,1.0165,1.0152,1.0152,1.0177,1.0176,1.0151,1.0161,1.0161,1.0161,1.0193,1.0193,1.0194,0.9849,0.9850,1.0191,1.0192,1.0238,0.9759,0.9760,0.9929,0.9930
3.7726,1.0244,1.0242,1.0244,1.0243,1.0244,1.0243,1.0196,1.0196,1.0196,1.0196,1.0197,1.0197,1.0197,1.0196,1.0196,1.0193,1.0180,1.0180,1.0196,1.0195,1.0186,1.0190,1.0190,1.0195,1.0195,1.0165,1.0152,1.0152,1.0177,1.0176,1.0151,1.0161,1.0161,1.0161,1.0194,1.0194,1.0194,0.9849,0.9851,1.0191,1.0192,1.0238,0.9759,0.9760,0.9929,0.9930
3.7826,1.0244,1.0243,1.0244,1.0243,1.0244,1.0243,1.0196,1.0196,1.0196,1.0196,1.0197,1.0197,1.0197,1.0196,1.0196,1.0193,1.0180,1.0180,1.0196,1.0195,1.0186,1.0190,1.0190,1.0196,1.0196,1.0165,1.0152,1.0152,1.0177,1.0176,1.0151,1.0161,1.0161,1.0161,1.0194,1.0194,1.0194,0.9849,0.9851,1.0191,1.0192,1.0238,0.9759,0.9760,0.9929,0.9930
3.7926,1.0244,1.0243,1.0244,1.0243,1.0244,1.0243,1.0196,1.0196,1.0196,1.0196,1.0197,1.0197,1.0197,1.0196,1.0196,1.0193,1.0180,1.0180,1.0196,1.0195,1.0186,1.0190,1.0190,1.0196,1.0196,1.0165,1.0153,1.0153,1.0177,1.0176,1.0151,1.0161,1.0161,1.0161,1.0194,1.0194,1.0194,0.9849,0.9851,1.0191,1.0192,1.0238,0.9759,0.9760,0.9929,0.9930
3.8026,1.0244,1.0243,1.0244,1.0243,1.0244,1.0243,1.0196,1.0196,1.0196,1.0196,1.0197,1.0197,1.0197,1.0196,1.0196,1.0193,1.0180,1.0180,1.0196,1.0195,1.0186,1.0190,1.0190,1.0196,1.0196,1.0165,1.0153,1.0153,1.0177,1.0176,1.0152,1.0161,1.0161,1.0161,1.0194,1.0194,1.0194,0.9849,0.9851,1.0191,1.0192,1.0238,0.9759,0.9760,0.9929,0.9930
3.8126,1.0244,1.0243,1.0244,1.0243,1.0244,1.0243,1.0196,1.0196,1.0196,1.0196,1.0198,1.0198,1.0198,1.0196,1.0196,1.0193,1.0180,1.0180,1.0196,1.0195,1.0186,1.0190,1.0190,1.0196,1.0196,1.0165,1.0153,1.0153,1.0178,1.0177,1.0152,1.0161,1.0161,1.0161,1.0194,1.0194,1.0194,0.9850,0.9851,1.0191,1.0192,1.0238,0.9759,0.9760,0.9929,0.9930
3.8226,1.0244,1.0243,1.0244,1.0243,1.0244,1.0243,1.0196,1.0196,1.0196,1.0196,1.0198,1.0198,1.0198,1.0196,1.0196,1.0193,1.0181,1.0181,1.0196,1.0195,1.0187,1.0191,1.0191,1.0196,1.0196,1.0165,1.0153,1.0153,1.0178,1.0177,1.0152,1.0161,1.0161,1.0161,1.0194,1.0194,1.0194,0.9850,0.9851,1.0191,1.0193,1.0238,0.9759,0.9760,0.9929,0.9930
3.8326,1.0244,1.0243,1.0244,1.0243,1.0244,1.0243,1.0196,1.0196,1.0196,1.0196,1.0198,1.0198,1.0198,1.0196,1.0196,1.0193,1.0181,1.0181,1.0196,1.0195,1.0187,1.0191,1.0191,1.0196,1.0196,1.0165,1.0153,1.0153,1.0178,1.0177,1.0152,1.0161,1.0161,1.0161,1.0194,1.0194,1.0194,0.9850,0.9851,1.0191,1.0193,1.0238,0.9759,0.9760,0.9929,0.9930
3.8426,1.0244,1.0243,1.0244,1.0243,1.0244,1.0243,1.0196,1.0196,1.0196,1.0196,1.0198,1.0198,1.0198,1.0196,1.0196,1.0193,1.0181,1.0181,1.0196,1.0195,1.0187,1.0191,1.0191,1.0196,1.0196,1.0165,1.0153,1.0153,1.0178,1.0177,1.0152,1.0161,1.0161,1.0161,1.0194,1.0194,1.0194,0.9850,0.9851,1.0191,1.0193,1.0238,0.9759,0.9761,0.9929,0.9930
3.8526,1.0244,1.0243,1.0244,1.0243,1.0244,1.0243,1.0196,1.0196,1.0196,1.0196,1.0198,1.0198,1.0198,1.0196,1.0196,1.0193,1.0181,1.0181,1.0196,1.0195,1.0187,1.0191,1.0191,1.0196,1.0196,1.0165,1.0153,1.0153,1.0178,1.0177,1.0152,1.0161,1.0161,1.0161,1.0194,1.0194,1.0194,0.9850,0.9851,1.0191,1.0193,1.0239,0.9759,0.9761,0.9929,0.9930
3.8626,1.0244,1.0243,1.0244,1.0243,1.0245,1.0243,1.0197,1.0197,1.0197,1.0197,1.0198,1.0198,1.0198,1.0197,1.0197,1.0193,1.0181,1.0181,1.0196,1.0195,1.0187,1.0191,1.0191,1.0196,1.0196,1.0165,1.0153,1.0153,1.0178,1.0177,1.0152,1.0161,1.0161,1.0161,1.0194,1.0194,1.0194,0.9850,0.9851,1.0192,1.0193,1.0239,0.9759,0.9761,0.9929,0.9931
3.8726,1.0244,1.0243,1.0245,1.0243,1.0245,1.0243,1.0197,1.0197,1.0197,1.0197,1.0198,1.0198,1.0198,1.0197,1.0197,1.0193,1.0181,1.0181,1.0196,1.0195,1.0187,1.0191,1.0191,1.0196,1.0196,1.0166,1.0153,1.0153,1.0178,1.0177,1.0152,1.0162,1.0162,1.0162,1.0194,1.0194,1.0194,0.9850,0.9851,1.0192,1.0193,1.0239,0.9760,0.9761,0.9929,0.9931
3.8826,1.0244,1.0243,1.0245,1.0243,1.0245,1.0243,1.0197,1.0197,1.0197,1.0197,1.0198,1.0198,1.0198,1.0197,1.0197,1.0194,1.0181,1.0181,1.0196,1.0195,1.0187,1.0191,1.0191,1.0196,1.0196,1.0166,1.0153,1.0153,1.0178,1.0177,1.0152,1.0162,1.0162,1.0162,1.0194,1.0194,1.0195,0.9850,0.9851,1.0192,1.0193,1.0239,0.9760,0.9761,0.9929,0.9931
3.8926,1.0244,1.0243,1.0245,1.0243,1.0245,1.0244,1.0197,1.0197,1.0197,1.0197,1.0198,1.0198,1.0198,1.0197,1.0197,1.0194,1.0181,1.0181,1.0196,1.0195,1.0187,1.0191,1.0191,1.0196,1.0196,1.0166,1.0153,1.0153,1.0178,1.0177,1.0152,1.0162,1.0162,1.0162,1.0194,1.0194,1.0195,0.9850,0.9851,1.0192,1.0193,1.0239,0.9760,0.9761,0.9929,0.9931
3.9026,1.0245,1.0243,1.0245,1.0244,1.0245,1.0244,1.0197,1.0197,1.0197,1.0197,1.0198,1.0198,1.0198,1.0197,1.0197,1.0194,1.0181,1.0181,1.0197,1.0196,1.0187,1.0191,1.0191,1.0196,1.0196,1.0166,1.0153,1.0153,1.0178,1.0177,1.0152,1.0162,1.0162,1.0162,1.0194,1.0194,1.0195,0.9850,0.9851,1.0192,1.0193,1.0239,0.9760,0.9761,0.9930,0.9931
3.9126,1.0245,1.0243,1.0245,1.0244,1.0245,1.0244,1.0197,1.0197,1.0197,1.0197,1.0198,1.0198,1.0198,1.0197,1.0197,1.0194,1.0181,1.0181,1.0197,1.0196,1.0187,1.0191,1.0191,1.0196,1.0196,1.0166,1.0153,1.0153,1.0178,1.0177,1.0152,1.0162,1.0162,1.0162,1.0194,1.0194,1.0195,0.9850,0.9851,1.0192,1.0193,1.0239,0.9760,0.9761,0.9930,0.9931
3.9226,1.0245,1.0243,1.0245,1.0244,1.0245,1.0244,1.0197,1.0197,1.0197,1.0197,1.0198,1.0198,1.0198,1.0197,1.0197,1.0194,1.0181,1.0181,1.0197,1.0196,1.0187,1.0191,1.0191,1.0197,1.0196,1.0166,1.0153,1.0153,1.0178,1.0177,1.0152,1.0162,1.0162,1.0162,1.0195,1.0195,1.0195,0.9850,0.9852,1.0192,1.0193,1.0239,0.9760,0.9761,0.9930,0.9931
3.9326,1.0245,1.0244,1.0245,1.0244,1.0245,1.0244,1.0197,1.0197,1.0197,1.0197,1.0198,1.0198,1.0198,1.0197,1.0197,1.0194,1.0181,1.0181,1.0197,1.0196,1.0187,1.0191,1.0191,1.0197,1.0197,1.0166,1.0153,1.0153,1.0178,1.0177,1.0152,1.0162,1.0162,1.0162,1.0195,1.0195,1.0195,0.9850,0.9852,1.0192,1.0193,1.0239,0.9760,0.9761,0.9930,0.9931
3.9426,1.0245,1.0244,1.0245,1.0244,1.0245,1.0244,1.0197,1.0197,1.0197,1.0197,1.0198,1.0198,1.0198,1.0197,1.0197,1.0194,1.0181,1.0181,1.0197,1.0196,1.0187,1.0191,1.0191,1.0197,1.0197,1.0166,1.0153,1.0153,1.0178,1.0177,1.0152,1.0162,1.0162,1.0162,1.0195,1.0195,1.0195,0.9850,0.9852,1.0192,1.0193,1.0239,0.9760,0.9761,0.9930,0.9931
3.9526,1.0245,1.0244,1.0245,1.0244,1.0245,1.0244,1.0197,1.0197,1.0197,1.0197,1.0198,1.0198,1.0198,1.0197,1.0197,1.0194,1.0181,1.0181,1.0197,1.0196,1.0187,1.0191,1.0191,1.0197,1.0197,1.0166,1.0153,1.0153,1.0178,1.0177,1.0152,1.0162,1.0162,1.0162,1.0195,1.0195,1.0195,0.9850,0.9852,1.0192,1.0193,1.0239,0.9760,0.9761,0.9930,0.9931
3.9626,1.0245,1.0244,1.0245,1.0244,1.0245,1.0244,1.0197,1.0197,1.0197,1.0197,1.0198,1.0198,1.0198,1.0197,1.0197,1.0194,1.0181,1.0181,1.0197,1.0196,1.0187,1.0191,1.0191,1.0197,1.0197,1.0166,1.0153,1.0153,1.0178,1.0177,1.0152,1.0162,1.0162,1.0162,1.0195,1.0195,1.0195,0.9851,0.9852,1.0192,1.0193,1.0239,0.9760,0.9761,0.9930,0.9931
3.9726,1.0245,1.0244,1.0245,1.0244,1.0245,1.0244,1.0197,1.0197,1.0197,1.0197,1.0199,1.0199,1.0199,1.0197,1.0197,1.0194,1.0181,1.0181,1.0197,1.0196,1.0187,1.0191,1.0191,1.0197,1.0197,1.0166,1.0153,1.0153,1.0178,1.0177,1.0152,1.0162,1.0162,1.0162,1.0195,1.0195,1.0195,0.9851,0.9852,1.0192,1.0193,1.0239,0.9760,0.9761,0.9930,0.9931
3.9826,1.0245,1.0244,1.0245,1.0244,1.0245,1.0244,1.0197,1.0197,1.0197,1.0197,1.0199,1.0199,1.0199,1.0197,1.0197,1.0194,1.0182,1.0182,1.0197,1.0196,1.0187,1.0191,1.0191,1.0197,1.0197,1.0166,1.0153,1.0153,1.0179,1.0178,1.0152,1.0162,1.0162,1.0162,1.0195,1.0195,1.0195,0.9851,0.9852,1.0192,1.0193,1.0239,0.9760,0.9761,0.9930,0.9931
3.9926,1.0245,1.0244,1.0245,1.0244,1.0245,1.0244,1.0197,1.0197,1.0197,1.0197,1.0199,1.0199,1.0199,1.0197,1.0197,1.0194,1.0182,1.0182,1.0197,1.0196,1.0188,1.0192,1.0192,1.0197,1.0197,1.0166,1.0153,1.0153,1.0179,1.0178,1.0152,1.0162,1.0162,1.0162,1.0195,1.0195,1.0195,0.9851,0.9852,1.0192,1.0194,1.0239,0.9760,0.9761,0.9930,0.9931
4.0026,1.0245,1.0244,1.0245,1.0244,1.0245,1.0244,1.0197,1.0197,1.0197,1.0197,1.0199,1.0199,1.0199,1.0197,1.0197,1.0194,1.0182,1.0182,1.0197,1.0196,1.0188,1.0192,1.0192,1.0197,1.0197,1.0166,1.0153,1.0153,1.0179,1.0178,1.0153,1.0162,1.0162,1.0162,1.0195,1.0195,1.0195,0.9851,0.9852,1.0192,1.0194,1.0239,0.9760,0.9762,0.9930,0.9931
4.0126,1.0245,1.0244,1.0245,1.0244,1.0245,1.0244,1.0197,1.0197,1.0197,1.0197,1.0199,1.0199,1.0199,1.0197,1.0197,1.0194,1.0182,1.0182,1.0197,1.0196,1.0188,1.0192,1.0192,1.0197,1.0197,1.0166,1.0153,1.0153,1.0179,1.0178,1.0153,1.0162,1.0162,1.0162,1.0195,1.0195,1.0195,0.9851,0.9852,1.0192,1.0194,1.0239,0.9760,0.9762,0.9930,0.9931
4.0226,1.0245,1.0244,1.0245,1.0244,1.0245,1.0244,1.0197,1.0197,1.0197,1.0197,1.0199,1.0199,1.0199,1.0197,1.0197,1.0194,1.0182,1.0182,1.0197,1.0196,1.0188,1.0192,1.0192,1.0197,1.0197,1.0166,1.0154,1.0154,1.0179,1.0178,1.0153,1.0162,1.0162,1.0162,1.0195,1.0195,1.0195,0.9851,0.9852,1.0192,1.0194,1.0240,0.9760,0.9762,0.9930,0.9931
4.0326,1.0245,1.0244,1.0245,1.0244,1.0245,1.0244,1.0198,1.0197,1.0198,1.0198,1.0199,1.0199,1.0199,1.0197,1.0197,1.0194,1.0182,1.0182,1.0197,1.0196,1.0188,1.0192,1.0192,1.0197,1.0197,1.0166,1.0154,1.0154,1.0179,1.0178,1.0153,1.0162,1.0162,1.0162,1.0195,1.0195,1.0195,0.9851,0.9852,1.0192,1.0194,1.0240,0.9760,0.9762,0.9930,0.9932
4.0426,1.0245,1.0244,1.0245,1.0244,1.0246,1.0244,1.0198,1.0198,1.0198,1.0198,1.0199,1.0199,1.0199,1.0198,1.0198,1.0194,1.0182,1.0182,1.0197,1.0196,1.0188,1.0192,1.0192,1.0197,1.0197,1.0166,1.0154,1.0154,1.0179,1.0178,1.0153,1.0162,1.0162,1.0162,1.0195,1.0195,1.0195,0.9851,0.9852,1.0193,1.0194,1.0240,0.9761,0.9762,0.9930,0.9932
4.0526,1.0245,1.0244,1.0246,1.0244,1.0246,1.0244,1.0198,1.0198,1.0198,1.0198,1.0199,1.0199,1.0199,1.0198,1.0198,1.0194,1.0182,1.0182,1.0197,1.0196,1.0188,1.0192,1.0192,1.0197,1.0197,1.0166,1.0154,1.0154,1.0179,1.0178,1.0153,1.0162,1.0162,1.0162,1.0195,1.0195,1.0196,0.9851,0.9852,1.0193,1.0194,1.0240,0.9761,0.9762,0.9930,0.9932
4.0626,1.0245,1.0244,1.0246,1.0244,1.0246,1.0244,1.0198,1.0198,1.0198,1.0198,1.0199,1.0199,1.0199,1.0198,1.0198,1.0195,1.0182,1.0182,1.0197,1.0196,1.0188,1.0192,1.0192,1.0197,1.0197,1.0166,1.0154,1.0154,1.0179,1.0178,1.0153,1.0162,1.0162,1.0162,1.0195,1.0195,1.0196,0.9851,0.9852,1.0193,1.0194,1.0240,0.9761,0.9762,0.9930,0.9932
4.0726,1.0245,1.0244,1.0246,1.0244,1.0246,1.0245,1.0198,1.0198,1.0198,1.0198,1.0199,1.0199,1.0199,1.0198,1.0198,1.0195,1.0182,1.0182,1.0197,1.0196,1.0188,1.0192,1.0192,1.0197,1.0197,1.0166,1.0154,1.0154,1.0179,1.0178,1.0153,1.0162,1.0162,1.0162,1.0195,1.0195,1.0196,0.9851,0.9852,1.0193,1.0194,1.0240,0.9761,0.9762,0.9930,0.9932
4.0826,1.0246,1.0244,1.0246,1.0245,1.0246,1.0245,1.0198,1.0198,1.0198,1.0198,1.0199,1.0199,1.0199,1.0198,1.0198,1.0195,1.0182,1.0182,1.0198,1.0197,1.0188,1.0192,1.0192,1.0197,1.0197,1.0166,1.0154,1.0154,1.0179,1.0178,1.0153,1.0163,1.0163,1.0163,1.0195,1.0195,1.0196,0.9851,0.9852,1.0193,1.0194,1.0240,0.9761,0.9762,0.9931,0.9932
4.0926,1.0246,1.0244,1.0246,1.0245,1.0246,1.0245,1.0198,1.0198,1.0198,1.0198,1.0199,1.0199,1.0199,1.0198,1.0198,1.0195,1.0182,1.0182,1.0198,1.0197,1.0188,1.0192,1.0192,1.0197,1.0197,1.0166,1.0154,1.0154,1.0179,1.0178,1.0153,1.0163,1.0163,1.0163,1.0195,1.0195,1.0196,0.9851,0.9852,1.0193,1.0194,1.0240,0.9761,0.9762,0.9931,0.9932
4.1026,1.0246,1.0244,1.0246,1.0245,1.0246,1.0245,1.0198,1.0198,1.0198,1.0198,1.0199,1.0199,1.0199,1.0198,1.0198,1.0195,1.0182,1.0182,1.0198,1.0197,1.0188,1.0192,1.0192,1.0197,1.0197,1.0166,1.0154,1.0154,1.0179,1.0178,1.0153,1.0163,1.0163,1.0163,1.0195,1.0195,1.0196,0.9851,0.9853,1.0193,1.0194,1.0240,0.9761,0.9762,0.9931,0.9932
4.1126,1.0246,1.0244,1.0246,1.0245,1.0246,1.0245,1.0198,1.0198,1.0198,1.0198,1.0199,1.0199,1.0199,1.0198,1.0198,1.0195,1.0182,1.0182,1.0198,1.0197,1.0188,1.0192,1.0192,1.0198,1.0198,1.0166,1.0154,1.0154,1.0179,1.0178,1.0153,1.0163,1.0163,1.0163,1.0196,1.0196,1.0196,0.9851,0.9853,1.0193,1.0194,1.0240,0.9761,0.9762,0.9931,0.9932
4.1226,1.0246,1.0245,1.0246,1.0245,1.0246,1.0245,1.0198,1.0198,1.0198,1.0198,1.0199,1.0199,1.0199,1.0198,1.0198,1.0195,1.0182,1.0182,1.0198,1.0197,1.0188,1.0192,1.0192,1.0198,1.0198,1.0166,1.0154,1.0154,1.0179,1.0178,1.0153,1.0163,1.0163,1.0163,1.0196,1.0196,1.0196,0.9851,0.9853,1.0193,1.0194,1.0240,0.9761,0.9762,0.9931,0.9932
4.1326,1.0246,1.0245,1.0246,1.0245,1.0246,1.0245,1.0198,1.0198,1.0198,1.0198,1.0199,1.0199,1.0199,1.0198,1.0198,1.0195,1.0182,1.0182,1.0198,1.0197,1.0188,1.0192,1.0192,1.0198,1.0198,1.0167,1.0154,1.0154,1.0179,1.0178,1.0153,1.0163,1.0163,1.0163,1.0196,1.0196,1.0196,0.9851,0.9853,1.0193,1.0194,1.0240,0.9761,0.9762,0.9931,0.9932
4.1426,1.0246,1.0245,1.0246,1.0245,1.0246,1.0245,1.0198,1.0198,1.0198,1.0198,1.0199,1.0199,1.0199,1.0198,1.0198,1.0195,1.0182,1.0182,1.0198,1.0197,1.0188,1.0192,1.0192,1.0198,1.0198,1.0167,1.0154,1.0154,1.0179,1.0178,1.0153,1.0163,1.0163,1.0163,1.0196,1.0196,1.0196,0.9851,0.9853,1.0193,1.0194,1.0240,0.9761,0.9762,0.9931,0.9932
4.1526,1.0246,1.0245,1.0246,1.0245,1.0246,1.0245,1.0198,1.0198,1.0198,1.0198,1.0199,1.0199,1.0199,1.0198,1.0198,1.0195,1.0182,1.0182,1.0198,1.0197,1.0188,1.0192,1.0192,1.0198,1.0198,1.0167,1.0154,1.0154,1.0179,1.0178,1.0153,1.0163,1.0163,1.0163,1.0196,1.0196,1.0196,0.9852,0.9853,1.0193,1.0194,1.0240,0.9761,0.9762,0.9931,0.9932
4.1626,1.0246,1.0245,1.0246,1.0245,1.0246,1.0245,1.0198,1.0198,1.0198,1.0198,1.0199,1.0199,1.0199,1.0198,1.0198,1.0195,1.0182,1.0182,1.0198,1.0197,1.0188,1.0192,1.0192,1.0198,1.0198,1.0167,1.0154,1.0154,1.0179,1.0178,1.0153,1.0163,1.0163,1.0163,1.0196,1.0196,1.0196,0.9852,0.9853,1.0193,1.0194,1.0240,0.9761,0.9762,0.9931,0.9932
4.1726,1.0246,1.0245,1.0246,1.0245,1.0246,1.0245,1.0198,1.0198,1.0198,1.0198,1.0200,1.0200,1.0200,1.0198,1.0198,1.0195,1.0182,1.0182,1.0198,1.0197,1.0188,1.0192,1.0192,1.0198,1.0198,1.0167,1.0154,1.0154,1.0179,1.0178,1.0153,1.0163,1.0163,1.0163,1.0196,1.0196,1.0196,0.9852,0.9853,1.0193,1.0194,1.0240,0.9761,0.9762,0.9931,0.9932
4.1826,1.0246,1.0245,1.0246,1.0245,1.0246,1.0245,1.0198,1.0198,1.0198,1.0198,1.0200,1.0200,1.0200,1.0198,1.0198,1.0195,1.0182,1.0182,1.0198,1.0197,1.0188,1.0192,1.0192,1.0198,1.0198,1.0167,1.0154,1.0154,1.0179,1.0178,1.0153,1.0163,1.0163,1.0163,1.0196,1.0196,1.0196,0.9852,0.9853,1.0193,1.0194,1.0240,0.9761,0.9762,0.9931,0.9932
4.1926,1.0246,1.0245,1.0246,1.0245,1.0246,1.0245,1.0198,1.0198,1.0198,1.0198,1.0200,1.0200,1.0200,1.0198,1.0198,1.0195,1.0183,1.0183,1.0198,1.0197,1.0189,1.0193,1.0193,1.0198,1.0198,1.0167,1.0154,1.0154,1.0180,1.0179,1.0153,1.0163,1.0163,1.0163,1.0196,1.0196,1.0196,0.9852,0.9853,1.0193,1.0195,1.0240,0.9761,0.9763,0.9931,0.9932
4.2026,1.0246,1.0245,1.0246,1.0245,1.0246,1.0245,1.0198,1.0198,1.0198,1.0198,1.0200,1.0200,1.0200,1.0198,1.0198,1.0195,1.0183,1.0183,1.0198,1.0197,1.0189,1.0193,1.0193,1.0198,1.0198,1.0167,1.0154,1.0154,1.0180,1.0179,1.0153,1.0163,1.0163,1.0163,1.0196,1.0196,1.0196,0.9852,0.9853,1.0193,1.0195,1.0240,0.9761,0.9763,0.9931,0.9932
4.2126,1.0246,1.0245,1.0246,1.0245,1.0246,1.0245,1.0198,1.0198,1.0198,1.0198,1.0200,1.0200,1.0200,1.0198,1.0198,1.0195,1.0183,1.0183,1.0198,1.0197,1.0189,1.0193,1.0193,1.0198,1.0198,1.0167,1.0154,1.0154,1.0180,1.0179,1.0153,1.0163,1.0163,1.0163,1.0196,1.0196,1.0196,0.9852,0.9853,1.0193,1.0195,1.0240,0.9761,0.9763,0.9931,0.9932
4.2226,1.0246,1.0245,1.0246,1.0245,1.0246,1.0245,1.0198,1.0198,1.0198,1.0198,1.0200,1.0200,1.0200,1.0198,1.0198,1.0195,1.0183,1.0183,1.0198,1.0197,1.0189,1.0193,1.0193,1.0198,1.0198,1.0167,1.0154,1.0154,1.0180,1.0179,1.0153,1.0163,1.0163,1.0163,1.0196,1.0196,1.0196,0.9852,0.9853,1.0193,1.0195,1.0240,0.9761,0.9763,0.9931,0.9932
4.2326,1.0246,1.0245,1.0246,1.0245,1.0246,1.0245,1.0198,1.0198,1.0198,1.0198,1.0200,1.0200,1.0200,1.0198,1.0198,1.0195,1.0183,1.0183,1.0198,1.0197,1.0189,1.0193,1.0193,1.0198,1.0198,1.0167,1.0154,1.0154,1.0180,1.0179,1.0153,1.0163,1.0163,1.0163,1.0196,1.0196,1.0196,0.9852,0.9853,1.0193,1.0195,1.0240,0.9761,0.9763,0.9931,0.9932
4.2426,1.0246,1.0245,1.0246,1.0245,1.0246,1.0245,1.0198,1.0198,1.0198,1.0198,1.0200,1.0200,1.0200,1.0198,1.0198,1.0195,1.0183,1.0183,1.0198,1.0197,1.0189,1.0193,1.0193,1.0198,1.0198,1.0167,1.0154,1.0154,1.0180,1.0179,1.0153,1.0163,1.0163,1.0163,1.0196,1.0196,1.0196,0.9852,0.9853,1.0193,1.0195,1.0241,0.9761,0.9763,0.9931,0.9933
4.2526,1.0246,1.0245,1.0246,1.0245,1.0246,1.0245,1.0198,1.0198,1.0199,1.0199,1.0200,1.0200,1.0200,1.0198,1.0198,1.0195,1.0183,1.0183,1.0198,1.0197,1.0189,1.0193,1.0193,1.0198,1.0198,1.0167,1.0154,1.0154,1.0180,1.0179,1.0154,1.0163,1.0163,1.0163,1.0196,1.0196,1.0196,0.9852,0.9853,1.0193,1.0195,1.0241,0.9761,0.9763,0.9931,0.9933
4.2626,1.0246,1.0245,1.0246,1.0245,1.0247,1.0245,1.0199,1.0199,1.0199,1.0199,1.0200,1.0200,1.0200,1.0199,1.0199,1.0195,1.0183,1.0183,1.0198,1.0197,1.0189,1.0193,1.0193,1.0198,1.0198,1.0167,1.0154,1.0154,1.0180,1.0179,1.0154,1.0163,1.0163,1.0163,1.0196,1.0196,1.0196,0.9852,0.9853,1.0194,1.0195,1.0241,0.9762,0.9763,0.9931,0.9933
4.2726,1.0246,1.0245,1.0246,1.0245,1.0247,1.0245,1.0199,1.0199,1.0199,1.0199,1.0200,1.0200,1.0200,1.0199,1.0199,1.0195,1.0183,1.0183,1.0198,1.0197,1.0189,1.0193,1.0193,1.0198,1.0198,1.0167,1.0154,1.0154,1.0180,1.0179,1.0154,1.0163,1.0163,1.0163,1.0196,1.0196,1.0196,0.9852,0.9853,1.0194,1.0195,1.0241,0.9762,0.9763,0.9931,0.9933
4.2826,1.0246,1.0245,1.0247,1.0245,1.0247,1.0245,1.0199,1.0199,1.0199,1.0199,1.0200,1.0200,1.0200,1.0199,1.0199,1.0195,1.0183,1.0183,1.0198,1.0197,1.0189,1.0193,1.0193,1.0198,1.0198,1.0167,1.0154,1.0154,1.0180,1.0179,1.0154,1.0163,1.0163,1.0163,1.0196,1.0196,1.0196,0.9852,0.9853,1.0194,1.0195,1.0241,0.9762,0.9763,0.9931,0.9933
4.2926,1.0246,1.0245,1.0247,1.0245,1.0247,1.0245,1.0199,1.0199,1.0199,1.0199,1.0200,1.0200,1.0200,1.0199,1.0199,1.0195,1.0183,1.0183,1.0198,1.0197,1.0189,1.0193,1.0193,1.0198,1.0198,1.0167,1.0154,1.0154,1.0180,1.0179,1.0154,1.0163,1.0163,1.0163,1.0196,1.0196,1.0197,0.9852,0.9853,1.0194,1.0195,1.0241,0.9762,0.9763,0.9931,0.9933
4.3026,1.0246,1.0245,1.0247,1.0245,1.0247,1.0245,1.0199,1.0199,1.0199,1.0199,1.0200,1.0200,1.0200,1.0199,1.0199,1.0196,1.0183,1.0183,1.0198,1.0197,1.0189,1.0193,1.0193,1.0198,1.0198,1.0167,1.0154,1.0154,1.0180,1.0179,1.0154,1.0163,1.0163,1.0163,1.0196,1.0196,1.0197,0.9852,0.9853,1.0194,1.0195,1.0241,0.9762,0.9763,0.9931,0.9933
4.3126,1.0246,1.0245,1.0247,1.0245,1.0247,1.0246,1.0199,1.0199,1.0199,1.0199,1.0200,1.0200,1.0200,1.0199,1.0199,1.0196,1.0183,1.0183,1.0198,1.0197,1.0189,1.0193,1.0193,1.0198,1.0198,1.0167,1.0154,1.0154,1.0180,1.0179,1.0154,1.0163,1.0163,1.0163,1.0196,1.0196,1.0197,0.9852,0.9853,1.0194,1.0195,1.0241,0.9762,0.9763,0.9932,0.9933
4.3226,1.0246,1.0245,1.0247,1.0245,1.0247,1.0246,1.0199,1.0199,1.0199,1.0199,1.0200,1.0200,1.0200,1.0199,1.0199,1.0196,1.0183,1.0183,1.0198,1.0197,1.0189,1.0193,1.0193,1.0198,1.0198,1.0167,1.0154,1.0154,1.0180,1.0179,1.0154,1.0163,1.0163,1.0163,1.0196,1.0196,1.0197,0.9852,0.9853,1.0194,1.0195,1.0241,0.9762,0.9763,0.9932,0.9933
4.3326,1.0246,1.0245,1.0247,1.0246,1.0247,1.0246,1.0199,1.0199,1.0199,1.0199,1.0200,1.0200,1.0200,1.0199,1.0199,1.0196,1.0183,1.0183,1.0198,1.0197,1.0189,1.0193,1.0193,1.0198,1.0198,1.0167,1.0154,1.0154,1.0180,1.0179,1.0154,1.0163,1.0163,1.0163,1.0196,1.0196,1.0197,0.9852,0.9853,1.0194,1.0195,1.0241,0.9762,0.9763,0.9932,0.9933
4.3426,1.0247,1.0245,1.0247,1.0246,1.0247,1.0246,1.0199,1.0199,1.0199,1.0199,1.0200,1.0200,1.0200,1.0199,1.0199,1.0196,1.0183,1.0183,1.0199,1.0198,1.0189,1.0193,1.0193,1.0198,1.0198,1.0167,1.0154,1.0154,1.0180,1.0179,1.0154,1.0163,1.0163,1.0163,1.0196,1.0196,1.0197,0.9852,0.9854,1.0194,1.0195,1.0241,0.9762,0.9763,0.9932,0.9933
4.3526,1.0247,1.0245,1.0247,1.0246,1.0247,1.0246,1.0199,1.0199,1.0199,1.0199,1.0200,1.0200,1.0200,1.0199,1.0199,1.0196,1.0183,1.0183,1.0199,1.0198,1.0189,1.0193,1.0193,1.0198,1.0198,1.0167,1.0154,1.0154,1.0180,1.0179,1.0154,1.0163,1.0163,1.0163,1.0196,1.0196,1.0197,0.9852,0.9854,1.0194,1.0195,1.0241,0.9762,0.9763,0.9932,0.9933
4.3626,1.0247,1.0245,1.0247,1.0246,1.0247,1.0246,1.0199,1.0199,1.0199,1.0199,1.0200,1.0200,1.0200,1.0199,1.0199,1.0196,1.0183,1.0183,1.0199,1.0198,1.0189,1.0193,1.0193,1.0198,1.0198,1.0167,1.0154,1.0154,1.0180,1.0179,1.0154,1.0163,1.0163,1.0163,1.0196,1.0196,1.0197,0.9852,0.9854,1.0194,1.0195,1.0241,0.9762,0.9763,0.9932,0.9933
4.3726,1.0247,1.0245,1.0247,1.0246,1.0247,1.0246,1.0199,1.0199,1.0199,1.0199,1.0200,1.0200,1.0200,1.0199,1.0199,1.0196,1.0183,1.0183,1.0199,1.0198,1.0189,1.0193,1.0193,1.0198,1.0198,1.0167,1.0155,1.0155,1.0180,1.0179,1.0154,1.0163,1.0163,1.0163,1.0196,1.0196,1.0197,0.9852,0.9854,1.0194,1.0195,1.0241,0.9762,0.9763,0.9932,0.9933
4.3826,1.0247,1.0245,1.0247,1.0246,1.0247,1.0246,1.0199,1.0199,1.0199,1.0199,1.0200,1.0200,1.0200,1.0199,1.0199,1.0196,1.0183,1.0183,1.0199,1.0198,1.0189,1.0193,1.0193,1.0199,1.0198,1.0167,1.0155,1.0155,1.0180,1.0179,1.0154,1.0164,1.0164,1.0164,1.0196,1.0196,1.0197,0.9852,0.9854,1.0194,1.0195,1.0241,0.9762,0.9763,0.9932,0.9933
4.3926,1.0247,1.0245,1.0247,1.0246,1.0247,1.0246,1.0199,1.0199,1.0199,1.0199,1.0200,1.0200,1.0200,1.0199,1.0199,1.0196,1.0183,1.0183,1.0199,1.0198,1.0189,1.0193,1.0193,1.0199,1.0199,1.0167,1.0155,1.0155,1.0180,1.0179,1.0154,1.0164,1.0164,1.0164,1.0196,1.0196,1.0197,0.9852,0.9854,1.0194,1.0195,1.0241,0.9762,0.9763,0.9932,0.9933
4.4026,1.0247,1.0245,1.0247,1.0246,1.0247,1.0246,1.0199,1.0199,1.0199,1.0199,1.0200,1.0200,1.0200,1.0199,1.0199,1.0196,1.0183,1.0183,1.0199,1.0198,1.0189,1.0193,1.0193,1.0199,1.0199,1.0167,1.0155,1.0155,1.0180,1.0179,1.0154,1.0164,1.0164,1.0164,1.0196,1.0196,1.0197,0.9852,0.9854,1.0194,1.0195,1.0241,0.9762,0.9763,0.9932,0.9933
4.4126,1.0247,1.0245,1.0247,1.0246,1.0247,1.0246,1.0199,1.0199,1.0199,1.0199,1.0200,1.0200,1.0200,1.0199,1.0199,1.0196,1.0183,1.0183,1.0199,1.0198,1.0189,1.0193,1.0193,1.0199,1.0199,1.0167,1.0155,1.0155,1.0180,1.0179,1.0154,1.0164,1.0164,1.0164,1.0197,1.0197,1.0197,0.9852,0.9854,1.0194,1.0195,1.0241,0.9762,0.9763,0.9932,0.9933
4.4226,1.0247,1.0245,1.0247,1.0246,1.0247,1.0246,1.0199,1.0199,1.0199,1.0199,1.0200,1.0200,1.0200,1.0199,1.0199,1.0196,1.0183,1.0183,1.0199,1.0198,1.0189,1.0193,1.0193,1.0199,1.0199,1.0167,1.0155,1.0155,1.0180,1.0179,1.0154,1.0164,1.0164,1.0164,1.0197,1.0197,1.0197,0.9852,0.9854,1.0194,1.0195,1.0241,0.9762,0.9763,0.9932,0.9933
4.4326,1.0247,1.0246,1.0247,1.0246,1.0247,1.0246,1.0199,1.0199,1.0199,1.0199,1.0200,1.0200,1.0200,1.0199,1.0199,1.0196,1.0183,1.0183,1.0199,1.0198,1.0189,1.0193,1.0193,1.0199,1.0199,1.0167,1.0155,1.0155,1.0180,1.0179,1.0154,1.0164,1.0164,1.0164,1.0197,1.0197,1.0197,0.9852,0.9854,1.0194,1.0195,1.0241,0.9762,0.9763,0.9932,0.9933
4.4426,1.0247,1.0246,1.0247,1.0246,1.0247,1.0246,1.0199,1.0199,1.0199,1.0199,1.0200,1.0200,1.0200,1.0199,1.0199,1.0196,1.0183,1.0183,1.0199,1.0198,1.0189,1.0193,1.0193,1.0199,1.0199,1.0167,1.0155,1.0155,1.0180,1.0179,1.0154,1.0164,1.0164,1.0164,1.0197,1.0197,1.0197,0.9852,0.9854,1.0194,1.0195,1.0241,0.9762,0.9763,0.9932,0.9933
4.4526,1.0247,1.0246,1.0247,1.0246,1.0247,1.0246,1.0199,1.0199,1.0199,1.0199,1.0200,1.0200,1.0200,1.0199,1.0199,1.0196,1.0183,1.0183,1.0199,1.0198,1.0189,1.0193,1.0193,1.0199,1.0199,1.0167,1.0155,1.0155,1.0180,1.0179,1.0154,1.0164,1.0164,1.0164,1.0197,1.0197,1.0197,0.9852,0.9854,1.0194,1.0195,1.0241,0.9762,0.9763,0.9932,0.9933
4.4626,1.0247,1.0246,1.0247,1.0246,1.0247,1.0246,1.0199,1.0199,1.0199,1.0199,1.0200,1.0200,1.0200,1.0199,1.0199,1.0196,1.0183,1.0183,1.0199,1.0198,1.0189,1.0193,1.0193,1.0199,1.0199,1.0167,1.0155,1.0155,1.0180,1.0179,1.0154,1.0164,1.0164,1.0164,1.0197,1.0197,1.0197,0.9852,0.9854,1.0194,1.0195,1.0241,0.9762,0.9763,0.9932,0.9933
4.4726,1.0247,1.0246,1.0247,1.0246,1.0247,1.0246,1.0199,1.0199,1.0199,1.0199,1.0200,1.0200,1.0200,1.0199,1.0199,1.0196,1.0183,1.0183,1.0199,1.0198,1.0189,1.0193,1.0193,1.0199,1.0199,1.0167,1.0155,1.0155,1.0180,1.0179,1.0154,1.0164,1.0164,1.0164,1.0197,1.0197,1.0197,0.9852,0.9854,1.0194,1.0195,1.0241,0.9762,0.9763,0.9932,0.9933
4.4826,1.0247,1.0246,1.0247,1.0246,1.0247,1.0246,1.0199,1.0199,1.0199,1.0199,1.0200,1.0200,1.0200,1.0199,1.0199,1.0196,1.0183,1.0183,1.0199,1.0198,1.0189,1.0193,1.0193,1.0199,1.0199,1.0167,1.0155,1.0155,1.0180,1.0179,1.0154,1.0164,1.0164,1.0164,1.0197,1.0197,1.0197,0.9853,0.9854,1.0194,1.0195,1.0241,0.9762,0.9763,0.9932,0.9933
4.4926,1.0247,1.0246,1.0247,1.0246,1.0247,1.0246,1.0199,1.0199,1.0199,1.0199,1.0200,1.0200,1.0200,1.0199,1.0199,1.0196,1.0183,1.0183,1.0199,1.0198,1.0189,1.0193,1.0193,1.0199,1.0199,1.0167,1.0155,1.0155,1.0180,1.0179,1.0154,1.0164,1.0164,1.0164,1.0197,1.0197,1.0197,0.9853,0.9854,1.0194,1.0195,1.0241,0.9762,0.9763,0.9932,0.9933
4.5026,1.0247,1.0246,1.0247,1.0246,1.0247,1.0246,1.0199,1.0199,1.0199,1.0199,1.0200,1.0200,1.0200,1.0199,1.0199,1.0196,1.0183,1.0183,1.0199,1.0198,1.0189,1.0193,1.0193,1.0199,1.0199,1.0167,1.0155,1.0155,1.0180,1.0179,1.0154,1.0164,1.0164,1.0164,1.0197,1.0197,1.0197,0.9853,0.9854,1.0194,1.0195,1.0241,0.9762,0.9763,0.9932,0.9933
4.5126,1.0247,1.0246,1.0247,1.0246,1.0247,1.0246,1.0199,1.0199,1.0199,1.0199,1.0200,1.0200,1.0200,1.0199,1.0199,1.0196,1.0183,1.0183,1.0199,1.0198,1.0189,1.0193,1.0193,1.0199,1.0199,1.0167,1.0155,1.0155,1.0180,1.0179,1.0154,1.0164,1.0164,1.0164,1.0197,1.0197,1.0197,0.9853,0.9854,1.0194,1.0195,1.0241,0.9762,0.9763,0.9932,0.9933
4.5226,1.0247,1.0246,1.0247,1.0246,1.0247,1.0246,1.0199,1.0199,1.0199,1.0199,1.0200,1.0200,1.0200,1.0199,1.0199,1.0196,1.0183,1.0183,1.0199,1.0198,1.0189,1.0193,1.0193,1.0199,1.0199,1.0167,1.0155,1.0155,1.0180,1.0179,1.0154,1.0164,1.0164,1.0164,1.0197,1.0197,1.0197,0.9853,0.9854,1.0194,1.0195,1.0241,0.9762,0.9763,0.9932,0.9933
4.5326,1.0247,1.0246,1.0247,1.0246,1.0247,1.0246,1.0199,1.0199,1.0199,1.0199,1.0200,1.0200,1.0200,1.0199,1.0199,1.0196,1.0183,1.0183,1.0199,1.0198,1.0189,1.0193,1.0193,1.0199,1.0199,1.0167,1.0155,1.0155,1.0180,1.0179,1.0154,1.0164,1.0164,1.0164,1.0197,1.0197,1.0197,0.9853,0.9854,1.0194,1.0195,1.0241,0.9762,0.9763,0.9932,0.9933
4.5426,1.0247,1.0246,1.0247,1.0246,1.0247,1.0246,1.0199,1.0199,1.0199,1.0199,1.0200,1.0200,1.0200,1.0199,1.0199,1.0196,1.0183,1.0183,1.0199,1.0198,1.0189,1.0193,1.0193,1.0199,1.0199,1.0167,1.0155,1.0155,1.0180,1.0179,1.0154,1.0164,1.0164,1.0164,1.0197,1.0197,1.0197,0.9853,0.9854,1.0194,1.0195,1.0241,0.9762,0.9763,0.9932,0.9933
4.5526,1.0247,1.0246,1.0247,1.0246,1.0247,1.0246,1.0199,1.0199,1.0199,1.0199,1.0200,1.0200,1.0200,1.0199,1.0199,1.0196,1.0183,1.0183,1.0199,1.0198,1.0189,1.0193,1.0193,1.0199,1.0199,1.0167,1.0155,1.0155,1.0180,1.0179,1.0154,1.0164,1.0164,1.0164,1.0197,1.0197,1.0197,0.9853,0.9854,1.0194,1.0195,1.0241,0.9762,0.9763,0.9932,0.9933
4.5626,1.0247,1.0246,1.0247,1.0246,1.0247,1.0246,1.0199,1.0199,1.0199,1.0199,1.0200,1.0200,1.0200,1.0199,1.0199,1.0196,1.0183,1.0183,1.0199,1.0198,1.0189,1.0193,1.0193,1.0199,1.0199,1.0167,1.0155,1.0155,1.0180,1.0179,1.0154,1.0164,1.0164,1.0164,1.0197,1.0197,1.0197,0.9853,0.9854,1.0194,1.0195,1.0241,0.9762,0.9763,0.9932,0.9933
4.5726,1.0247,1.0246,1.0247,1.0246,1.0247,1.0246,1.0199,1.0199,1.0199,1.0199,1.0200,1.0200,1.0200,1.0199,1.0199,1.0196,1.0183,1.0183,1.0199,1.0198,1.0189,1.0193,1.0193,1.0199,1.0199,1.0167,1.0155,1.0155,1.0180,1.0179,1.0154,1.0164,1.0164,1.0164,1.0197,1.0197,1.0197,0.9853,0.9854,1.0194,1.0195,1.0241,0.9762,0.9763,0.9932,0.9933
4.5826,1.0247,1.0246,1.0247,1.0246,1.0247,1.0246,1.0199,1.0199,1.0199,1.0199,1.0200,1.0200,1.0200,1.0199,1.0199,1.0196,1.0183,1.0183,1.0199,1.0198,1.0189,1.0193,1.0193,1.0199,1.0199,1.0167,1.0155,1.0155,1.0180,1.0179,1.0154,1.0164,1.0164,1.0164,1.0197,1.0197,1.0197,0.9853,0.9854,1.0194,1.0195,1.0241,0.9762,0.9763,0.9932,0.9933
4.5926,1.0247,1.0246,1.0247,1.0246,1.0247,1.0246,1.0199,1.0199,1.0199,1.0199,1.0200,1.0200,1.0200,1.0199,1.0199,1.0196,1.0183,1.0183,1.0199,1.0198,1.0189,1.0193,1.0193,1.0199,1.0199,1.0167,1.0155,1.0155,1.0180,1.0179,1.0154,1.0164,1.0164,1.0164,1.0197,1.0197,1.0197,0.9853,0.9854,1.0194,1.0195,1.0241,0.9762,0.9763,0.9932,0.9933
4.6026,1.0247,1.0246,1.0247,1.0246,1.0247,1.0246,1.0199,1.0199,1.0199,1.0199,1.0200,1.0200,1.0200,1.0199,1.0199,1.0196,1.0183,1.0183,1.0199,1.0198,1.0189,1.0193,1.0193,1.0199,1.0199,1.0167,1.0155,1.0155,1.0180,1.0179,1.0154,1.0164,1.0164,1.0164,1.0197,1.0197,1.0197,0.9853,0.9854,1.0194,1.0195,1.0241,0.9762,0.9763,0.9932,0.9933
4.6126,1.0247,1.0246,1.0247,1.0246,1.0247,1.0246,1.0199,1.0199,1.0199,1.0199,1.0200,1.0200,1.0200,1.0199,1.0199,1.0196,1.0183,1.0183,1.0199,1.0198,1.0189,1.0193,1.0193,1.0199,1.0199,1.0167,1.0155,1.0155,1.0180,1.0179,1.0154,1.0164,1.0164,1.0164,1.0197,1.0197,1.0197,0.9853,0.9854,1.0194,1.0195,1.0241,0.9762,0.9763,0.9932,0.9933
4.6226,1.0247,1.0246,1.0247,1.0246,1.0247,1.0246,1.0199,1.0199,1.0199,1.0199,1.0200,1.0200,1.0200,1.0199,1.0199,1.0196,1.0183,1.0183,1.0199,1.0198,1.0189,1.0193,1.0193,1.0199,1.0199,1.0167,1.0155,1.0155,1.0180,1.0179,1.0154,1.0164,1.0164,1.0164,1.0197,1.0197,1.0197,0.9853,0.9854,1.0194,1.0195,1.0241,0.9762,0.9763,0.9932,0.9933
4.6326,1.0247,1.0246,1.0247,1.0246,1.0247,1.0246,1.0199,1.0199,1.0199,1.0199,1.0200,1.0200,1.0200,1.0199,1.0199,1.0196,1.0183,1.0183,1.0199,1.0198,1.0189,1.0193,1.0193,1.0199,1.0199,1.0167,1.0155,1.0155,1.0180,1.0179,1.0154,1.0164,1.0164,1.0164,1.0197,1.0197,1.0197,0.9853,0.9854,1.0194,1.0195,1.0241,0.9762,0.9763,0.9932,0.9933
4.6426,1.0247,1.0246,1.0247,1.0246,1.0247,1.0246,1.0199,1.0199,1.0199,1.0199,1.0200,1.0200,1.0200,1.0199,1.0199,1.0196,1.0183,1.0183,1.0199,1.0198,1.0189,1.0193,1.0193,1.0199,1.0199,1.0167,1.0155,1.0155,1.0180,1.0179,1.0154,1.0164,1.0164,1.0164,1.0197,1.0197,1.0197,0.9853,0.9854,1.0194,1.0195,1.0241,0.9762,0.9763,0.9932,0.9933
4.6526,1.0247,1.0246,1.0247,1.0246,1.0247,1.0246,1.0199,1.0199,1.0199,1.0199,1.0200,1.0200,1.0200,1.0199,1.0199,1.0196,1.0183,1.0183,1.0199,1.0198,1.0189,1.0193,1.0193,1.0199,1.0199,1.0167,1.0155,1.0155,1.0180,1.0179,1.0154,1.0164,1.0164,1.0164,1.0197,1.0197,1.0197,0.9853,0.9854,1.0194,1.0195,1.0241,0.9762,0.9763,0.9932,0.9933
4.6626,1.0247,1.0246,1.0247,1.0246,1.0247,1.0246,1.0199,1.0199,1.0199,1.0199,1.0201,1.0201,1.0201,1.0199,1.0199,1.0196,1.0183,1.0183,1.0199,1.0198,1.0189,1.0193,1.0193,1.0199,1.0199,1.0167,1.0155,1.0155,1.0180,1.0179,1.0154,1.0164,1.0164,1.0164,1.0197,1.0197,1.0197,0.9853,0.9854,1.0194,1.0195,1.0241,0.9762,0.9764,0.9932,0.9933
4.6726,1.0247,1.0246,1.0247,1.0246,1.0247,1.0246,1.0199,1.0199,1.0199,1.0199,1.0201,1.0201,1.0201,1.0199,1.0199,1.0196,1.0183,1.0183,1.0199,1.0198,1.0189,1.0193,1.0193,1.0199,1.0199,1.0167,1.0155,1.0155,1.0180,1.0179,1.0154,1.0164,1.0164,1.0164,1.0197,1.0197,1.0197,0.9853,0.9854,1.0194,1.0195,1.0241,0.9762,0.9764,0.9932,0.9933
4.6826,1.0247,1.0246,1.0247,1.0246,1.0247,1.0246,1.0199,1.0199,1.0199,1.0199,1.0201,1.0201,1.0201,1.0199,1.0199,1.0196,1.0183,1.0183,1.0199,1.0198,1.0189,1.0193,1.0193,1.0199,1.0199,1.0167,1.0155,1.0155,1.0180,1.0179,1.0154,1.0164,1.0164,1.0164,1.0197,1.0197,1.0197,0.9853,0.9854,1.0194,1.0195,1.0241,0.9762,0.9764,0.9932,0.9933
4.6926,1.0247,1.0246,1.0247,1.0246,1.0247,1.0246,1.0199,1.0199,1.0199,1.0199,1.0201,1.0201,1.0201,1.0199,1.0199,1.0196,1.0183,1.0183,1.0199,1.0198,1.0189,1.0193,1.0193,1.0199,1.0199,1.0167,1.0155,1.0155,1.0180,1.0179,1.0154,1.0164,1.0164,1.0164,1.0197,1.0197,1.0197,0.9853,0.9854,1.0194,1.0195,1.0241,0.9762,0.9764,0.9932,0.9933
4.7026,1.0247,1.0246,1.0247,1.0246,1.0247,1.0246,1.0199,1.0199,1.0199,1.0199,1.0201,1.0201,1.0201,1.0199,1.0199,1.0196,1.0183,1.0183,1.0199,1.0198,1.0189,1.0193,1.0193,1.0199,1.0199,1.0167,1.0155,1.0155,1.0180,1.0179,1.0154,1.0164,1.0164,1.0164,1.0197,1.0197,1.0197,0.9853,0.9854,1.0194,1.0195,1.0241,0.9762,0.9764,0.9932,0.9933
4.7126,1.0247,1.0246,1.0247,1.0246,1.0247,1.0246,1.0199,1.0199,1.0199,1.0199,1.0201,1.0201,1.0201,1.0199,1.0199,1.0196,1.0183,1.0183,1.0199,1.0198,1.0189,1.0193,1.0193,1.0199,1.0199,1.0167,1.0155,1.0155,1.0180,1.0179,1.0154,1.0164,1.0164,1.0164,1.0197,1.0197,1.0197,0.9853,0.9854,1.0194,1.0195,1.0241,0.9762,0.9764,0.9932,0.9933
4.7226,1.0247,1.0246,1.0247,1.0246,1.0247,1.0246,1.0199,1.0199,1.0199,1.0199,1.0201,1.0201,1.0201,1.0199,1.0199,1.0196,1.0183,1.0183,1.0199,1.0198,1.0189,1.0193,1.0193,1.0199,1.0199,1.0167,1.0155,1.0155,1.0180,1.0179,1.0154,1.0164,1.0164,1.0164,1.0197,1.0197,1.0197,0.9853,0.9854,1.0194,1.0195,1.0241,0.9762,0.9764,0.9932,0.9933
4.7326,1.0247,1.0246,1.0247,1.0246,1.0247,1.0246,1.0199,1.0199,1.0199,1.0199,1.0201,1.0201,1.0201,1.0199,1.0199,1.0196,1.0183,1.0183,1.0199,1.0198,1.0189,1.0193,1.0193,1.0199,1.0199,1.0167,1.0155,1.0155,1.0180,1.0179,1.0154,1.0164,1.0164,1.0164,1.0197,1.0197,1.0197,0.9853,0.9854,1.0194,1.0195,1.0241,0.9762,0.9764,0.9932,0.9933
4.7426,1.0247,1.0246,1.0247,1.0246,1.0247,1.0246,1.0199,1.0199,1.0199,1.0199,1.0201,1.0201,1.0201,1.0199,1.0199,1.0196,1.0183,1.0183,1.0199,1.0198,1.0189,1.0193,1.0193,1.0199,1.0199,1.0167,1.0155,1.0155,1.0180,1.0179,1.0154,1.0164,1.0164,1.0164,1.0197,1.0197,1.0197,0.9853,0.9854,1.0194,1.0195,1.0241,0.9762,0.9764,0.9932,0.9933
4.7526,1.0247,1.0246,1.0247,1.0246,1.0247,1.0246,1.0199,1.0199,1.0199,1.0199,1.0201,1.0201,1.0201,1.0199,1.0199,1.0196,1.0184,1.0184,1.0199,1.0198,1.0190,1.0193,1.0193,1.0199,1.0199,1.0167,1.0155,1.0155,1.0180,1.0179,1.0154,1.0164,1.0164,1.0164,1.0197,1.0197,1.0197,0.9853,0.9854,1.0194,1.0195,1.0241,0.9762,0.9764,0.9932,0.9933
4.7626,1.0247,1.0246,1.0247,1.0246,1.0247,1.0246,1.0199,1.0199,1.0199,1.0199,1.0201,1.0201,1.0201,1.0199,1.0199,1.0196,1.0184,1.0184,1.0199,1.0198,1.0190,1.0194,1.0194,1.0199,1.0199,1.0167,1.0155,1.0155,1.0180,1.0179,1.0154,1.0164,1.0164,1.0164,1.0197,1.0197,1.0197,0.9853,0.9854,1.0194,1.0196,1.0241,0.9762,0.9764,0.9932,0.9933
4.7726,1.0247,1.0246,1.0247,1.0246,1.0247,1.0246,1.0199,1.0199,1.0199,1.0199,1.0201,1.0201,1.0201,1.0199,1.0199,1.0196,1.0184,1.0184,1.0199,1.0198,1.0190,1.0194,1.0194,1.0199,1.0199,1.0167,1.0155,1.0155,1.0181,1.0180,1.0154,1.0164,1.0164,1.0164,1.0197,1.0197,1.0197,0.9853,0.9854,1.0194,1.0196,1.0241,0.9762,0.9764,0.9932,0.9933
4.7826,1.0247,1.0246,1.0247,1.0246,1.0247,1.0246,1.0199,1.0199,1.0199,1.0199,1.0201,1.0201,1.0201,1.0199,1.0199,1.0196,1.0184,1.0184,1.0199,1.0198,1.0190,1.0194,1.0194,1.0199,1.0199,1.0167,1.0155,1.0155,1.0181,1.0180,1.0154,1.0164,1.0164,1.0164,1.0197,1.0197,1.0197,0.9853,0.9854,1.0194,1.0196,1.0241,0.9762,0.9764,0.9932,0.9933
4.7926,1.0247,1.0246,1.0247,1.0246,1.0247,1.0246,1.0199,1.0199,1.0199,1.0199,1.0201,1.0201,1.0201,1.0199,1.0199,1.0196,1.0184,1.0184,1.0199,1.0198,1.0190,1.0194,1.0194,1.0199,1.0199,1.0167,1.0155,1.0155,1.0181,1.0180,1.0154,1.0164,1.0164,1.0164,1.0197,1.0197,1.0197,0.9853,0.9854,1.0194,1.0196,1.0241,0.9762,0.9764,0.9932,0.9933
4.8026,1.0247,1.0246,1.0247,1.0246,1.0247,1.0246,1.0199,1.0199,1.0199,1.0199,1.0201,1.0201,1.0201,1.0199,1.0199,1.0196,1.0184,1.0184,1.0199,1.0198,1.0190,1.0194,1.0194,1.0199,1.0199,1.0167,1.0155,1.0155,1.0181,1.0180,1.0154,1.0164,1.0164,1.0164,1.0197,1.0197,1.0197,0.9853,0.9854,1.0194,1.0196,1.0241,0.9762,0.9764,0.9932,0.9933
4.8126,1.0247,1.0246,1.0247,1.0246,1.0247,1.0246,1.0199,1.0199,1.0199,1.0199,1.0201,1.0201,1.0201,1.0199,1.0199,1.0196,1.0184,1.0184,1.0199,1.0198,1.0190,1.0194,1.0194,1.0199,1.0199,1.0167,1.0155,1.0155,1.0181,1.0180,1.0154,1.0164,1.0164,1.0164,1.0197,1.0197,1.0197,0.9853,0.9854,1.0194,1.0196,1.0241,0.9762,0.9764,0.9932,0.9934
4.8226,1.0247,1.0246,1.0247,1.0246,1.0247,1.0246,1.0199,1.0199,1.0199,1.0199,1.0201,1.0201,1.0201,1.0199,1.0199,1.0196,1.0184,1.0184,1.0199,1.0198,1.0190,1.0194,1.0194,1.0199,1.0199,1.0167,1.0155,1.0155,1.0181,1.0180,1.0154,1.0164,1.0164,1.0164,1.0197,1.0197,1.0197,0.9853,0.9854,1.0194,1.0196,1.0241,0.9762,0.9764,0.9932,0.9934
4.8326,1.0247,1.0246,1.0247,1.0246,1.0247,1.0246,1.0199,1.0199,1.0199,1.0199,1.0201,1.0201,1.0201,1.0199,1.0199,1.0196,1.0184,1.0184,1.0199,1.0198,1.0190,1.0194,1.0194,1.0199,1.0199,1.0167,1.0155,1.0155,1.0181,1.0180,1.0154,1.0164,1.0164,1.0164,1.0197,1.0197,1.0197,0.9853,0.9854,1.0194,1.0196,1.0241,0.9762,0.9764,0.9932,0.9934
4.8426,1.0247,1.0246,1.0247,1.0246,1.0247,1.0246,1.0199,1.0199,1.0199,1.0199,1.0201,1.0201,1.0201,1.0199,1.0199,1.0196,1.0184,1.0184,1.0199,1.0198,1.0190,1.0194,1.0194,1.0199,1.0199,1.0167,1.0155,1.0155,1.0181,1.0180,1.0154,1.0164,1.0164,1.0164,1.0197,1.0197,1.0197,0.9853,0.9854,1.0194,1.0196,1.0241,0.9762,0.9764,0.9932,0.9934
4.8526,1.0247,1.0246,1.0247,1.0246,1.0247,1.0246,1.0199,1.0199,1.0199,1.0199,1.0201,1.0201,1.0201,1.0199,1.0199,1.0196,1.0184,1.0184,1.0199,1.0198,1.0190,1.0194,1.0194,1.0199,1.0199,1.0167,1.0155,1.0155,1.0181,1.0180,1.0154,1.0164,1.0164,1.0164,1.0197,1.0197,1.0197,0.9853,0.9854,1.0194,1.0196,1.0241,0.9763,0.9764,0.9932,0.9934
4.8626,1.0247,1.0246,1.0247,1.0246,1.0247,1.0246,1.0199,1.0199,1.0199,1.0199,1.0201,1.0201,1.0201,1.0199,1.0199,1.0196,1.0184,1.0184,1.0199,1.0198,1.0190,1.0194,1.0194,1.0199,1.0199,1.0167,1.0155,1.0155,1.0181,1.0180,1.0154,1.0164,1.0164,1.0164,1.0197,1.0197,1.0197,0.9853,0.9854,1.0194,1.0196,1.0241,0.9763,0.9764,0.9932,0.9934
4.8726,1.0247,1.0246,1.0247,1.0246,1.0247,1.0246,1.0199,1.0199,1.0199,1.0199,1.0201,1.0201,1.0201,1.0199,1.0199,1.0196,1.0184,1.0184,1.0199,1.0198,1.0190,1.0194,1.0194,1.0199,1.0199,1.0167,1.0155,1.0155,1.0181,1.0180,1.0154,1.0164,1.0164,1.0164,1.0197,1.0197,1.0197,0.9853,0.9854,1.0194,1.0196,1.0241,0.9763,0.9764,0.9932,0.9934
4.8826,1.0247,1.0246,1.0247,1.0246,1.0247,1.0246,1.0199,1.0199,1.0199,1.0199,1.0201,1.0201,1.0201,1.0199,1.0199,1.0196,1.0184,1.0184,1.0199,1.0198,1.0190,1.0194,1.0194,1.0199,1.0199,1.0167,1.0155,1.0155,1.0181,1.0180,1.0154,1.0164,1.0164,1.0164,1.0197,1.0197,1.0197,0.9853,0.9854,1.0194,1.0196,1.0242,0.9763,0.9764,0.9932,0.9934
4.8926,1.0247,1.0246,1.0247,1.0246,1.0247,1.0246,1.0199,1.0199,1.0199,1.0199,1.0201,1.0201,1.0201,1.0199,1.0199,1.0196,1.0184,1.0184,1.0199,1.0198,1.0190,1.0194,1.0194,1.0199,1.0199,1.0167,1.0155,1.0155,1.0181,1.0180,1.0154,1.0164,1.0164,1.0164,1.0197,1.0197,1.0197,0.9853,0.9854,1.0194,1.0196,1.0242,0.9763,0.9764,0.9932,0.9934
4.9026,1.0247,1.0246,1.0247,1.0246,1.0247,1.0246,1.0199,1.0199,1.0199,1.0199,1.0201,1.0201,1.0201,1.0199,1.0199,1.0196,1.0184,1.0184,1.0199,1.0198,1.0190,1.0194,1.0194,1.0199,1.0199,1.0167,1.0155,1.0155,1.0181,1.0180,1.0154,1.0164,1.0164,1.0164,1.0197,1.0197,1.0197,0.9853,0.9854,1.0194,1.0196,1.0242,0.9763,0.9764,0.9932,0.9934
4.9126,1.0247,1.0246,1.0247,1.0246,1.0247,1.0246,1.0199,1.0199,1.0199,1.0199,1.0201,1.0201,1.0201,1.0199,1.0199,1.0196,1.0184,1.0184,1.0199,1.0198,1.0190,1.0194,1.0194,1.0199,1.0199,1.0167,1.0155,1.0155,1.0181,1.0180,1.0154,1.0164,1.0164,1.0164,1.0197,1.0197,1.0197,0.9853,0.9854,1.0194,1.0196,1.0242,0.9763,0.9764,0.9932,0.9934
4.9226,1.0247,1.0246,1.0247,1.0246,1.0247,1.0246,1.0199,1.0199,1.0199,1.0199,1.0201,1.0201,1.0201,1.0199,1.0199,1.0196,1.0184,1.0184,1.0199,1.0198,1.0190,1.0194,1.0194,1.0199,1.0199,1.0167,1.0155,1.0155,1.0181,1.0180,1.0154,1.0164,1.0164,1.0164,1.0197,1.0197,1.0197,0.9853,0.9854,1.0194,1.0196,1.0242,0.9763,0.9764,0.9932,0.9934
4.9326,1.0247,1.0246,1.0247,1.0246,1.0247,1.0246,1.0199,1.0199,1.0200,1.0200,1.0201,1.0201,1.0201,1.0199,1.0199,1.0196,1.0184,1.0184,1.0199,1.0198,1.0190,1.0194,1.0194,1.0199,1.0199,1.0167,1.0155,1.0155,1.0181,1.0180,1.0154,1.0164,1.0164,1.0164,1.0197,1.0197,1.0197,0.9853,0.9854,1.0194,1.0196,1.0242,0.9763,0.9764,0.9932,0.9934
4.9426,1.0247,1.0246,1.0247,1.0246,1.0247,1.0246,1.0199,1.0199,1.0200,1.0200,1.0201,1.0201,1.0201,1.0199,1.0199,1.0196,1.0184,1.0184,1.0199,1.0198,1.0190,1.0194,1.0194,1.0199,1.0199,1.0167,1.0155,1.0155,1.0181,1.0180,1.0154,1.0164,1.0164,1.0164,1.0197,1.0197,1.0197,0.9853,0.9854,1.0194,1.0196,1.0242,0.9763,0.9764,0.9932,0.9934
4.9526,1.0247,1.0246,1.0247,1.0246,1.0248,1.0246,1.0200,1.0199,1.0200,1.0200,1.0201,1.0201,1.0201,1.0199,1.0199,1.0196,1.0184,1.0184,1.0199,1.0198,1.0190,1.0194,1.0194,1.0199,1.0199,1.0167,1.0155,1.0155,1.0181,1.0180,1.0154,1.0164,1.0164,1.0164,1.0197,1.0197,1.0197,0.9853,0.9854,1.0194,1.0196,1.0242,0.9763,0.9764,0.9932,0.9934
4.9626,1.0247,1.0246,1.0247,1.0246,1.0248,1.0246,1.0200,1.0200,1.0200,1.0200,1.0201,1.0201,1.0201,1.0200,1.0200,1.0196,1.0184,1.0184,1.0199,1.0198,1.0190,1.0194,1.0194,1.0199,1.0199,1.0167,1.0155,1.0155,1.0181,1.0180,1.0154,1.0164,1.0164,1.0164,1.0197,1.0197,1.0197,0.9853,0.9854,1.0195,1.0196,1.0242,0.9763,0.9764,0.9932,0.9934
4.9726,1.0247,1.0246,1.0247,1.0246,1.0248,1.0246,1.0200,1.0200,1.0200,1.0200,1.0201,1.0201,1.0201,1.0200,1.0200,1.0196,1.0184,1.0184,1.0199,1.0198,1.0190,1.0194,1.0194,1.0199,1.0199,1.0167,1.0155,1.0155,1.0181,1.0180,1.0154,1.0164,1.0164,1.0164,1.0197,1.0197,1.0197,0.9853,0.9854,1.0195,1.0196,1.0242,0.9763,0.9764,0.9932,0.9934
4.9826,1.0247,1.0246,1.0247,1.0246,1.0248,1.0246,1.0200,1.0200,1.0200,1.0200,1.0201,1.0201,1.0201,1.0200,1.0200,1.0196,1.0184,1.0184,1.0199,1.0198,1.0190,1.0194,1.0194,1.0199,1.0199,1.0167,1.0155,1.0155,1.0181,1.0180,1.0154,1.0164,1.0164,1.0164,1.0197,1.0197,1.0197,0.9853,0.9854,1.0195,1.0196,1.0242,0.9763,0.9764,0.9932,0.9934
4.9926,1.0247,1.0246,1.0247,1.0246,1.0248,1.0246,1.0200,1.0200,1.0200,1.0200,1.0201,1.0201,1.0201,1.0200,1.0200,1.0196,1.0184,1.0184,1.0199,1.0198,1.0190,1.0194,1.0194,1.0199,1.0199,1.0168,1.0155,1.0155,1.0181,1.0180,1.0154,1.0164,1.0164,1.0164,1.0197,1.0197,1.0197,0.9853,0.9854,1.0195,1.0196,1.0242,0.9763,0.9764,0.9932,0.9934
5.0026,1.0247,1.0246,1.0248,1.0246,1.0248,1.0246,1.0200,1.0200,1.0200,1.0200,1.0201,1.0201,1.0201,1.0200,1.0200,1.0196,1.0184,1.0184,1.0199,1.0198,1.0190,1.0194,1.0194,1.0199,1.0199,1.0168,1.0155,1.0155,1.0181,1.0180,1.0154,1.0164,1.0164,1.0164,1.0197,1.0197,1.0197,0.9853,0.9854,1.0195,1.0196,1.0242,0.9763,0.9764,0.9933,0.9934
5.0126,1.0247,1.0246,1.0248,1.0246,1.0248,1.0246,1.0200,1.0200,1.0200,1.0200,1.0201,1.0201,1.0201,1.0200,1.0200,1.0196,1.0184,1.0184,1.0199,1.0198,1.0190,1.0194,1.0194,1.0199,1.0199,1.0168,1.0155,1.0155,1.0181,1.0180,1.0154,1.0164,1.0164,1.0164,1.0197,1.0197,1.0197,0.9853,0.9854,1.0195,1.0196,1.0242,0.9763,0.9764,0.9933,0.9934
5.0226,1.0247,1.0246,1.0248,1.0246,1.0248,1.0246,1.0200,1.0200,1.0200,1.0200,1.0201,1.0201,1.0201,1.0200,1.0200,1.0196,1.0184,1.0184,1.0199,1.0198,1.0190,1.0194,1.0194,1.0199,1.0199,1.0168,1.0155,1.0155,1.0181,1.0180,1.0154,1.0164,1.0164,1.0164,1.0197,1.0197,1.0197,0.9853,0.9854,1.0195,1.0196,1.0242,0.9763,0.9764,0.9933,0.9934
5.0326,1.0247,1.0246,1.0248,1.0246,1.0248,1.0246,1.0200,1.0200,1.0200,1.0200,1.0201,1.0201,1.0201,1.0200,1.0200,1.0196,1.0184,1.0184,1.0199,1.0198,1.0190,1.0194,1.0194,1.0199,1.0199,1.0168,1.0155,1.0155,1.0181,1.0180,1.0154,1.0164,1.0164,1.0164,1.0197,1.0197,1.0197,0.9853,0.9854,1.0195,1.0196,1.0242,0.9763,0.9764,0.9933,0.9934
5.0426,1.0247,1.0246,1.0248,1.0246,1.0248,1.0246,1.0200,1.0200,1.0200,1.0200,1.0201,1.0201,1.0201,1.0200,1.0200,1.0196,1.0184,1.0184,1.0199,1.0198,1.0190,1.0194,1.0194,1.0199,1.0199,1.0168,1.0155,1.0155,1.0181,1.0180,1.0154,1.0164,1.0164,1.0164,1.0197,1.0197,1.0197,0.9853,0.9854,1.0195,1.0196,1.0242,0.9763,0.9764,0.9933,0.9934
5.0526,1.0247,1.0246,1.0248,1.0246,1.0248,1.0246,1.0200,1.0200,1.0200,1.0200,1.0201,1.0201,1.0201,1.0200,1.0200,1.0196,1.0184,1.0184,1.0199,1.0198,1.0190,1.0194,1.0194,1.0199,1.0199,1.0168,1.0155,1.0155,1.0181,1.0180,1.0154,1.0164,1.0164,1.0164,1.0197,1.0197,1.0197,0.9853,0.9854,1.0195,1.0196,1.0242,0.9763,0.9764,0.9933,0.9934
5.0626,1.0247,1.0246,1.0248,1.0246,1.0248,1.0246,1.0200,1.0200,1.0200,1.0200,1.0201,1.0201,1.0201,1.0200,1.0200,1.0196,1.0184,1.0184,1.0199,1.0198,1.0190,1.0194,1.0194,1.0199,1.0199,1.0168,1.0155,1.0155,1.0181,1.0180,1.0154,1.0164,1.0164,1.0164,1.0197,1.0197,1.0198,0.9853,0.9854,1.0195,1.0196,1.0242,0.9763,0.9764,0.9933,0.9934
5.0726,1.0247,1.0246,1.0248,1.0246,1.0248,1.0246,1.0200,1.0200,1.0200,1.0200,1.0201,1.0201,1.0201,1.0200,1.0200,1.0196,1.0184,1.0184,1.0199,1.0198,1.0190,1.0194,1.0194,1.0199,1.0199,1.0168,1.0155,1.0155,1.0181,1.0180,1.0154,1.0164,1.0164,1.0164,1.0197,1.0197,1.0198,0.9853,0.9854,1.0195,1.0196,1.0242,0.9763,0.9764,0.9933,0.9934
5.0826,1.0247,1.0246,1.0248,1.0246,1.0248,1.0246,1.0200,1.0200,1.0200,1.0200,1.0201,1.0201,1.0201,1.0200,1.0200,1.0196,1.0184,1.0184,1.0199,1.0198,1.0190,1.0194,1.0194,1.0199,1.0199,1.0168,1.0155,1.0155,1.0181,1.0180,1.0154,1.0164,1.0164,1.0164,1.0197,1.0197,1.0198,0.9853,0.9854,1.0195,1.0196,1.0242,0.9763,0.9764,0.9933,0.9934
5.0926,1.0247,1.0246,1.0248,1.0246,1.0248,1.0246,1.0200,1.0200,1.0200,1.0200,1.0201,1.0201,1.0201,1.0200,1.0200,1.0196,1.0184,1.0184,1.0199,1.0198,1.0190,1.0194,1.0194,1.0199,1.0199,1.0168,1.0155,1.0155,1.0181,1.0180,1.0154,1.0164,1.0164,1.0164,1.0197,1.0197,1.0198,0.9853,0.9854,1.0195,1.0196,1.0242,0.9763,0.9764,0.9933,0.9934
5.1026,1.0247,1.0246,1.0248,1.0246,1.0248,1.0246,1.0200,1.0200,1.0200,1.0200,1.0201,1.0201,1.0201,1.0200,1.0200,1.0196,1.0184,1.0184,1.0199,1.0198,1.0190,1.0194,1.0194,1.0199,1.0199,1.0168,1.0155,1.0155,1.0181,1.0180,1.0154,1.0164,1.0164,1.0164,1.0197,1.0197,1.0198,0.9853,0.9854,1.0195,1.0196,1.0242,0.9763,0.9764,0.9933,0.9934
5.1126,1.0247,1.0246,1.0248,1.0246,1.0248,1.0246,1.0200,1.0200,1.0200,1.0200,1.0201,1.0201,1.0201,1.0200,1.0200,1.0197,1.0184,1.0184,1.0199,1.0198,1.0190,1.0194,1.0194,1.0199,1.0199,1.0168,1.0155,1.0155,1.0181,1.0180,1.0154,1.0164,1.0164,1.0164,1.0197,1.0197,1.0198,0.9853,0.9855,1.0195,1.0196,1.0242,0.9763,0.9764,0.9933,0.9934
5.1226,1.0247,1.0246,1.0248,1.0246,1.0248,1.0246,1.0200,1.0200,1.0200,1.0200,1.0201,1.0201,1.0201,1.0200,1.0200,1.0197,1.0184,1.0184,1.0199,1.0198,1.0190,1.0194,1.0194,1.0199,1.0199,1.0168,1.0155,1.0155,1.0181,1.0180,1.0154,1.0164,1.0164,1.0164,1.0197,1.0197,1.0198,0.9853,0.9855,1.0195,1.0196,1.0242,0.9763,0.9764,0.9933,0.9934
5.1326,1.0247,1.0246,1.0248,1.0246,1.0248,1.0246,1.0200,1.0200,1.0200,1.0200,1.0201,1.0201,1.0201,1.0200,1.0200,1.0197,1.0184,1.0184,1.0199,1.0198,1.0190,1.0194,1.0194,1.0199,1.0199,1.0168,1.0155,1.0155,1.0181,1.0180,1.0154,1.0164,1.0164,1.0164,1.0197,1.0197,1.0198,0.9853,0.9855,1.0195,1.0196,1.0242,0.9763,0.9764,0.9933,0.9934
5.1426,1.0247,1.0246,1.0248,1.0246,1.0248,1.0246,1.0200,1.0200,1.0200,1.0200,1.0201,1.0201,1.0201,1.0200,1.0200,1.0197,1.0184,1.0184,1.0199,1.0198,1.0190,1.0194,1.0194,1.0199,1.0199,1.0168,1.0155,1.0155,1.0181,1.0180,1.0154,1.0164,1.0164,1.0164,1.0197,1.0197,1.0198,0.9853,0.9855,1.0195,1.0196,1.0242,0.9763,0.9764,0.9933,0.9934
5.1526,1.0247,1.0246,1.0248,1.0246,1.0248,1.0246,1.0200,1.0200,1.0200,1.0200,1.0201,1.0201,1.0201,1.0200,1.0200,1.0197,1.0184,1.0184,1.0199,1.0198,1.0190,1.0194,1.0194,1.0199,1.0199,1.0168,1.0155,1.0155,1.0181,1.0180,1.0154,1.0164,1.0164,1.0164,1.0197,1.0197,1.0198,0.9853,0.9855,1.0195,1.0196,1.0242,0.9763,0.9764,0.9933,0.9934
5.1626,1.0247,1.0246,1.0248,1.0246,1.0248,1.0246,1.0200,1.0200,1.0200,1.0200,1.0201,1.0201,1.0201,1.0200,1.0200,1.0197,1.0184,1.0184,1.0199,1.0198,1.0190,1.0194,1.0194,1.0199,1.0199,1.0168,1.0155,1.0155,1.0181,1.0180,1.0154,1.0164,1.0164,1.0164,1.0197,1.0197,1.0198,0.9853,0.9855,1.0195,1.0196,1.0242,0.9763,0.9764,0.9933,0.9934
5.1726,1.0247,1.0246,1.0248,1.0246,1.0248,1.0246,1.0200,1.0200,1.0200,1.0200,1.0201,1.0201,1.0201,1.0200,1.0200,1.0197,1.0184,1.0184,1.0199,1.0198,1.0190,1.0194,1.0194,1.0199,1.0199,1.0168,1.0155,1.0155,1.0181,1.0180,1.0154,1.0164,1.0164,1.0164,1.0197,1.0197,1.0198,0.9853,0.9855,1.0195,1.0196,1.0242,0.9763,0.9764,0.9933,0.9934
5.1826,1.0247,1.0246,1.0248,1.0246,1.0248,1.0246,1.0200,1.0200,1.0200,1.0200,1.0201,1.0201,1.0201,1.0200,1.0200,1.0197,1.0184,1.0184,1.0199,1.0198,1.0190,1.0194,1.0194,1.0199,1.0199,1.0168,1.0155,1.0155,1.0181,1.0180,1.0154,1.0164,1.0164,1.0164,1.0197,1.0197,1.0198,0.9853,0.9855,1.0195,1.0196,1.0242,0.9763,0.9764,0.9933,0.9934
5.1926,1.0247,1.0246,1.0248,1.0246,1.0248,1.0246,1.0200,1.0200,1.0200,1.0200,1.0201,1.0201,1.0201,1.0200,1.0200,1.0197,1.0184,1.0184,1.0199,1.0198,1.0190,1.0194,1.0194,1.0199,1.0199,1.0168,1.0155,1.0155,1.0181,1.0180,1.0154,1.0164,1.0164,1.0164,1.0197,1.0197,1.0198,0.9853,0.9855,1.0195,1.0196,1.0242,0.9763,0.9764,0.9933,0.9934
5.2026,1.0247,1.0246,1.0248,1.0246,1.0248,1.0246,1.0200,1.0200,1.0200,1.0200,1.0201,1.0201,1.0201,1.0200,1.0200,1.0197,1.0184,1.0184,1.0199,1.0198,1.0190,1.0194,1.0194,1.0199,1.0199,1.0168,1.0155,1.0155,1.0181,1.0180,1.0154,1.0164,1.0164,1.0164,1.0197,1.0197,1.0198,0.9853,0.9855,1.0195,1.0196,1.0242,0.9763,0.9764,0.9933,0.9934
5.2126,1.0247,1.0246,1.0248,1.0246,1.0248,1.0246,1.0200,1.0200,1.0200,1.0200,1.0201,1.0201,1.0201,1.0200,1.0200,1.0197,1.0184,1.0184,1.0199,1.0198,1.0190,1.0194,1.0194,1.0199,1.0199,1.0168,1.0155,1.0155,1.0181,1.0180,1.0154,1.0164,1.0164,1.0164,1.0197,1.0197,1.0198,0.9853,0.9855,1.0195,1.0196,1.0242,0.9763,0.9764,0.9933,0.9934
5.2226,1.0247,1.0246,1.0248,1.0246,1.0248,1.0246,1.0200,1.0200,1.0200,1.0200,1.0201,1.0201,1.0201,1.0200,1.0200,1.0197,1.0184,1.0184,1.0199,1.0198,1.0190,1.0194,1.0194,1.0199,1.0199,1.0168,1.0155,1.0155,1.0181,1.0180,1.0154,1.0164,1.0164,1.0164,1.0197,1.0197,1.0198,0.9853,0.9855,1.0195,1.0196,1.0242,0.9763,0.9764,0.9933,0.9934
5.2326,1.0247,1.0246,1.0248,1.0246,1.0248,1.0246,1.0200,1.0200,1.0200,1.0200,1.0201,1.0201,1.0201,1.0200,1.0200,1.0197,1.0184,1.0184,1.0199,1.0198,1.0190,1.0194,1.0194,1.0199,1.0199,1.0168,1.0155,1.0155,1.0181,1.0180,1.0154,1.0164,1.0164,1.0164,1.0197,1.0197,1.0198,0.9853,0.9855,1.0195,1.0196,1.0242,0.9763,0.9764,0.9933,0.9934
5.2426,1.0247,1.0246,1.0248,1.0246,1.0248,1.0246,1.0200,1.0200,1.0200,1.0200,1.0201,1.0201,1.0201,1.0200,1.0200,1.0197,1.0184,1.0184,1.0199,1.0198,1.0190,1.0194,1.0194,1.0199,1.0199,1.0168,1.0155,1.0155,1.0181,1.0180,1.0154,1.0164,1.0164,1.0164,1.0197,1.0197,1.0198,0.9853,0.9855,1.0195,1.0196,1.0242,0.9763,0.9764,0.9933,0.9934
5.2526,1.0247,1.0246,1.0248,1.0246,1.0248,1.0246,1.0200,1.0200,1.0200,1.0200,1.0201,1.0201,1.0201,1.0200,1.0200,1.0197,1.0184,1.0184,1.0199,1.0198,1.0190,1.0194,1.0194,1.0199,1.0199,1.0168,1.0155,1.0155,1.0181,1.0180,1.0154,1.0164,1.0164,1.0164,1.0197,1.0197,1.0198,0.9853,0.9855,1.0195,1.0196,1.0242,0.9763,0.9764,0.9933,0.9934
5.2626,1.0247,1.0246,1.0248,1.0246,1.0248,1.0246,1.0200,1.0200,1.0200,1.0200,1.0201,1.0201,1.0201,1.0200,1.0200,1.0197,1.0184,1.0184,1.0199,1.0198,1.0190,1.0194,1.0194,1.0199,1.0199,1.0168,1.0155,1.0155,1.0181,1.0180,1.0154,1.0164,1.0164,1.0164,1.0197,1.0197,1.0198,0.9853,0.9855,1.0195,1.0196,1.0242,0.9763,0.9764,0.9933,0.9934
5.2726,1.0247,1.0246,1.0248,1.0246,1.0248,1.0246,1.0200,1.0200,1.0200,1.0200,1.0201,1.0201,1.0201,1.0200,1.0200,1.0197,1.0184,1.0184,1.0199,1.0198,1.0190,1.0194,1.0194,1.0199,1.0199,1.0168,1.0155,1.0155,1.0181,1.0180,1.0154,1.0164,1.0164,1.0164,1.0197,1.0197,1.0198,0.9853,0.9855,1.0195,1.0196,1.0242,0.9763,0.9764,0.9933,0.9934
5.2826,1.0247,1.0246,1.0248,1.0246,1.0248,1.0246,1.0200,1.0200,1.0200,1.0200,1.0201,1.0201,1.0201,1.0200,1.0200,1.0197,1.0184,1.0184,1.0199,1.0198,1.0190,1.0194,1.0194,1.0199,1.0199,1.0168,1.0155,1.0155,1.0181,1.0180,1.0154,1.0164,1.0164,1.0164,1.0197,1.0197,1.0198,0.9853,0.9855,1.0195,1.0196,1.0242,0.9763,0.9764,0.9933,0.9934
5.2926,1.0247,1.0246,1.0248,1.0246,1.0248,1.0246,1.0200,1.0200,1.0200,1.0200,1.0201,1.0201,1.0201,1.0200,1.0200,1.0197,1.0184,1.0184,1.0199,1.0198,1.0190,1.0194,1.0194,1.0199,1.0199,1.0168,1.0155,1.0155,1.0181,1.0180,1.0154,1.0164,1.0164,1.0164,1.0197,1.0197,1.0198,0.9853,0.9855,1.0195,1.0196,1.0242,0.9763,0.9764,0.9933,0.9934
5.3026,1.0247,1.0246,1.0248,1.0246,1.0248,1.0246,1.0200,1.0200,1.0200,1.0200,1.0201,1.0201,1.0201,1.0200,1.0200,1.0197,1.0184,1.0184,1.0199,1.0198,1.0190,1.0194,1.0194,1.0199,1.0199,1.0168,1.0155,1.0155,1.0181,1.0180,1.0154,1.0164,1.0164,1.0164,1.0197,1.0197,1.0198,0.9853,0.9855,1.0195,1.0196,1.0242,0.9763,0.9764,0.9933,0.9934
5.3126,1.0247,1.0246,1.0248,1.0246,1.0248,1.0246,1.0200,1.0200,1.0200,1.0200,1.0201,1.0201,1.0201,1.0200,1.0200,1.0197,1.0184,1.0184,1.0199,1.0198,1.0190,1.0194,1.0194,1.0199,1.0199,1.0168,1.0155,1.0155,1.0181,1.0180,1.0154,1.0164,1.0164,1.0164,1.0197,1.0197,1.0198,0.9853,0.9855,1.0195,1.0196,1.0242,0.9763,0.9764,0.9933,0.9934
5.3226,1.0247,1.0246,1.0248,1.0246,1.0248,1.0246,1.0200,1.0200,1.0200,1.0200,1.0201,1.0201,1.0201,1.0200,1.0200,1.0197,1.0184,1.0184,1.0199,1.0198,1.0190,1.0194,1.0194,1.0199,1.0199,1.0168,1.0155,1.0155,1.0181,1.0180,1.0154,1.0164,1.0164,1.0164,1.0197,1.0197,1.0198,0.9853,0.9855,1.0195,1.0196,1.0242,0.9763,0.9764,0.9933,0.9934
5.3326,1.0247,1.0246,1.0248,1.0246,1.0248,1.0246,1.0200,1.0200,1.0200,1.0200,1.0201,1.0201,1.0201,1.0200,1.0200,1.0197,1.0184,1.0184,1.0199,1.0198,1.0190,1.0194,1.0194,1.0199,1.0199,1.0168,1.0155,1.0155,1.0181,1.0180,1.0154,1.0164,1.0164,1.0164,1.0197,1.0197,1.0198,0.9853,0.9855,1.0195,1.0196,1.0242,0.9763,0.9764,0.9933,0.9934
5.3426,1.0247,1.0246,1.0248,1.0246,1.0248,1.0247,1.0200,1.0200,1.0200,1.0200,1.0201,1.0201,1.0201,1.0200,1.0200,1.0197,1.0184,1.0184,1.0199,1.0198,1.0190,1.0194,1.0194,1.0199,1.0199,1.0168,1.0155,1.0155,1.0181,1.0180,1.0154,1.0164,1.0164,1.0164,1.0197,1.0197,1.0198,0.9853,0.9855,1.0195,1.0196,1.0242,0.9763,0.9764,0.9933,0.9934
5.3526,1.0247,1.0246,1.0248,1.0246,1.0248,1.0247,1.0200,1.0200,1.0200,1.0200,1.0201,1.0201,1.0201,1.0200,1.0200,1.0197,1.0184,1.0184,1.0199,1.0198,1.0190,1.0194,1.0194,1.0199,1.0199,1.0168,1.0155,1.0155,1.0181,1.0180,1.0154,1.0164,1.0164,1.0164,1.0197,1.0197,1.0198,0.9853,0.9855,1.0195,1.0196,1.0242,0.9763,0.9764,0.9933,0.9934
5.3626,1.0247,1.0246,1.0248,1.0246,1.0248,1.0247,1.0200,1.0200,1.0200,1.0200,1.0201,1.0201,1.0201,1.0200,1.0200,1.0197,1.0184,1.0184,1.0199,1.0198,1.0190,1.0194,1.0194,1.0199,1.0199,1.0168,1.0155,1.0155,1.0181,1.0180,1.0154,1.0164,1.0164,1.0164,1.0197,1.0197,1.0198,0.9853,0.9855,1.0195,1.0196,1.0242,0.9763,0.9764,0.9933,0.9934
5.3726,1.0247,1.0246,1.0248,1.0246,1.0248,1.0247,1.0200,1.0200,1.0200,1.0200,1.0201,1.0201,1.0201,1.0200,1.0200,1.0197,1.0184,1.0184,1.0199,1.0198,1.0190,1.0194,1.0194,1.0199,1.0199,1.0168,1.0155,1.0155,1.0181,1.0180,1.0154,1.0164,1.0164,1.0164,1.0197,1.0197,1.0198,0.9853,0.9855,1.0195,1.0196,1.0242,0.9763,0.9764,0.9933,0.9934
5.3826,1.0247,1.0246,1.0248,1.0246,1.0248,1.0247,1.0200,1.0200,1.0200,1.0200,1.0201,1.0201,1.0201,1.0200,1.0200,1.0197,1.0184,1.0184,1.0199,1.0198,1.0190,1.0194,1.0194,1.0199,1.0199,1.0168,1.0155,1.0155,1.0181,1.0180,1.0154,1.0164,1.0164,1.0164,1.0197,1.0197,1.0198,0.9853,0.9855,1.0195,1.0196,1.0242,0.9763,0.9764,0.9933,0.9934
5.3926,1.0247,1.0246,1.0248,1.0246,1.0248,1.0247,1.0200,1.0200,1.0200,1.0200,1.0201,1.0201,1.0201,1.0200,1.0200,1.0197,1.0184,1.0184,1.0199,1.0198,1.0190,1.0194,1.0194,1.0199,1.0199,1.0168,1.0155,1.0155,1.0181,1.0180,1.0154,1.0164,1.0164,1.0164,1.0197,1.0197,1.0198,0.9853,0.9855,1.0195,1.0196,1.0242,0.9763,0.9764,0.9933,0.9934
5.4026,1.0247,1.0246,1.0248,1.0246,1.0248,1.0247,1.0200,1.0200,1.0200,1.0200,1.0201,1.0201,1.0201,1.0200,1.0200,1.0197,1.0184,1.0184,1.0199,1.0198,1.0190,1.0194,1.0194,1.0199,1.0199,1.0168,1.0155,1.0155,1.0181,1.0180,1.0154,1.0164,1.0164,1.0164,1.0197,1.0197,1.0198,0.9853,0.9855,1.0195,1.0196,1.0242,0.9763,0.9764,0.9933,0.9934
5.4126,1.0247,1.0246,1.0248,1.0246,1.0248,1.0247,1.0200,1.0200,1.0200,1.0200,1.0201,1.0201,1.0201,1.0200,1.0200,1.0197,1.0184,1.0184,1.0199,1.0198,1.0190,1.0194,1.0194,1.0199,1.0199,1.0168,1.0155,1.0155,1.0181,1.0180,1.0154,1.0164,1.0164,1.0164,1.0197,1.0197,1.0198,0.9853,0.9855,1.0195,1.0196,1.0242,0.9763,0.9764,0.9933,0.9934
5.4226,1.0247,1.0246,1.0248,1.0246,1.0248,1.0247,1.0200,1.0200,1.0200,1.0200,1.0201,1.0201,1.0201,1.0200,1.0200,1.0197,1.0184,1.0184,1.0199,1.0198,1.0190,1.0194,1.0194,1.0199,1.0199,1.0168,1.0155,1.0155,1.0181,1.0180,1.0154,1.0164,1.0164,1.0164,1.0197,1.0197,1.0198,0.9853,0.9855,1.0195,1.0196,1.0242,0.9763,0.9764,0.9933,0.9934
5.4326,1.0247,1.0246,1.0248,1.0246,1.0248,1.0247,1.0200,1.0200,1.0200,1.0200,1.0201,1.0201,1.0201,1.0200,1.0200,1.0197,1.0184,1.0184,1.0199,1.0198,1.0190,1.0194,1.0194,1.0199,1.0199,1.0168,1.0155,1.0155,1.0181,1.0180,1.0154,1.0164,1.0164,1.0164,1.0197,1.0197,1.0198,0.9853,0.9855,1.0195,1.0196,1.0242,0.9763,0.9764,0.9933,0.9934
5.4426,1.0247,1.0246,1.0248,1.0246,1.0248,1.0247,1.0200,1.0200,1.0200,1.0200,1.0201,1.0201,1.0201,1.0200,1.0200,1.0197,1.0184,1.0184,1.0199,1.0198,1.0190,1.0194,1.0194,1.0199,1.0199,1.0168,1.0155,1.0155,1.0181,1.0180,1.0154,1.0164,1.0164,1.0164,1.0197,1.0197,1.0198,0.9853,0.9855,1.0195,1.0196,1.0242,0.9763,0.9764,0.9933,0.9934
5.4526,1.0247,1.0246,1.0248,1.0246,1.0248,1.0247,1.0200,1.0200,1.0200,1.0200,1.0201,1.0201,1.0201,1.0200,1.0200,1.0197,1.0184,1.0184,1.0199,1.0198,1.0190,1.0194,1.0194,1.0199,1.0199,1.0168,1.0155,1.0155,1.0181,1.0180,1.0154,1.0164,1.0164,1.0164,1.0197,1.0197,1.0198,0.9853,0.9855,1.0195,1.0196,1.0242,0.9763,0.9764,0.9933,0.9934
5.4626,1.0247,1.0246,1.0248,1.0246,1.0248,1.0247,1.0200,1.0200,1.0200,1.0200,1.0201,1.0201,1.0201,1.0200,1.0200,1.0197,1.0184,1.0184,1.0199,1.0198,1.0190,1.0194,1.0194,1.0199,1.0199,1.0168,1.0155,1.0155,1.0181,1.0180,1.0154,1.0164,1.0164,1.0164,1.0197,1.0197,1.0198,0.9853,0.9855,1.0195,1.0196,1.0242,0.9763,0.9764,0.9933,0.9934
5.4726,1.0247,1.0246,1.0248,1.0246,1.0248,1.0247,1.0200,1.0200,1.0200,1.0200,1.0201,1.0201,1.0201,1.0200,1.0200,1.0197,1.0184,1.0184,1.0199,1.0198,1.0190,1.0194,1.0194,1.0199,1.0199,1.0168,1.0155,1.0155,1.0181,1.0180,1.0154,1.0164,1.0164,1.0164,1.0197,1.0197,1.0198,0.9853,0.9855,1.0195,1.0196,1.0242,0.9763,0.9764,0.9933,0.9934
5.4826,1.0247,1.0246,1.0248,1.0246,1.0248,1.0247,1.0200,1.0200,1.0200,1.0200,1.0201,1.0201,1.0201,1.0200,1.0200,1.0197,1.0184,1.0184,1.0199,1.0198,1.0190,1.0194,1.0194,1.0199,1.0199,1.0168,1.0155,1.0155,1.0181,1.0180,1.0154,1.0164,1.0164,1.0164,1.0197,1.0197,1.0198,0.9853,0.9855,1.0195,1.0196,1.0242,0.9763,0.9764,0.9933,0.9934
5.4926,1.0247,1.0246,1.0248,1.0246,1.0248,1.0247,1.0200,1.0200,1.0200,1.0200,1.0201,1.0201,1.0201,1.0200,1.0200,1.0197,1.0184,1.0184,1.0199,1.0198,1.0190,1.0194,1.0194,1.0199,1.0199,1.0168,1.0155,1.0155,1.0181,1.0180,1.0154,1.0164,1.0164,1.0164,1.0197,1.0197,1.0198,0.9853,0.9855,1.0195,1.0196,1.0242,0.9763,0.9764,0.9933,0.9934
5.5026,1.0247,1.0246,1.0248,1.0246,1.0248,1.0247,1.0200,1.0200,1.0200,1.0200,1.0201,1.0201,1.0201,1.0200,1.0200,1.0197,1.0184,1.0184,1.0199,1.0198,1.0190,1.0194,1.0194,1.0199,1.0199,1.0168,1.0155,1.0155,1.0181,1.0180,1.0154,1.0164,1.0164,1.0164,1.0197,1.0197,1.0198,0.9853,0.9855,1.0195,1.0196,1.0242,0.9763,0.9764,0.9933,0.9934
5.5126,1.0247,1.0246,1.0248,1.0246,1.0248,1.0247,1.0200,1.0200,1.0200,1.0200,1.0201,1.0201,1.0201,1.0200,1.0200,1.0197,1.0184,1.0184,1.0199,1.0198,1.0190,1.0194,1.0194,1.0199,1.0199,1.0168,1.0155,1.0155,1.0181,1.0180,1.0154,1.0164,1.0164,1.0164,1.0197,1.0197,1.0198,0.9853,0.9855,1.0195,1.0196,1.0242,0.9763,0.9764,0.9933,0.9934
5.5226,1.0247,1.0246,1.0248,1.0246,1.0248,1.0247,1.0200,1.0200,1.0200,1.0200,1.0201,1.0201,1.0201,1.0200,1.0200,1.0197,1.0184,1.0184,1.0199,1.0198,1.0190,1.0194,1.0194,1.0199,1.0199,1.0168,1.0155,1.0155,1.0181,1.0180,1.0154,1.0164,1.0164,1.0164,1.0197,1.0197,1.0198,0.9853,0.9855,1.0195,1.0196,1.0242,0.9763,0.9764,0.9933,0.9934
5.5326,1.0247,1.0246,1.0248,1.0247,1.0248,1.0247,1.0200,1.0200,1.0200,1.0200,1.0201,1.0201,1.0201,1.0200,1.0200,1.0197,1.0184,1.0184,1.0199,1.0198,1.0190,1.0194,1.0194,1.0199,1.0199,1.0168,1.0155,1.0155,1.0181,1.0180,1.0154,1.0164,1.0164,1.0164,1.0197,1.0197,1.0198,0.9853,0.9855,1.0195,1.0196,1.0242,0.9763,0.9764,0.9933,0.9934
5.5426,1.0247,1.0246,1.0248,1.0247,1.0248,1.0247,1.0200,1.0200,1.0200,1.0200,1.0201,1.0201,1.0201,1.0200,1.0200,1.0197,1.0184,1.0184,1.0199,1.0198,1.0190,1.0194,1.0194,1.0199,1.0199,1.0168,1.0155,1.0155,1.0181,1.0180,1.0154,1.0164,1.0164,1.0164,1.0197,1.0197,1.0198,0.9853,0.9855,1.0195,1.0196,1.0242,0.9763,0.9764,0.9933,0.9934
5.5526,1.0247,1.0246,1.0248,1.0247,1.0248,1.0247,1.0200,1.0200,1.0200,1.0200,1.0201,1.0201,1.0201,1.0200,1.0200,1.0197,1.0184,1.0184,1.0200,1.0198,1.0190,1.0194,1.0194,1.0199,1.0199,1.0168,1.0155,1.0155,1.0181,1.0180,1.0154,1.0164,1.0164,1.0164,1.0197,1.0197,1.0198,0.9853,0.9855,1.0195,1.0196,1.0242,0.9763,0.9764,0.9933,0.9934
5.5626,1.0247,1.0246,1.0248,1.0247,1.0248,1.0247,1.0200,1.0200,1.0200,1.0200,1.0201,1.0201,1.0201,1.0200,1.0200,1.0197,1.0184,1.0184,1.0200,1.0198,1.0190,1.0194,1.0194,1.0199,1.0199,1.0168,1.0155,1.0155,1.0181,1.0180,1.0154,1.0164,1.0164,1.0164,1.0197,1.0197,1.0198,0.9853,0.9855,1.0195,1.0196,1.0242,0.9763,0.9764,0.9933,0.9934
5.5726,1.0247,1.0246,1.0248,1.0247,1.0248,1.0247,1.0200,1.0200,1.0200,1.0200,1.0201,1.0201,1.0201,1.0200,1.0200,1.0197,1.0184,1.0184,1.0200,1.0199,1.0190,1.0194,1.0194,1.0199,1.0199,1.0168,1.0155,1.0155,1.0181,1.0180,1.0154,1.0164,1.0164,1.0164,1.0197,1.0197,1.0198,0.9853,0.9855,1.0195,1.0196,1.0242,0.9763,0.9764,0.9933,0.9934
5.5826,1.0248,1.0246,1.0248,1.0247,1.0248,1.0247,1.0200,1.0200,1.0200,1.0200,1.0201,1.0201,1.0201,1.0200,1.0200,1.0197,1.0184,1.0184,1.0200,1.0199,1.0190,1.0194,1.0194,1.0199,1.0199,1.0168,1.0155,1.0155,1.0181,1.0180,1.0154,1.0164,1.0164,1.0164,1.0197,1.0197,1.0198,0.9853,0.9855,1.0195,1.0196,1.0242,0.9763,0.9764,0.9933,0.9934
5.5926,1.0248,1.0246,1.0248,1.0247,1.0248,1.0247,1.0200,1.0200,1.0200,1.0200,1.0201,1.0201,1.0201,1.0200,1.0200,1.0197,1.0184,1.0184,1.0200,1.0199,1.0190,1.0194,1.0194,1.0199,1.0199,1.0168,1.0155,1.0155,1.0181,1.0180,1.0154,1.0164,1.0164,1.0164,1.0197,1.0197,1.0198,0.9853,0.9855,1.0195,1.0196,1.0242,0.9763,0.9764,0.9933,0.9934
5.6026,1.0248,1.0246,1.0248,1.0247,1.0248,1.0247,1.0200,1.0200,1.0200,1.0200,1.0201,1.0201,1.0201,1.0200,1.0200,1.0197,1.0184,1.0184,1.0200,1.0199,1.0190,1.0194,1.0194,1.0199,1.0199,1.0168,1.0155,1.0155,1.0181,1.0180,1.0155,1.0164,1.0164,1.0164,1.0197,1.0197,1.0198,0.9853,0.9855,1.0195,1.0196,1.0242,0.9763,0.9764,0.9933,0.9934
5.6126,1.0248,1.0246,1.0248,1.0247,1.0248,1.0247,1.0200,1.0200,1.0200,1.0200,1.0201,1.0201,1.0201,1.0200,1.0200,1.0197,1.0184,1.0184,1.0200,1.0199,1.0190,1.0194,1.0194,1.0199,1.0199,1.0168,1.0155,1.0155,1.0181,1.0180,1.0155,1.0164,1.0164,1.0164,1.0197,1.0197,1.0198,0.9853,0.9855,1.0195,1.0196,1.0242,0.9763,0.9764,0.9933,0.9934
5.6226,1.0248,1.0246,1.0248,1.0247,1.0248,1.0247,1.0200,1.0200,1.0200,1.0200,1.0201,1.0201,1.0201,1.0200,1.0200,1.0197,1.0184,1.0184,1.0200,1.0199,1.0190,1.0194,1.0194,1.0199,1.0199,1.0168,1.0155,1.0155,1.0181,1.0180,1.0155,1.0164,1.0164,1.0164,1.0197,1.0197,1.0198,0.9853,0.9855,1.0195,1.0196,1.0242,0.9763,0.9764,0.9933,0.9934
5.6326,1.0248,1.0246,1.0248,1.0247,1.0248,1.0247,1.0200,1.0200,1.0200,1.0200,1.0201,1.0201,1.0201,1.0200,1.0200,1.0197,1.0184,1.0184,1.0200,1.0199,1.0190,1.0194,1.0194,1.0199,1.0199,1.0168,1.0155,1.0155,1.0181,1.0180,1.0155,1.0164,1.0164,1.0164,1.0197,1.0197,1.0198,0.9853,0.9855,1.0195,1.0196,1.0242,0.9763,0.9764,0.9933,0.9934
5.6426,1.0248,1.0246,1.0248,1.0247,1.0248,1.0247,1.0200,1.0200,1.0200,1.0200,1.0201,1.0201,1.0201,1.0200,1.0200,1.0197,1.0184,1.0184,1.0200,1.0199,1.0190,1.0194,1.0194,1.0199,1.0199,1.0168,1.0155,1.0155,1.0181,1.0180,1.0155,1.0164,1.0164,1.0164,1.0197,1.0197,1.0198,0.9853,0.9855,1.0195,1.0196,1.0242,0.9763,0.9764,0.9933,0.9934
5.6526,1.0248,1.0246,1.0248,1.0247,1.0248,1.0247,1.0200,1.0200,1.0200,1.0200,1.0201,1.0201,1.0201,1.0200,1.0200,1.0197,1.0184,1.0184,1.0200,1.0199,1.0190,1.0194,1.0194,1.0199,1.0199,1.0168,1.0155,1.0155,1.0181,1.0180,1.0155,1.0164,1.0164,1.0164,1.0197,1.0197,1.0198,0.9853,0.9855,1.0195,1.0196,1.0242,0.9763,0.9764,0.9933,0.9934
5.6626,1.0248,1.0246,1.0248,1.0247,1.0248,1.0247,1.0200,1.0200,1.0200,1.0200,1.0201,1.0201,1.0201,1.0200,1.0200,1.0197,1.0184,1.0184,1.0200,1.0199,1.0190,1.0194,1.0194,1.0199,1.0199,1.0168,1.0155,1.0155,1.0181,1.0180,1.0155,1.0164,1.0164,1.0164,1.0197,1.0197,1.0198,0.9853,0.9855,1.0195,1.0196,1.0242,0.9763,0.9764,0.9933,0.9934
5.6726,1.0248,1.0246,1.0248,1.0247,1.0248,1.0247,1.0200,1.0200,1.0200,1.0200,1.0201,1.0201,1.0201,1.0200,1.0200,1.0197,1.0184,1.0184,1.0200,1.0199,1.0190,1.0194,1.0194,1.0199,1.0199,1.0168,1.0155,1.0155,1.0181,1.0180,1.0155,1.0164,1.0164,1.0164,1.0197,1.0197,1.0198,0.9853,0.9855,1.0195,1.0196,1.0242,0.9763,0.9764,0.9933,0.9934
5.6826,1.0248,1.0246,1.0248,1.0247,1.0248,1.0247,1.0200,1.0200,1.0200,1.0200,1.0201,1.0201,1.0201,1.0200,1.0200,1.0197,1.0184,1.0184,1.0200,1.0199,1.0190,1.0194,1.0194,1.0199,1.0199,1.0168,1.0155,1.0155,1.0181,1.0180,1.0155,1.0164,1.0164,1.0164,1.0197,1.0197,1.0198,0.9853,0.9855,1.0195,1.0196,1.0242,0.9763,0.9764,0.9933,0.9934
5.6926,1.0248,1.0246,1.0248,1.0247,1.0248,1.0247,1.0200,1.0200,1.0200,1.0200,1.0201,1.0201,1.0201,1.0200,1.0200,1.0197,1.0184,1.0184,1.0200,1.0199,1.0190,1.0194,1.0194,1.0199,1.0199,1.0168,1.0155,1.0155,1.0181,1.0180,1.0155,1.0164,1.0164,1.0164,1.0197,1.0197,1.0198,0.9853,0.9855,1.0195,1.0196,1.0242,0.9763,0.9764,0.9933,0.9934
5.7026,1.0248,1.0246,1.0248,1.0247,1.0248,1.0247,1.0200,1.0200,1.0200,1.0200,1.0201,1.0201,1.0201,1.0200,1.0200,1.0197,1.0184,1.0184,1.0200,1.0199,1.0190,1.0194,1.0194,1.0199,1.0199,1.0168,1.0155,1.0155,1.0181,1.0180,1.0155,1.0164,1.0164,1.0164,1.0197,1.0197,1.0198,0.9853,0.9855,1.0195,1.0196,1.0242,0.9763,0.9764,0.9933,0.9934
5.7126,1.0248,1.0246,1.0248,1.0247,1.0248,1.0247,1.0200,1.0200,1.0200,1.0200,1.0201,1.0201,1.0201,1.0200,1.0200,1.0197,1.0184,1.0184,1.0200,1.0199,1.0190,1.0194,1.0194,1.0199,1.0199,1.0168,1.0155,1.0155,1.0181,1.0180,1.0155,1.0164,1.0164,1.0164,1.0197,1.0197,1.0198,0.9853,0.9855,1.0195,1.0196,1.0242,0.9763,0.9764,0.9933,0.9934
5.7226,1.0248,1.0246,1.0248,1.0247,1.0248,1.0247,1.0200,1.0200,1.0200,1.0200,1.0201,1.0201,1.0201,1.0200,1.0200,1.0197,1.0184,1.0184,1.0200,1.0199,1.0190,1.0194,1.0194,1.0199,1.0199,1.0168,1.0155,1.0155,1.0181,1.0180,1.0155,1.0164,1.0164,1.0164,1.0197,1.0197,1.0198,0.9853,0.9855,1.0195,1.0196,1.0242,0.9763,0.9764,0.9933,0.9934
5.7326,1.0248,1.0246,1.0248,1.0247,1.0248,1.0247,1.0200,1.0200,1.0200,1.0200,1.0201,1.0201,1.0201,1.0200,1.0200,1.0197,1.0184,1.0184,1.0200,1.0199,1.0190,1.0194,1.0194,1.0199,1.0199,1.0168,1.0155,1.0155,1.0181,1.0180,1.0155,1.0164,1.0164,1.0164,1.0197,1.0197,1.0198,0.9853,0.9855,1.0195,1.0196,1.0242,0.9763,0.9764,0.9933,0.9934
5.7426,1.0248,1.0246,1.0248,1.0247,1.0248,1.0247,1.0200,1.0200,1.0200,1.0200,1.0201,1.0201,1.0201,1.0200,1.0200,1.0197,1.0184,1.0184,1.0200,1.0199,1.0190,1.0194,1.0194,1.0199,1.0199,1.0168,1.0155,1.0155,1.0181,1.0180,1.0155,1.0164,1.0164,1.0164,1.0197,1.0197,1.0198,0.9853,0.9855,1.0195,1.0196,1.0242,0.9763,0.9764,0.9933,0.9934
5.7526,1.0248,1.0246,1.0248,1.0247,1.0248,1.0247,1.0200,1.0200,1.0200,1.0200,1.0201,1.0201,1.0201,1.0200,1.0200,1.0197,1.0184,1.0184,1.0200,1.0199,1.0190,1.0194,1.0194,1.0199,1.0199,1.0168,1.0155,1.0155,1.0181,1.0180,1.0155,1.0164,1.0164,1.0164,1.0197,1.0197,1.0198,0.9853,0.9855,1.0195,1.0196,1.0242,0.9763,0.9764,0.9933,0.9934
5.7626,1.0248,1.0246,1.0248,1.0247,1.0248,1.0247,1.0200,1.0200,1.0200,1.0200,1.0201,1.0201,1.0201,1.0200,1.0200,1.0197,1.0184,1.0184,1.0200,1.0199,1.0190,1.0194,1.0194,1.0199,1.0199,1.0168,1.0155,1.0155,1.0181,1.0180,1.0155,1.0164,1.0164,1.0164,1.0197,1.0197,1.0198,0.9853,0.9855,1.0195,1.0196,1.0242,0.9763,0.9764,0.9933,0.9934
5.7726,1.0248,1.0246,1.0248,1.0247,1.0248,1.0247,1.0200,1.0200,1.0200,1.0200,1.0201,1.0201,1.0201,1.0200,1.0200,1.0197,1.0184,1.0184,1.0200,1.0199,1.0190,1.0194,1.0194,1.0199,1.0199,1.0168,1.0155,1.0155,1.0181,1.0180,1.0155,1.0164,1.0164,1.0164,1.0197,1.0197,1.0198,0.9853,0.9855,1.0195,1.0196,1.0242,0.9763,0.9764,0.9933,0.9934
5.7826,1.0248,1.0246,1.0248,1.0247,1.0248,1.0247,1.0200,1.0200,1.0200,1.0200,1.0201,1.0201,1.0201,1.0200,1.0200,1.0197,1.0184,1.0184,1.0200,1.0199,1.0190,1.0194,1.0194,1.0199,1.0199,1.0168,1.0155,1.0155,1.0181,1.0180,1.0155,1.0164,1.0164,1.0164,1.0197,1.0197,1.0198,0.9853,0.9855,1.0195,1.0196,1.0242,0.9763,0.9764,0.9933,0.9934
5.7926,1.0248,1.0246,1.0248,1.0247,1.0248,1.0247,1.0200,1.0200,1.0200,1.0200,1.0201,1.0201,1.0201,1.0200,1.0200,1.0197,1.0184,1.0184,1.0200,1.0199,1.0190,1.0194,1.0194,1.0199,1.0199,1.0168,1.0155,1.0155,1.0181,1.0180,1.0155,1.0164,1.0164,1.0164,1.0197,1.0197,1.0198,0.9853,0.9855,1.0195,1.0196,1.0242,0.9763,0.9764,0.9933,0.9934
5.8026,1.0248,1.0246,1.0248,1.0247,1.0248,1.0247,1.0200,1.0200,1.0200,1.0200,1.0201,1.0201,1.0201,1.0200,1.0200,1.0197,1.0184,1.0184,1.0200,1.0199,1.0190,1.0194,1.0194,1.0199,1.0199,1.0168,1.0155,1.0155,1.0181,1.0180,1.0155,1.0164,1.0164,1.0164,1.0197,1.0197,1.0198,0.9853,0.9855,1.0195,1.0196,1.0242,0.9763,0.9764,0.9933,0.9934
5.8126,1.0248,1.0246,1.0248,1.0247,1.0248,1.0247,1.0200,1.0200,1.0200,1.0200,1.0201,1.0201,1.0201,1.0200,1.0200,1.0197,1.0184,1.0184,1.0200,1.0199,1.0190,1.0194,1.0194,1.0199,1.0199,1.0168,1.0155,1.0155,1.0181,1.0180,1.0155,1.0164,1.0164,1.0164,1.0197,1.0197,1.0198,0.9853,0.9855,1.0195,1.0196,1.0242,0.9763,0.9764,0.9933,0.9934
5.8226,1.0248,1.0246,1.0248,1.0247,1.0248,1.0247,1.0200,1.0200,1.0200,1.0200,1.0201,1.0201,1.0201,1.0200,1.0200,1.0197,1.0184,1.0184,1.0200,1.0199,1.0190,1.0194,1.0194,1.0199,1.0199,1.0168,1.0155,1.0155,1.0181,1.0180,1.0155,1.0164,1.0164,1.0164,1.0197,1.0197,1.0198,0.9853,0.9855,1.0195,1.0196,1.0242,0.9763,0.9764,0.9933,0.9934
5.8326,1.0248,1.0246,1.0248,1.0247,1.0248,1.0247,1.0200,1.0200,1.0200,1.0200,1.0201,1.0201,1.0201,1.0200,1.0200,1.0197,1.0184,1.0184,1.0200,1.0199,1.0190,1.0194,1.0194,1.0199,1.0199,1.0168,1.0155,1.0155,1.0181,1.0180,1.0155,1.0164,1.0164,1.0164,1.0197,1.0197,1.0198,0.9853,0.9855,1.0195,1.0196,1.0242,0.9763,0.9764,0.9933,0.9934
5.8426,1.0248,1.0246,1.0248,1.0247,1.0248,1.0247,1.0200,1.0200,1.0200,1.0200,1.0201,1.0201,1.0201,1.0200,1.0200,1.0197,1.0184,1.0184,1.0200,1.0199,1.0190,1.0194,1.0194,1.0199,1.0199,1.0168,1.0155,1.0155,1.0181,1.0180,1.0155,1.0164,1.0164,1.0164,1.0197,1.0197,1.0198,0.9853,0.9855,1.0195,1.0196,1.0242,0.9763,0.9764,0.9933,0.9934
5.8526,1.0248,1.0246,1.0248,1.0247,1.0248,1.0247,1.0200,1.0200,1.0200,1.0200,1.0201,1.0201,1.0201,1.0200,1.0200,1.0197,1.0184,1.0184,1.0200,1.0199,1.0190,1.0194,1.0194,1.0199,1.0199,1.0168,1.0155,1.0155,1.0181,1.0180,1.0155,1.0164,1.0164,1.0164,1.0197,1.0197,1.0198,0.9853,0.9855,1.0195,1.0196,1.0242,0.9763,0.9764,0.9933,0.9934
5.8626,1.0248,1.0246,1.0248,1.0247,1.0248,1.0247,1.0200,1.0200,1.0200,1.0200,1.0201,1.0201,1.0201,1.0200,1.0200,1.0197,1.0184,1.0184,1.0200,1.0199,1.0190,1.0194,1.0194,1.0199,1.0199,1.0168,1.0155,1.0155,1.0181,1.0180,1.0155,1.0164,1.0164,1.0164,1.0197,1.0197,1.0198,0.9853,0.9855,1.0195,1.0196,1.0242,0.9763,0.9764,0.9933,0.9934
5.8726,1.0248,1.0246,1.0248,1.0247,1.0248,1.0247,1.0200,1.0200,1.0200,1.0200,1.0201,1.0201,1.0201,1.0200,1.0200,1.0197,1.0184,1.0184,1.0200,1.0199,1.0190,1.0194,1.0194,1.0199,1.0199,1.0168,1.0155,1.0155,1.0181,1.0180,1.0155,1.0164,1.0164,1.0164,1.0197,1.0197,1.0198,0.9853,0.9855,1.0195,1.0196,1.0242,0.9763,0.9764,0.9933,0.9934
5.8826,1.0248,1.0246,1.0248,1.0247,1.0248,1.0247,1.0200,1.0200,1.0200,1.0200,1.0201,1.0201,1.0201,1.0200,1.0200,1.0197,1.0184,1.0184,1.0200,1.0199,1.0190,1.0194,1.0194,1.0199,1.0199,1.0168,1.0155,1.0155,1.0181,1.0180,1.0155,1.0164,1.0164,1.0164,1.0197,1.0197,1.0198,0.9853,0.9855,1.0195,1.0196,1.0242,0.9763,0.9764,0.9933,0.9934
5.8926,1.0248,1.0246,1.0248,1.0247,1.0248,1.0247,1.0200,1.0200,1.0200,1.0200,1.0201,1.0201,1.0201,1.0200,1.0200,1.0197,1.0184,1.0184,1.0200,1.0199,1.0190,1.0194,1.0194,1.0199,1.0199,1.0168,1.0155,1.0155,1.0181,1.0180,1.0155,1.0164,1.0164,1.0164,1.0197,1.0197,1.0198,0.9853,0.9855,1.0195,1.0196,1.0242,0.9763,0.9764,0.9933,0.9934
5.9026,1.0248,1.0246,1.0248,1.0247,1.0248,1.0247,1.0200,1.0200,1.0200,1.0200,1.0201,1.0201,1.0201,1.0200,1.0200,1.0197,1.0184,1.0184,1.0200,1.0199,1.0190,1.0194,1.0194,1.0199,1.0199,1.0168,1.0155,1.0155,1.0181,1.0180,1.0155,1.0164,1.0164,1.0164,1.0197,1.0197,1.0198,0.9853,0.9855,1.0195,1.0196,1.0242,0.9763,0.9764,0.9933,0.9934
5.9126,1.0248,1.0246,1.0248,1.0247,1.0248,1.0247,1.0200,1.0200,1.0200,1.0200,1.0201,1.0201,1.0201,1.0200,1.0200,1.0197,1.0184,1.0184,1.0200,1.0199,1.0190,1.0194,1.0194,1.0199,1.0199,1.0168,1.0155,1.0155,1.0181,1.0180,1.0155,1.0164,1.0164,1.0164,1.0197,1.0197,1.0198,0.9853,0.9855,1.0195,1.0196,1.0242,0.9763,0.9764,0.9933,0.9934
5.9226,1.0248,1.0246,1.0248,1.0247,1.0248,1.0247,1.0200,1.0200,1.0200,1.0200,1.0201,1.0201,1.0201,1.0200,1.0200,1.0197,1.0184,1.0184,1.0200,1.0199,1.0190,1.0194,1.0194,1.0199,1.0199,1.0168,1.0155,1.0155,1.0181,1.0180,1.0155,1.0164,1.0164,1.0164,1.0197,1.0197,1.0198,0.9853,0.9855,1.0195,1.0196,1.0242,0.9763,0.9764,0.9933,0.9934
5.9326,1.0248,1.0246,1.0248,1.0247,1.0248,1.0247,1.0200,1.0200,1.0200,1.0200,1.0201,1.0201,1.0201,1.0200,1.0200,1.0197,1.0184,1.0184,1.0200,1.0199,1.0190,1.0194,1.0194,1.0199,1.0199,1.0168,1.0155,1.0155,1.0181,1.0180,1.0155,1.0164,1.0164,1.0164,1.0197,1.0197,1.0198,0.9853,0.9855,1.0195,1.0196,1.0242,0.9763,0.9764,0.9933,0.9934
5.9426,1.0248,1.0246,1.0248,1.0247,1.0248,1.0247,1.0200,1.0200,1.0200,1.0200,1.0201,1.0201,1.0201,1.0200,1.0200,1.0197,1.0184,1.0184,1.0200,1.0199,1.0190,1.0194,1.0194,1.0199,1.0199,1.0168,1.0155,1.0155,1.0181,1.0180,1.0154,1.0164,1.0164,1.0164,1.0197,1.0197,1.0198,0.9853,0.9855,1.0195,1.0196,1.0242,0.9763,0.9764,0.9933,0.9934
5.9526,1.0248,1.0246,1.0248,1.0247,1.0248,1.0247,1.0200,1.0200,1.0200,1.0200,1.0201,1.0201,1.0201,1.0200,1.0200,1.0197,1.0184,1.0184,1.0200,1.0199,1.0190,1.0194,1.0194,1.0199,1.0199,1.0168,1.0155,1.0155,1.0181,1.0180,1.0154,1.0164,1.0164,1.0164,1.0197,1.0197,1.0198,0.9853,0.9855,1.0195,1.0196,1.0242,0.9763,0.9764,0.9933,0.9934
5.9626,1.0248,1.0246,1.0248,1.0247,1.0248,1.0247,1.0200,1.0200,1.0200,1.0200,1.0201,1.0201,1.0201,1.0200,1.0200,1.0197,1.0184,1.0184,1.0200,1.0199,1.0190,1.0194,1.0194,1.0199,1.0199,1.0168,1.0155,1.0155,1.0181,1.0180,1.0154,1.0164,1.0164,1.0164,1.0197,1.0197,1.0198,0.9853,0.9855,1.0195,1.0196,1.0242,0.9763,0.9764,0.9933,0.9934
5.9726,1.0248,1.0246,1.0248,1.0247,1.0248,1.0247,1.0200,1.0200,1.0200,1.0200,1.0201,1.0201,1.0201,1.0200,1.0200,1.0197,1.0184,1.0184,1.0200,1.0199,1.0190,1.0194,1.0194,1.0199,1.0199,1.0168,1.0155,1.0155,1.0181,1.0180,1.0154,1.0164,1.0164,1.0164,1.0197,1.0197,1.0198,0.9853,0.9855,1.0195,1.0196,1.0242,0.9763,0.9764,0.9933,0.9934
5.9826,1.0248,1.0246,1.0248,1.0247,1.0248,1.0247,1.0200,1.0200,1.0200,1.0200,1.0201,1.0201,1.0201,1.0200,1.0200,1.0197,1.0184,1.0184,1.0200,1.0199,1.0190,1.0194,1.0194,1.0199,1.0199,1.0168,1.0155,1.0155,1.0181,1.0180,1.0154,1.0164,1.0164,1.0164,1.0197,1.0197,1.0198,0.9853,0.9855,1.0195,1.0196,1.0242,0.9763,0.9764,0.9933,0.9934
5.9926,1.0248,1.0246,1.0248,1.0247,1.0248,1.0247,1.0200,1.0200,1.0200,1.0200,1.0201,1.0201,1.0201,1.0200,1.0200,1.0197,1.0184,1.0184,1.0200,1.0199,1.0190,1.0194,1.0194,1.0199,1.0199,1.0168,1.0155,1.0155,1.0181,1.0180,1.0154,1.0164,1.0164,1.0164,1.0197,1.0197,1.0198,0.9853,0.9855,1.0195,1.0196,1.0242,0.9763,0.9764,0.9933,0.9934
6.0026,1.0248,1.0246,1.0248,1.0247,1.0248,1.0247,1.0200,1.0200,1.0200,1.0200,1.0201,1.0201,1.0201,1.0200,1.0200,1.0197,1.0184,1.0184,1.0200,1.0199,1.0190,1.0194,1.0194,1.0199,1.0199,1.0168,1.0155,1.0155,1.0181,1.0180,1.0154,1.0164,1.0164,1.0164,1.0197,1.0197,1.0198,0.9853,0.9855,1.0195,1.0196,1.0242,0.9763,0.9764,0.9933,0.9934
6.0126,1.0248,1.0246,1.0248,1.0247,1.0248,1.0247,1.0200,1.0200,1.0200,1.0200,1.0201,1.0201,1.0201,1.0200,1.0200,1.0197,1.0184,1.0184,1.0200,1.0199,1.0190,1.0194,1.0194,1.0199,1.0199,1.0168,1.0155,1.0155,1.0181,1.0180,1.0154,1.0164,1.0164,1.0164,1.0197,1.0197,1.0198,0.9853,0.9855,1.0195,1.0196,1.0242,0.9763,0.9764,0.9933,0.9934
6.0226,1.0248,1.0246,1.0248,1.0247,1.0248,1.0247,1.0200,1.0200,1.0200,1.0200,1.0201,1.0201,1.0201,1.0200,1.0200,1.0197,1.0184,1.0184,1.0200,1.0199,1.0190,1.0194,1.0194,1.0199,1.0199,1.0168,1.0155,1.0155,1.0181,1.0180,1.0154,1.0164,1.0164,1.0164,1.0197,1.0197,1.0198,0.9853,0.9855,1.0195,1.0196,1.0242,0.9763,0.9764,0.9933,0.9934
6.0326,1.0247,1.0246,1.0248,1.0247,1.0248,1.0247,1.0200,1.0200,1.0200,1.0200,1.0201,1.0201,1.0201,1.0200,1.0200,1.0197,1.0184,1.0184,1.0200,1.0199,1.0190,1.0194,1.0194,1.0199,1.0199,1.0168,1.0155,1.0155,1.0181,1.0180,1.0154,1.0164,1.0164,1.0164,1.0197,1.0197,1.0198,0.9853,0.9855,1.0195,1.0196,1.0242,0.9763,0.9764,0.9933,0.9934
6.0426,1.0247,1.0246,1.0248,1.0247,1.0248,1.0247,1.0200,1.0200,1.0200,1.0200,1.0201,1.0201,1.0201,1.0200,1.0200,1.0197,1.0184,1.0184,1.0200,1.0199,1.0190,1.0194,1.0194,1.0199,1.0199,1.0168,1.0155,1.0155,1.0181,1.0180,1.0154,1.0164,1.0164,1.0164,1.0197,1.0197,1.0198,0.9853,0.9855,1.0195,1.0196,1.0242,0.9763,0.9764,0.9933,0.9934
6.0526,1.0247,1.0246,1.0248,1.0247,1.0248,1.0247,1.0200,1.0200,1.0200,1.0200,1.0201,1.0201,1.0201,1.0200,1.0200,1.0197,1.0184,1.0184,1.0200,1.0198,1.0190,1.0194,1.0194,1.0199,1.0199,1.0168,1.0155,1.0155,1.0181,1.0180,1.0154,1.0164,1.0164,1.0164,1.0197,1.0197,1.0198,0.9853,0.9855,1.0195,1.0196,1.0242,0.9763,0.9764,0.9933,0.9934
6.0626,1.0247,1.0246,1.0248,1.0247,1.0248,1.0247,1.0200,1.0200,1.0200,1.0200,1.0201,1.0201,1.0201,1.0200,1.0200,1.0197,1.0184,1.0184,1.0200,1.0198,1.0190,1.0194,1.0194,1.0199,1.0199,1.0168,1.0155,1.0155,1.0181,1.0180,1.0154,1.0164,1.0164,1.0164,1.0197,1.0197,1.0198,0.9853,0.9855,1.0195,1.0196,1.0242,0.9763,0.9764,0.9933,0.9934
6.0726,1.0247,1.0246,1.0248,1.0247,1.0248,1.0247,1.0200,1.0200,1.0200,1.0200,1.0201,1.0201,1.0201,1.0200,1.0200,1.0197,1.0184,1.0184,1.0200,1.0198,1.0190,1.0194,1.0194,1.0199,1.0199,1.0168,1.0155,1.0155,1.0181,1.0180,1.0154,1.0164,1.0164,1.0164,1.0197,1.0197,1.0198,0.9853,0.9855,1.0195,1.0196,1.0242,0.9763,0.9764,0.9933,0.9934
6.0826,1.0247,1.0246,1.0248,1.0247,1.0248,1.0247,1.0200,1.0200,1.0200,1.0200,1.0201,1.0201,1.0201,1.0200,1.0200,1.0197,1.0184,1.0184,1.0200,1.0198,1.0190,1.0194,1.0194,1.0199,1.0199,1.0168,1.0155,1.0155,1.0181,1.0180,1.0154,1.0164,1.0164,1.0164,1.0197,1.0197,1.0198,0.9853,0.9855,1.0195,1.0196,1.0242,0.9763,0.9764,0.9933,0.9934
6.0926,1.0247,1.0246,1.0248,1.0247,1.0248,1.0247,1.0200,1.0200,1.0200,1.0200,1.0201,1.0201,1.0201,1.0200,1.0200,1.0197,1.0184,1.0184,1.0200,1.0198,1.0190,1.0194,1.0194,1.0199,1.0199,1.0168,1.0155,1.0155,1.0181,1.0180,1.0154,1.0164,1.0164,1.0164,1.0197,1.0197,1.0198,0.9853,0.9855,1.0195,1.0196,1.0242,0.9763,0.9764,0.9933,0.9934
6.1026,1.0247,1.0246,1.0248,1.0247,1.0248,1.0247,1.0200,1.0200,1.0200,1.0200,1.0201,1.0201,1.0201,1.0200,1.0200,1.0197,1.0184,1.0184,1.0200,1.0198,1.0190,1.0194,1.0194,1.0199,1.0199,1.0168,1.0155,1.0155,1.0181,1.0180,1.0154,1.0164,1.0164,1.0164,1.0197,1.0197,1.0198,0.9853,0.9855,1.0195,1.0196,1.0242,0.9763,0.9764,0.9933,0.9934
6.1126,1.0247,1.0246,1.0248,1.0247,1.0248,1.0247,1.0200,1.0200,1.0200,1.0200,1.0201,1.0201,1.0201,1.0200,1.0200,1.0197,1.0184,1.0184,1.0200,1.0198,1.0190,1.0194,1.0194,1.0199,1.0199,1.0168,1.0155,1.0155,1.0181,1.0180,1.0154,1.0164,1.0164,1.0164,1.0197,1.0197,1.0198,0.9853,0.9855,1.0195,1.0196,1.0242,0.9763,0.9764,0.9933,0.9934
6.1226,1.0247,1.0246,1.0248,1.0247,1.0248,1.0247,1.0200,1.0200,1.0200,1.0200,1.0201,1.0201,1.0201,1.0200,1.0200,1.0197,1.0184,1.0184,1.0199,1.0198,1.0190,1.0194,1.0194,1.0199,1.0199,1.0168,1.0155,1.0155,1.0181,1.0180,1.0154,1.0164,1.0164,1.0164,1.0197,1.0197,1.0198,0.9853,0.9855,1.0195,1.0196,1.0242,0.9763,0.9764,0.9933,0.9934
6.1326,1.0247,1.0246,1.0248,1.0247,1.0248,1.0247,1.0200,1.0200,1.0200,1.0200,1.0201,1.0201,1.0201,1.0200,1.0200,1.0197,1.0184,1.0184,1.0199,1.0198,1.0190,1.0194,1.0194,1.0199,1.0199,1.0168,1.0155,1.0155,1.0181,1.0180,1.0154,1.0164,1.0164,1.0164,1.0197,1.0197,1.0198,0.9853,0.9855,1.0195,1.0196,1.0242,0.9763,0.9764,0.9933,0.9934
6.1426,1.0247,1.0246,1.0248,1.0247,1.0248,1.0247,1.0200,1.0200,1.0200,1.0200,1.0201,1.0201,1.0201,1.0200,1.0200,1.0197,1.0184,1.0184,1.0199,1.0198,1.0190,1.0194,1.0194,1.0199,1.0199,1.0168,1.0155,1.0155,1.0181,1.0180,1.0154,1.0164,1.0164,1.0164,1.0197,1.0197,1.0198,0.9853,0.9855,1.0195,1.0196,1.0242,0.9763,0.9764,0.9933,0.9934
6.1526,1.0247,1.0246,1.0248,1.0247,1.0248,1.0247,1.0200,1.0200,1.0200,1.0200,1.0201,1.0201,1.0201,1.0200,1.0200,1.0197,1.0184,1.0184,1.0199,1.0198,1.0190,1.0194,1.0194,1.0199,1.0199,1.0168,1.0155,1.0155,1.0181,1.0180,1.0154,1.0164,1.0164,1.0164,1.0197,1.0197,1.0198,0.9853,0.9855,1.0195,1.0196,1.0242,0.9763,0.9764,0.9933,0.9934
6.1626,1.0247,1.0246,1.0248,1.0247,1.0248,1.0247,1.0200,1.0200,1.0200,1.0200,1.0201,1.0201,1.0201,1.0200,1.0200,1.0197,1.0184,1.0184,1.0199,1.0198,1.0190,1.0194,1.0194,1.0199,1.0199,1.0168,1.0155,1.0155,1.0181,1.0180,1.0154,1.0164,1.0164,1.0164,1.0197,1.0197,1.0198,0.9853,0.9855,1.0195,1.0196,1.0242,0.9763,0.9764,0.9933,0.9934
6.1726,1.0247,1.0246,1.0248,1.0247,1.0248,1.0247,1.0200,1.0200,1.0200,1.0200,1.0201,1.0201,1.0201,1.0200,1.0200,1.0197,1.0184,1.0184,1.0199,1.0198,1.0190,1.0194,1.0194,1.0199,1.0199,1.0168,1.0155,1.0155,1.0181,1.0180,1.0154,1.0164,1.0164,1.0164,1.0197,1.0197,1.0198,0.9853,0.9855,1.0195,1.0196,1.0242,0.9763,0.9764,0.9933,0.9934
6.1826,1.0247,1.0246,1.0248,1.0247,1.0248,1.0247,1.0200,1.0200,1.0200,1.0200,1.0201,1.0201,1.0201,1.0200,1.0200,1.0197,1.0184,1.0184,1.0199,1.0198,1.0190,1.0194,1.0194,1.0199,1.0199,1.0168,1.0155,1.0155,1.0181,1.0180,1.0154,1.0164,1.0164,1.0164,1.0197,1.0197,1.0198,0.9853,0.9855,1.0195,1.0196,1.0242,0.9763,0.9764,0.9933,0.9934
6.1926,1.0247,1.0246,1.0248,1.0247,1.0248,1.0247,1.0200,1.0200,1.0200,1.0200,1.0201,1.0201,1.0201,1.0200,1.0200,1.0197,1.0184,1.0184,1.0199,1.0198,1.0190,1.0194,1.0194,1.0199,1.0199,1.0168,1.0155,1.0155,1.0181,1.0180,1.0154,1.0164,1.0164,1.0164,1.0197,1.0197,1.0198,0.9853,0.9855,1.0195,1.0196,1.0242,0.9763,0.9764,0.9933,0.9934
6.2026,1.0247,1.0246,1.0248,1.0247,1.0248,1.0247,1.0200,1.0200,1.0200,1.0200,1.0201,1.0201,1.0201,1.0200,1.0200,1.0197,1.0184,1.0184,1.0199,1.0198,1.0190,1.0194,1.0194,1.0199,1.0199,1.0168,1.0155,1.0155,1.0181,1.0180,1.0154,1.0164,1.0164,1.0164,1.0197,1.0197,1.0198,0.9853,0.9855,1.0195,1.0196,1.0242,0.9763,0.9764,0.9933,0.9934
6.2126,1.0247,1.0246,1.0248,1.0247,1.0248,1.0247,1.0200,1.0200,1.0200,1.0200,1.0201,1.0201,1.0201,1.0200,1.0200,1.0197,1.0184,1.0184,1.0199,1.0198,1.0190,1.0194,1.0194,1.0199,1.0199,1.0168,1.0155,1.0155,1.0181,1.0180,1.0154,1.0164,1.0164,1.0164,1.0197,1.0197,1.0198,0.9853,0.9855,1.0195,1.0196,1.0242,0.9763,0.9764,0.9933,0.9934
6.2226,1.0247,1.0246,1.0248,1.0247,1.0248,1.0247,1.0200,1.0200,1.0200,1.0200,1.0201,1.0201,1.0201,1.0200,1.0200,1.0197,1.0184,1.0184,1.0199,1.0198,1.0190,1.0194,1.0194,1.0199,1.0199,1.0168,1.0155,1.0155,1.0181,1.0180,1.0154,1.0164,1.0164,1.0164,1.0197,1.0197,1.0198,0.9853,0.9855,1.0195,1.0196,1.0242,0.9763,0.9764,0.9933,0.9934
6.2326,1.0247,1.0246,1.0248,1.0247,1.0248,1.0247,1.0200,1.0200,1.0200,1.0200,1.0201,1.0201,1.0201,1.0200,1.0200,1.0197,1.0184,1.0184,1.0199,1.0198,1.0190,1.0194,1.0194,1.0199,1.0199,1.0168,1.0155,1.0155,1.0181,1.0180,1.0154,1.0164,1.0164,1.0164,1.0197,1.0197,1.0198,0.9853,0.9855,1.0195,1.0196,1.0242,0.9763,0.9764,0.9933,0.9934
6.2426,1.0247,1.0246,1.0248,1.0247,1.0248,1.0247,1.0200,1.0200,1.0200,1.0200,1.0201,1.0201,1.0201,1.0200,1.0200,1.0197,1.0184,1.0184,1.0199,1.0198,1.0190,1.0194,1.0194,1.0199,1.0199,1.0168,1.0155,1.0155,1.0181,1.0180,1.0154,1.0164,1.0164,1.0164,1.0197,1.0197,1.0198,0.9853,0.9855,1.0195,1.0196,1.0242,0.9763,0.9764,0.9933,0.9934
6.2526,1.0247,1.0246,1.0248,1.0247,1.0248,1.0247,1.0200,1.0200,1.0200,1.0200,1.0201,1.0201,1.0201,1.0200,1.0200,1.0197,1.0184,1.0184,1.0199,1.0198,1.0190,1.0194,1.0194,1.0199,1.0199,1.0168,1.0155,1.0155,1.0181,1.0180,1.0154,1.0164,1.0164,1.0164,1.0197,1.0197,1.0198,0.9853,0.9855,1.0195,1.0196,1.0242,0.9763,0.9764,0.9933,0.9934
6.2626,1.0247,1.0246,1.0248,1.0247,1.0248,1.0247,1.0200,1.0200,1.0200,1.0200,1.0201,1.0201,1.0201,1.0200,1.0200,1.0197,1.0184,1.0184,1.0199,1.0198,1.0190,1.0194,1.0194,1.0199,1.0199,1.0168,1.0155,1.0155,1.0181,1.0180,1.0154,1.0164,1.0164,1.0164,1.0197,1.0197,1.0198,0.9853,0.9855,1.0195,1.0196,1.0242,0.9763,0.9764,0.9933,0.9934
6.2726,1.0247,1.0246,1.0248,1.0247,1.0248,1.0247,1.0200,1.0200,1.0200,1.0200,1.0201,1.0201,1.0201,1.0200,1.0200,1.0197,1.0184,1.0184,1.0199,1.0198,1.0190,1.0194,1.0194,1.0199,1.0199,1.0168,1.0155,1.0155,1.0181,1.0180,1.0154,1.0164,1.0164,1.0164,1.0197,1.0197,1.0198,0.9853,0.9855,1.0195,1.0196,1.0242,0.9763,0.9764,0.9933,0.9934
6.2826,1.0247,1.0246,1.0248,1.0246,1.0248,1.0247,1.0200,1.0200,1.0200,1.0200,1.0201,1.0201,1.0201,1.0200,1.0200,1.0197,1.0184,1.0184,1.0199,1.0198,1.0190,1.0194,1.0194,1.0199,1.0199,1.0168,1.0155,1.0155,1.0181,1.0180,1.0154,1.0164,1.0164,1.0164,1.0197,1.0197,1.0198,0.9853,0.9855,1.0195,1.0196,1.0242,0.9763,0.9764,0.9933,0.9934
6.2926,1.0247,1.0246,1.0248,1.0246,1.0248,1.0247,1.0200,1.0200,1.0200,1.0200,1.0201,1.0201,1.0201,1.0200,1.0200,1.0197,1.0184,1.0184,1.0199,1.0198,1.0190,1.0194,1.0194,1.0199,1.0199,1.0168,1.0155,1.0155,1.0181,1.0180,1.0154,1.0164,1.0164,1.0164,1.0197,1.0197,1.0198,0.9853,0.9855,1.0195,1.0196,1.0242,0.9763,0.9764,0.9933,0.9934
6.3026,1.0247,1.0246,1.0248,1.0246,1.0248,1.0247,1.0200,1.0200,1.0200,1.0200,1.0201,1.0201,1.0201,1.0200,1.0200,1.0197,1.0184,1.0184,1.0199,1.0198,1.0190,1.0194,1.0194,1.0199,1.0199,1.0168,1.0155,1.0155,1.0181,1.0180,1.0154,1.0164,1.0164,1.0164,1.0197,1.0197,1.0198,0.9853,0.9855,1.0195,1.0196,1.0242,0.9763,0.9764,0.9933,0.9934
6.3126,1.0247,1.0246,1.0248,1.0246,1.0248,1.0247,1.0200,1.0200,1.0200,1.0200,1.0201,1.0201,1.0201,1.0200,1.0200,1.0197,1.0184,1.0184,1.0199,1.0198,1.0190,1.0194,1.0194,1.0199,1.0199,1.0168,1.0155,1.0155,1.0181,1.0180,1.0154,1.0164,1.0164,1.0164,1.0197,1.0197,1.0198,0.9853,0.9855,1.0195,1.0196,1.0242,0.9763,0.9764,0.9933,0.9934
6.3226,1.0247,1.0246,1.0248,1.0246,1.0248,1.0247,1.0200,1.0200,1.0200,1.0200,1.0201,1.0201,1.0201,1.0200,1.0200,1.0197,1.0184,1.0184,1.0199,1.0198,1.0190,1.0194,1.0194,1.0199,1.0199,1.0168,1.0155,1.0155,1.0181,1.0180,1.0154,1.0164,1.0164,1.0164,1.0197,1.0197,1.0198,0.9853,0.9855,1.0195,1.0196,1.0242,0.9763,0.9764,0.9933,0.9934
6.3326,1.0247,1.0246,1.0248,1.0246,1.0248,1.0247,1.0200,1.0200,1.0200,1.0200,1.0201,1.0201,1.0201,1.0200,1.0200,1.0197,1.0184,1.0184,1.0199,1.0198,1.0190,1.0194,1.0194,1.0199,1.0199,1.0168,1.0155,1.0155,1.0181,1.0180,1.0154,1.0164,1.0164,1.0164,1.0197,1.0197,1.0198,0.9853,0.9855,1.0195,1.0196,1.0242,0.9763,0.9764,0.9933,0.9934
6.3426,1.0247,1.0246,1.0248,1.0246,1.0248,1.0247,1.0200,1.0200,1.0200,1.0200,1.0201,1.0201,1.0201,1.0200,1.0200,1.0197,1.0184,1.0184,1.0199,1.0198,1.0190,1.0194,1.0194,1.0199,1.0199,1.0168,1.0155,1.0155,1.0181,1.0180,1.0154,1.0164,1.0164,1.0164,1.0197,1.0197,1.0198,0.9853,0.9855,1.0195,1.0196,1.0242,0.9763,0.9764,0.9933,0.9934
6.3526,1.0247,1.0246,1.0248,1.0246,1.0248,1.0247,1.0200,1.0200,1.0200,1.0200,1.0201,1.0201,1.0201,1.0200,1.0200,1.0197,1.0184,1.0184,1.0199,1.0198,1.0190,1.0194,1.0194,1.0199,1.0199,1.0168,1.0155,1.0155,1.0181,1.0180,1.0154,1.0164,1.0164,1.0164,1.0197,1.0197,1.0198,0.9853,0.9855,1.0195,1.0196,1.0242,0.9763,0.9764,0.9933,0.9934
6.3626,1.0247,1.0246,1.0248,1.0246,1.0248,1.0247,1.0200,1.0200,1.0200,1.0200,1.0201,1.0201,1.0201,1.0200,1.0200,1.0197,1.0184,1.0184,1.0199,1.0198,1.0190,1.0194,1.0194,1.0199,1.0199,1.0168,1.0155,1.0155,1.0181,1.0180,1.0154,1.0164,1.0164,1.0164,1.0197,1.0197,1.0198,0.9853,0.9855,1.0195,1.0196,1.0242,0.9763,0.9764,0.9933,0.9934
6.3726,1.0247,1.0246,1.0248,1.0246,1.0248,1.0247,1.0200,1.0200,1.0200,1.0200,1.0201,1.0201,1.0201,1.0200,1.0200,1.0197,1.0184,1.0184,1.0199,1.0198,1.0190,1.0194,1.0194,1.0199,1.0199,1.0168,1.0155,1.0155,1.0181,1.0180,1.0154,1.0164,1.0164,1.0164,1.0197,1.0197,1.0198,0.9853,0.9855,1.0195,1.0196,1.0242,0.9763,0.9764,0.9933,0.9934
6.3826,1.0247,1.0246,1.0248,1.0246,1.0248,1.0247,1.0200,1.0200,1.0200,1.0200,1.0201,1.0201,1.0201,1.0200,1.0200,1.0197,1.0184,1.0184,1.0199,1.0198,1.0190,1.0194,1.0194,1.0199,1.0199,1.0168,1.0155,1.0155,1.0181,1.0180,1.0154,1.0164,1.0164,1.0164,1.0197,1.0197,1.0198,0.9853,0.9855,1.0195,1.0196,1.0242,0.9763,0.9764,0.9933,0.9934
6.3926,1.0247,1.0246,1.0248,1.0246,1.0248,1.0247,1.0200,1.0200,1.0200,1.0200,1.0201,1.0201,1.0201,1.0200,1.0200,1.0197,1.0184,1.0184,1.0199,1.0198,1.0190,1.0194,1.0194,1.0199,1.0199,1.0168,1.0155,1.0155,1.0181,1.0180,1.0154,1.0164,1.0164,1.0164,1.0197,1.0197,1.0198,0.9853,0.9855,1.0195,1.0196,1.0242,0.9763,0.9764,0.9933,0.9934
6.4026,1.0247,1.0246,1.0248,1.0246,1.0248,1.0247,1.0200,1.0200,1.0200,1.0200,1.0201,1.0201,1.0201,1.0200,1.0200,1.0197,1.0184,1.0184,1.0199,1.0198,1.0190,1.0194,1.0194,1.0199,1.0199,1.0168,1.0155,1.0155,1.0181,1.0180,1.0154,1.0164,1.0164,1.0164,1.0197,1.0197,1.0198,0.9853,0.9855,1.0195,1.0196,1.0242,0.9763,0.9764,0.9933,0.9934
6.4126,1.0247,1.0246,1.0248,1.0246,1.0248,1.0247,1.0200,1.0200,1.0200,1.0200,1.0201,1.0201,1.0201,1.0200,1.0200,1.0197,1.0184,1.0184,1.0199,1.0198,1.0190,1.0194,1.0194,1.0199,1.0199,1.0168,1.0155,1.0155,1.0181,1.0180,1.0154,1.0164,1.0164,1.0164,1.0197,1.0197,1.0198,0.9853,0.9855,1.0195,1.0196,1.0242,0.9763,0.9764,0.9933,0.9934
6.4226,1.0247,1.0246,1.0248,1.0246,1.0248,1.0247,1.0200,1.0200,1.0200,1.0200,1.0201,1.0201,1.0201,1.0200,1.0200,1.0197,1.0184,1.0184,1.0199,1.0198,1.0190,1.0194,1.0194,1.0199,1.0199,1.0168,1.0155,1.0155,1.0181,1.0180,1.0154,1.0164,1.0164,1.0164,1.0197,1.0197,1.0198,0.9853,0.9855,1.0195,1.0196,1.0242,0.9763,0.9764,0.9933,0.9934
6.4326,1.0247,1.0246,1.0248,1.0246,1.0248,1.0247,1.0200,1.0200,1.0200,1.0200,1.0201,1.0201,1.0201,1.0200,1.0200,1.0197,1.0184,1.0184,1.0199,1.0198,1.0190,1.0194,1.0194,1.0199,1.0199,1.0168,1.0155,1.0155,1.0181,1.0180,1.0154,1.0164,1.0164,1.0164,1.0197,1.0197,1.0198,0.9853,0.9855,1.0195,1.0196,1.0242,0.9763,0.9764,0.9933,0.9934
6.4426,1.0247,1.0246,1.0248,1.0246,1.0248,1.0247,1.0200,1.0200,1.0200,1.0200,1.0201,1.0201,1.0201,1.0200,1.0200,1.0197,1.0184,1.0184,1.0199,1.0198,1.0190,1.0194,1.0194,1.0199,1.0199,1.0168,1.0155,1.0155,1.0181,1.0180,1.0154,1.0164,1.0164,1.0164,1.0197,1.0197,1.0198,0.9853,0.9855,1.0195,1.0196,1.0242,0.9763,0.9764,0.9933,0.9934
6.4526,1.0247,1.0246,1.0248,1.0246,1.0248,1.0247,1.0200,1.0200,1.0200,1.0200,1.0201,1.0201,1.0201,1.0200,1.0200,1.0197,1.0184,1.0184,1.0199,1.0198,1.0190,1.0194,1.0194,1.0199,1.0199,1.0168,1.0155,1.0155,1.0181,1.0180,1.0154,1.0164,1.0164,1.0164,1.0197,1.0197,1.0198,0.9853,0.9855,1.0195,1.0196,1.0242,0.9763,0.9764,0.9933,0.9934
6.4626,1.0247,1.0246,1.0248,1.0246,1.0248,1.0247,1.0200,1.0200,1.0200,1.0200,1.0201,1.0201,1.0201,1.0200,1.0200,1.0197,1.0184,1.0184,1.0199,1.0198,1.0190,1.0194,1.0194,1.0199,1.0199,1.0168,1.0155,1.0155,1.0181,1.0180,1.0154,1.0164,1.0164,1.0164,1.0197,1.0197,1.0198,0.9853,0.9855,1.0195,1.0196,1.0242,0.9763,0.9764,0.9933,0.9934
6.4726,1.0247,1.0246,1.0248,1.0246,1.0248,1.0247,1.0200,1.0200,1.0200,1.0200,1.0201,1.0201,1.0201,1.0200,1.0200,1.0197,1.0184,1.0184,1.0199,1.0198,1.0190,1.0194,1.0194,1.0199,1.0199,1.0168,1.0155,1.0155,1.0181,1.0180,1.0154,1.0164,1.0164,1.0164,1.0197,1.0197,1.0198,0.9853,0.9855,1.0195,1.0196,1.0242,0.9763,0.9764,0.9933,0.9934
6.4826,1.0247,1.0246,1.0248,1.0246,1.0248,1.0247,1.0200,1.0200,1.0200,1.0200,1.0201,1.0201,1.0201,1.0200,1.0200,1.0197,1.0184,1.0184,1.0199,1.0198,1.0190,1.0194,1.0194,1.0199,1.0199,1.0168,1.0155,1.0155,1.0181,1.0180,1.0154,1.0164,1.0164,1.0164,1.0197,1.0197,1.0198,0.9853,0.9855,1.0195,1.0196,1.0242,0.9763,0.9764,0.9933,0.9934
6.4926,1.0247,1.0246,1.0248,1.0246,1.0248,1.0247,1.0200,1.0200,1.0200,1.0200,1.0201,1.0201,1.0201,1.0200,1.0200,1.0197,1.0184,1.0184,1.0199,1.0198,1.0190,1.0194,1.0194,1.0199,1.0199,1.0168,1.0155,1.0155,1.0181,1.0180,1.0154,1.0164,1.0164,1.0164,1.0197,1.0197,1.0198,0.9853,0.9855,1.0195,1.0196,1.0242,0.9763,0.9764,0.9933,0.9934
6.5026,1.0247,1.0246,1.0248,1.0246,1.0248,1.0247,1.0200,1.0200,1.0200,1.0200,1.0201,1.0201,1.0201,1.0200,1.0200,1.0197,1.0184,1.0184,1.0199,1.0198,1.0190,1.0194,1.0194,1.0199,1.0199,1.0168,1.0155,1.0155,1.0181,1.0180,1.0154,1.0164,1.0164,1.0164,1.0197,1.0197,1.0198,0.9853,0.9855,1.0195,1.0196,1.0242,0.9763,0.9764,0.9933,0.9934
6.5126,1.0247,1.0246,1.0248,1.0246,1.0248,1.0247,1.0200,1.0200,1.0200,1.0200,1.0201,1.0201,1.0201,1.0200,1.0200,1.0197,1.0184,1.0184,1.0199,1.0198,1.0190,1.0194,1.0194,1.0199,1.0199,1.0168,1.0155,1.0155,1.0181,1.0180,1.0154,1.0164,1.0164,1.0164,1.0197,1.0197,1.0198,0.9853,0.9855,1.0195,1.0196,1.0242,0.9763,0.9764,0.9933,0.9934
6.5226,1.0247,1.0246,1.0248,1.0246,1.0248,1.0247,1.0200,1.0200,1.0200,1.0200,1.0201,1.0201,1.0201,1.0200,1.0200,1.0197,1.0184,1.0184,1.0199,1.0198,1.0190,1.0194,1.0194,1.0199,1.0199,1.0168,1.0155,1.0155,1.0181,1.0180,1.0154,1.0164,1.0164,1.0164,1.0197,1.0197,1.0198,0.9853,0.9855,1.0195,1.0196,1.0242,0.9763,0.9764,0.9933,0.9934
6.5326,1.0247,1.0246,1.0248,1.0246,1.0248,1.0247,1.0200,1.0200,1.0200,1.0200,1.0201,1.0201,1.0201,1.0200,1.0200,1.0197,1.0184,1.0184,1.0199,1.0198,1.0190,1.0194,1.0194,1.0199,1.0199,1.0168,1.0155,1.0155,1.0181,1.0180,1.0154,1.0164,1.0164,1.0164,1.0197,1.0197,1.0198,0.9853,0.9855,1.0195,1.0196,1.0242,0.9763,0.9764,0.9933,0.9934
6.5426,1.0247,1.0246,1.0248,1.0246,1.0248,1.0247,1.0200,1.0200,1.0200,1.0200,1.0201,1.0201,1.0201,1.0200,1.0200,1.0197,1.0184,1.0184,1.0199,1.0198,1.0190,1.0194,1.0194,1.0199,1.0199,1.0168,1.0155,1.0155,1.0181,1.0180,1.0154,1.0164,1.0164,1.0164,1.0197,1.0197,1.0198,0.9853,0.9855,1.0195,1.0196,1.0242,0.9763,0.9764,0.9933,0.9934
6.5526,1.0247,1.0246,1.0248,1.0246,1.0248,1.0247,1.0200,1.0200,1.0200,1.0200,1.0201,1.0201,1.0201,1.0200,1.0200,1.0197,1.0184,1.0184,1.0199,1.0198,1.0190,1.0194,1.0194,1.0199,1.0199,1.0168,1.0155,1.0155,1.0181,1.0180,1.0154,1.0164,1.0164,1.0164,1.0197,1.0197,1.0198,0.9853,0.9855,1.0195,1.0196,1.0242,0.9763,0.9764,0.9933,0.9934
6.5626,1.0247,1.0246,1.0248,1.0246,1.0248,1.0246,1.0200,1.0200,1.0200,1.0200,1.0201,1.0201,1.0201,1.0200,1.0200,1.0197,1.0184,1.0184,1.0199,1.0198,1.0190,1.0194,1.0194,1.0199,1.0199,1.0167,1.0155,1.0155,1.0181,1.0180,1.0154,1.0164,1.0164,1.0164,1.0197,1.0197,1.0198,0.9853,0.9855,1.0195,1.0196,1.0242,0.9763,0.9764,0.9933,0.9934
6.5726,1.0247,1.0246,1.0248,1.0246,1.0248,1.0246,1.0200,1.0200,1.0200,1.0200,1.0201,1.0201,1.0201,1.0200,1.0200,1.0197,1.0184,1.0184,1.0199,1.0198,1.0190,1.0194,1.0194,1.0199,1.0199,1.0167,1.0155,1.0155,1.0181,1.0180,1.0154,1.0164,1.0164,1.0164,1.0197,1.0197,1.0198,0.9853,0.9855,1.0195,1.0196,1.0242,0.9763,0.9764,0.9933,0.9934
6.5826,1.0247,1.0246,1.0248,1.0246,1.0248,1.0246,1.0200,1.0200,1.0200,1.0200,1.0201,1.0201,1.0201,1.0200,1.0200,1.0197,1.0184,1.0184,1.0199,1.0198,1.0190,1.0194,1.0194,1.0199,1.0199,1.0167,1.0155,1.0155,1.0181,1.0180,1.0154,1.0164,1.0164,1.0164,1.0197,1.0197,1.0198,0.9853,0.9855,1.0195,1.0196,1.0242,0.9763,0.9764,0.9933,0.9934
6.5926,1.0247,1.0246,1.0248,1.0246,1.0248,1.0246,1.0200,1.0200,1.0200,1.0200,1.0201,1.0201,1.0201,1.0200,1.0200,1.0197,1.0184,1.0184,1.0199,1.0198,1.0190,1.0194,1.0194,1.0199,1.0199,1.0167,1.0155,1.0155,1.0181,1.0180,1.0154,1.0164,1.0164,1.0164,1.0197,1.0197,1.0198,0.9853,0.9855,1.0195,1.0196,1.0242,0.9763,0.9764,0.9933,0.9934
6.6026,1.0247,1.0246,1.0248,1.0246,1.0248,1.0246,1.0200,1.0200,1.0200,1.0200,1.0201,1.0201,1.0201,1.0200,1.0200,1.0197,1.0184,1.0184,1.0199,1.0198,1.0190,1.0194,1.0194,1.0199,1.0199,1.0167,1.0155,1.0155,1.0181,1.0180,1.0154,1.0164,1.0164,1.0164,1.0197,1.0197,1.0198,0.9853,0.9855,1.0195,1.0196,1.0242,0.9763,0.9764,0.9933,0.9934
6.6126,1.0247,1.0246,1.0248,1.0246,1.0248,1.0246,1.0200,1.0200,1.0200,1.0200,1.0201,1.0201,1.0201,1.0200,1.0200,1.0197,1.0184,1.0184,1.0199,1.0198,1.0190,1.0194,1.0194,1.0199,1.0199,1.0167,1.0155,1.0155,1.0181,1.0180,1.0154,1.0164,1.0164,1.0164,1.0197,1.0197,1.0198,0.9853,0.9855,1.0195,1.0196,1.0242,0.9763,0.9764,0.9933,0.9934
6.6226,1.0247,1.0246,1.0248,1.0246,1.0248,1.0246,1.0200,1.0200,1.0200,1.0200,1.0201,1.0201,1.0201,1.0200,1.0200,1.0197,1.0184,1.0184,1.0199,1.0198,1.0190,1.0194,1.0194,1.0199,1.0199,1.0167,1.0155,1.0155,1.0181,1.0180,1.0154,1.0164,1.0164,1.0164,1.0197,1.0197,1.0198,0.9853,0.9855,1.0195,1.0196,1.0242,0.9763,0.9764,0.9933,0.9934
6.6326,1.0247,1.0246,1.0248,1.0246,1.0248,1.0246,1.0200,1.0200,1.0200,1.0200,1.0201,1.0201,1.0201,1.0200,1.0200,1.0197,1.0184,1.0184,1.0199,1.0198,1.0190,1.0194,1.0194,1.0199,1.0199,1.0167,1.0155,1.0155,1.0181,1.0180,1.0154,1.0164,1.0164,1.0164,1.0197,1.0197,1.0198,0.9853,0.9855,1.0195,1.0196,1.0242,0.9763,0.9764,0.9933,0.9934
6.6426,1.0247,1.0246,1.0248,1.0246,1.0248,1.0246,1.0200,1.0200,1.0200,1.0200,1.0201,1.0201,1.0201,1.0200,1.0200,1.0197,1.0184,1.0184,1.0199,1.0198,1.0190,1.0194,1.0194,1.0199,1.0199,1.0167,1.0155,1.0155,1.0181,1.0180,1.0154,1.0164,1.0164,1.0164,1.0197,1.0197,1.0198,0.9853,0.9855,1.0195,1.0196,1.0242,0.9763,0.9764,0.9933,0.9934
6.6526,1.0247,1.0246,1.0248,1.0246,1.0248,1.0246,1.0200,1.0200,1.0200,1.0200,1.0201,1.0201,1.0201,1.0200,1.0200,1.0197,1.0184,1.0184,1.0199,1.0198,1.0190,1.0194,1.0194,1.0199,1.0199,1.0167,1.0155,1.0155,1.0181,1.0180,1.0154,1.0164,1.0164,1.0164,1.0197,1.0197,1.0198,0.9853,0.9855,1.0195,1.0196,1.0242,0.9763,0.9764,0.9933,0.9934
6.6626,1.0247,1.0246,1.0248,1.0246,1.0248,1.0246,1.0200,1.0200,1.0200,1.0200,1.0201,1.0201,1.0201,1.0200,1.0200,1.0197,1.0184,1.0184,1.0199,1.0198,1.0190,1.0194,1.0194,1.0199,1.0199,1.0167,1.0155,1.0155,1.0181,1.0180,1.0154,1.0164,1.0164,1.0164,1.0197,1.0197,1.0198,0.9853,0.9855,1.0195,1.0196,1.0242,0.9763,0.9764,0.9933,0.9934
6.6726,1.0247,1.0246,1.0248,1.0246,1.0248,1.0246,1.0200,1.0200,1.0200,1.0200,1.0201,1.0201,1.0201,1.0200,1.0200,1.0197,1.0184,1.0184,1.0199,1.0198,1.0190,1.0194,1.0194,1.0199,1.0199,1.0167,1.0155,1.0155,1.0181,1.0180,1.0154,1.0164,1.0164,1.0164,1.0197,1.0197,1.0198,0.9853,0.9855,1.0195,1.0196,1.0242,0.9763,0.9764,0.9933,0.9934
6.6826,1.0247,1.0246,1.0248,1.0246,1.0248,1.0246,1.0200,1.0200,1.0200,1.0200,1.0201,1.0201,1.0201,1.0200,1.0200,1.0197,1.0184,1.0184,1.0199,1.0198,1.0190,1.0194,1.0194,1.0199,1.0199,1.0167,1.0155,1.0155,1.0181,1.0180,1.0154,1.0164,1.0164,1.0164,1.0197,1.0197,1.0198,0.9853,0.9855,1.0195,1.0196,1.0242,0.9763,0.9764,0.9933,0.9934
6.6926,1.0247,1.0246,1.0248,1.0246,1.0248,1.0246,1.0200,1.0200,1.0200,1.0200,1.0201,1.0201,1.0201,1.0200,1.0200,1.0197,1.0184,1.0184,1.0199,1.0198,1.0190,1.0194,1.0194,1.0199,1.0199,1.0167,1.0155,1.0155,1.0181,1.0180,1.0154,1.0164,1.0164,1.0164,1.0197,1.0197,1.0198,0.9853,0.9855,1.0195,1.0196,1.0242,0.9763,0.9764,0.9933,0.9934
6.7026,1.0247,1.0246,1.0248,1.0246,1.0248,1.0246,1.0200,1.0200,1.0200,1.0200,1.0201,1.0201,1.0201,1.0200,1.0200,1.0196,1.0184,1.0184,1.0199,1.0198,1.0190,1.0194,1.0194,1.0199,1.0199,1.0167,1.0155,1.0155,1.0181,1.0180,1.0154,1.0164,1.0164,1.0164,1.0197,1.0197,1.0198,0.9853,0.9855,1.0195,1.0196,1.0242,0.9763,0.9764,0.9933,0.9934
6.7126,1.0247,1.0246,1.0248,1.0246,1.0248,1.0246,1.0200,1.0200,1.0200,1.0200,1.0201,1.0201,1.0201,1.0200,1.0200,1.0196,1.0184,1.0184,1.0199,1.0198,1.0190,1.0194,1.0194,1.0199,1.0199,1.0167,1.0155,1.0155,1.0181,1.0180,1.0154,1.0164,1.0164,1.0164,1.0197,1.0197,1.0198,0.9853,0.9855,1.0195,1.0196,1.0242,0.9763,0.9764,0.9933,0.9934
6.7226,1.0247,1.0246,1.0248,1.0246,1.0248,1.0246,1.0200,1.0200,1.0200,1.0200,1.0201,1.0201,1.0201,1.0200,1.0200,1.0196,1.0184,1.0184,1.0199,1.0198,1.0190,1.0194,1.0194,1.0199,1.0199,1.0167,1.0155,1.0155,1.0181,1.0180,1.0154,1.0164,1.0164,1.0164,1.0197,1.0197,1.0198,0.9853,0.9855,1.0195,1.0196,1.0242,0.9763,0.9764,0.9933,0.9934
6.7326,1.0247,1.0246,1.0248,1.0246,1.0248,1.0246,1.0200,1.0200,1.0200,1.0200,1.0201,1.0201,1.0201,1.0200,1.0200,1.0196,1.0184,1.0184,1.0199,1.0198,1.0190,1.0194,1.0194,1.0199,1.0199,1.0167,1.0155,1.0155,1.0181,1.0180,1.0154,1.0164,1.0164,1.0164,1.0197,1.0197,1.0198,0.9853,0.9855,1.0195,1.0196,1.0242,0.9763,0.9764,0.9933,0.9934
6.7426,1.0247,1.0246,1.0248,1.0246,1.0248,1.0246,1.0200,1.0200,1.0200,1.0200,1.0201,1.0201,1.0201,1.0200,1.0200,1.0196,1.0184,1.0184,1.0199,1.0198,1.0190,1.0194,1.0194,1.0199,1.0199,1.0167,1.0155,1.0155,1.0181,1.0180,1.0154,1.0164,1.0164,1.0164,1.0197,1.0197,1.0198,0.9853,0.9855,1.0195,1.0196,1.0242,0.9763,0.9764,0.9933,0.9934
6.7526,1.0247,1.0246,1.0248,1.0246,1.0248,1.0246,1.0200,1.0200,1.0200,1.0200,1.0201,1.0201,1.0201,1.0200,1.0200,1.0196,1.0184,1.0184,1.0199,1.0198,1.0190,1.0194,1.0194,1.0199,1.0199,1.0167,1.0155,1.0155,1.0181,1.0180,1.0154,1.0164,1.0164,1.0164,1.0197,1.0197,1.0198,0.9853,0.9855,1.0195,1.0196,1.0242,0.9763,0.9764,0.9933,0.9934
6.7626,1.0247,1.0246,1.0248,1.0246,1.0248,1.0246,1.0200,1.0200,1.0200,1.0200,1.0201,1.0201,1.0201,1.0200,1.0200,1.0196,1.0184,1.0184,1.0199,1.0198,1.0190,1.0194,1.0194,1.0199,1.0199,1.0167,1.0155,1.0155,1.0181,1.0180,1.0154,1.0164,1.0164,1.0164,1.0197,1.0197,1.0198,0.9853,0.9855,1.0195,1.0196,1.0242,0.9763,0.9764,0.9933,0.9934
6.7726,1.0247,1.0246,1.0248,1.0246,1.0248,1.0246,1.0200,1.0200,1.0200,1.0200,1.0201,1.0201,1.0201,1.0200,1.0200,1.0196,1.0184,1.0184,1.0199,1.0198,1.0190,1.0194,1.0194,1.0199,1.0199,1.0167,1.0155,1.0155,1.0181,1.0180,1.0154,1.0164,1.0164,1.0164,1.0197,1.0197,1.0198,0.9853,0.9855,1.0195,1.0196,1.0242,0.9763,0.9764,0.9933,0.9934
6.7826,1.0247,1.0246,1.0248,1.0246,1.0248,1.0246,1.0200,1.0200,1.0200,1.0200,1.0201,1.0201,1.0201,1.0200,1.0200,1.0196,1.0184,1.0184,1.0199,1.0198,1.0190,1.0194,1.0194,1.0199,1.0199,1.0167,1.0155,1.0155,1.0181,1.0180,1.0154,1.0164,1.0164,1.0164,1.0197,1.0197,1.0198,0.9853,0.9855,1.0195,1.0196,1.0242,0.9763,0.9764,0.9933,0.9934
6.7926,1.0247,1.0246,1.0248,1.0246,1.0248,1.0246,1.0200,1.0200,1.0200,1.0200,1.0201,1.0201,1.0201,1.0200,1.0200,1.0196,1.0184,1.0184,1.0199,1.0198,1.0190,1.0194,1.0194,1.0199,1.0199,1.0167,1.0155,1.0155,1.0181,1.0180,1.0154,1.0164,1.0164,1.0164,1.0197,1.0197,1.0197,0.9853,0.9855,1.0195,1.0196,1.0242,0.9763,0.9764,0.9933,0.9934
6.8026,1.0247,1.0246,1.0248,1.0246,1.0248,1.0246,1.0200,1.0200,1.0200,1.0200,1.0201,1.0201,1.0201,1.0200,1.0200,1.0196,1.0184,1.0184,1.0199,1.0198,1.0190,1.0194,1.0194,1.0199,1.0199,1.0167,1.0155,1.0155,1.0181,1.0180,1.0154,1.0164,1.0164,1.0164,1.0197,1.0197,1.0197,0.9853,0.9855,1.0195,1.0196,1.0242,0.9763,0.9764,0.9933,0.9934
6.8126,1.0247,1.0246,1.0248,1.0246,1.0248,1.0246,1.0200,1.0200,1.0200,1.0200,1.0201,1.0201,1.0201,1.0200,1.0200,1.0196,1.0184,1.0184,1.0199,1.0198,1.0190,1.0194,1.0194,1.0199,1.0199,1.0167,1.0155,1.0155,1.0181,1.0180,1.0154,1.0164,1.0164,1.0164,1.0197,1.0197,1.0197,0.9853,0.9855,1.0195,1.0196,1.0242,0.9763,0.9764,0.9933,0.9934
6.8226,1.0247,1.0246,1.0248,1.0246,1.0248,1.0246,1.0200,1.0200,1.0200,1.0200,1.0201,1.0201,1.0201,1.0200,1.0200,1.0196,1.0184,1.0184,1.0199,1.0198,1.0190,1.0194,1.0194,1.0199,1.0199,1.0167,1.0155,1.0155,1.0181,1.0180,1.0154,1.0164,1.0164,1.0164,1.0197,1.0197,1.0197,0.9853,0.9855,1.0195,1.0196,1.0242,0.9763,0.9764,0.9933,0.9934
6.8326,1.0247,1.0246,1.0248,1.0246,1.0248,1.0246,1.0200,1.0200,1.0200,1.0200,1.0201,1.0201,1.0201,1.0200,1.0200,1.0196,1.0184,1.0184,1.0199,1.0198,1.0190,1.0194,1.0194,1.0199,1.0199,1.0167,1.0155,1.0155,1.0181,1.0180,1.0154,1.0164,1.0164,1.0164,1.0197,1.0197,1.0197,0.9853,0.9855,1.0195,1.0196,1.0242,0.9763,0.9764,0.9933,0.9934
6.8426,1.0247,1.0246,1.0248,1.0246,1.0248,1.0246,1.0200,1.0200,1.0200,1.0200,1.0201,1.0201,1.0201,1.0200,1.0200,1.0196,1.0184,1.0184,1.0199,1.0198,1.0190,1.0194,1.0194,1.0199,1.0199,1.0167,1.0155,1.0155,1.0181,1.0180,1.0154,1.0164,1.0164,1.0164,1.0197,1.0197,1.0197,0.9853,0.9855,1.0195,1.0196,1.0242,0.9763,0.9764,0.9933,0.9934
6.8526,1.0247,1.0246,1.0248,1.0246,1.0248,1.0246,1.0200,1.0200,1.0200,1.0200,1.0201,1.0201,1.0201,1.0200,1.0200,1.0196,1.0184,1.0184,1.0199,1.0198,1.0190,1.0194,1.0194,1.0199,1.0199,1.0167,1.0155,1.0155,1.0181,1.0180,1.0154,1.0164,1.0164,1.0164,1.0197,1.0197,1.0197,0.9853,0.9855,1.0195,1.0196,1.0242,0.9763,0.9764,0.9933,0.9934
6.8626,1.0247,1.0246,1.0248,1.0246,1.0248,1.0246,1.0200,1.0200,1.0200,1.0200,1.0201,1.0201,1.0201,1.0200,1.0200,1.0196,1.0184,1.0184,1.0199,1.0198,1.0190,1.0194,1.0194,1.0199,1.0199,1.0167,1.0155,1.0155,1.0181,1.0180,1.0154,1.0164,1.0164,1.0164,1.0197,1.0197,1.0197,0.9853,0.9855,1.0195,1.0196,1.0242,0.9763,0.9764,0.9933,0.9934
6.8726,1.0247,1.0246,1.0248,1.0246,1.0248,1.0246,1.0200,1.0200,1.0200,1.0200,1.0201,1.0201,1.0201,1.0200,1.0200,1.0196,1.0184,1.0184,1.0199,1.0198,1.0190,1.0194,1.0194,1.0199,1.0199,1.0167,1.0155,1.0155,1.0181,1.0180,1.0154,1.0164,1.0164,1.0164,1.0197,1.0197,1.0197,0.9853,0.9855,1.0195,1.0196,1.0242,0.9763,0.9764,0.9933,0.9934
6.8826,1.0247,1.0246,1.0248,1.0246,1.0248,1.0246,1.0200,1.0200,1.0200,1.0200,1.0201,1.0201,1.0201,1.0200,1.0200,1.0196,1.0184,1.0184,1.0199,1.0198,1.0190,1.0194,1.0194,1.0199,1.0199,1.0167,1.0155,1.0155,1.0181,1.0180,1.0154,1.0164,1.0164,1.0164,1.0197,1.0197,1.0197,0.9853,0.9855,1.0195,1.0196,1.0242,0.9763,0.9764,0.9933,0.9934
6.8926,1.0247,1.0246,1.0248,1.0246,1.0248,1.0246,1.0200,1.0200,1.0200,1.0200,1.0201,1.0201,1.0201,1.0200,1.0200,1.0196,1.0184,1.0184,1.0199,1.0198,1.0190,1.0194,1.0194,1.0199,1.0199,1.0167,1.0155,1.0155,1.0181,1.0180,1.0154,1.0164,1.0164,1.0164,1.0197,1.0197,1.0197,0.9853,0.9855,1.0195,1.0196,1.0242,0.9763,0.9764,0.9933,0.9934
6.9026,1.0247,1.0246,1.0248,1.0246,1.0248,1.0246,1.0200,1.0200,1.0200,1.0200,1.0201,1.0201,1.0201,1.0200,1.0200,1.0196,1.0184,1.0184,1.0199,1.0198,1.0190,1.0194,1.0194,1.0199,1.0199,1.0167,1.0155,1.0155,1.0181,1.0180,1.0154,1.0164,1.0164,1.0164,1.0197,1.0197,1.0197,0.9853,0.9855,1.0195,1.0196,1.0242,0.9763,0.9764,0.9933,0.9934
6.9126,1.0247,1.0246,1.0248,1.0246,1.0248,1.0246,1.0200,1.0200,1.0200,1.0200,1.0201,1.0201,1.0201,1.0200,1.0200,1.0196,1.0184,1.0184,1.0199,1.0198,1.0190,1.0194,1.0194,1.0199,1.0199,1.0167,1.0155,1.0155,1.0181,1.0180,1.0154,1.0164,1.0164,1.0164,1.0197,1.0197,1.0197,0.9853,0.9855,1.0195,1.0196,1.0242,0.9763,0.9764,0.9933,0.9934
6.9226,1.0247,1.0246,1.0248,1.0246,1.0248,1.0246,1.0200,1.0200,1.0200,1.0200,1.0201,1.0201,1.0201,1.0200,1.0200,1.0196,1.0184,1.0184,1.0199,1.0198,1.0190,1.0194,1.0194,1.0199,1.0199,1.0167,1.0155,1.0155,1.0181,1.0180,1.0154,1.0164,1.0164,1.0164,1.0197,1.0197,1.0197,0.9853,0.9855,1.0195,1.0196,1.0242,0.9763,0.9764,0.9933,0.9934
6.9326,1.0247,1.0246,1.0248,1.0246,1.0248,1.0246,1.0200,1.0200,1.0200,1.0200,1.0201,1.0201,1.0201,1.0200,1.0200,1.0196,1.0184,1.0184,1.0199,1.0198,1.0190,1.0194,1.0194,1.0199,1.0199,1.0167,1.0155,1.0155,1.0181,1.0180,1.0154,1.0164,1.0164,1.0164,1.0197,1.0197,1.0197,0.9853,0.9855,1.0195,1.0196,1.0242,0.9763,0.9764,0.9933,0.9934
6.9426,1.0247,1.0246,1.0248,1.0246,1.0248,1.0246,1.0200,1.0200,1.0200,1.0200,1.0201,1.0201,1.0201,1.0200,1.0200,1.0196,1.0184,1.0184,1.0199,1.0198,1.0190,1.0194,1.0194,1.0199,1.0199,1.0167,1.0155,1.0155,1.0181,1.0180,1.0154,1.0164,1.0164,1.0164,1.0197,1.0197,1.0197,0.9853,0.9854,1.0195,1.0196,1.0242,0.9763,0.9764,0.9933,0.9934
6.9526,1.0247,1.0246,1.0248,1.0246,1.0248,1.0246,1.0200,1.0200,1.0200,1.0200,1.0201,1.0201,1.0201,1.0200,1.0200,1.0196,1.0184,1.0184,1.0199,1.0198,1.0190,1.0194,1.0194,1.0199,1.0199,1.0167,1.0155,1.0155,1.0181,1.0180,1.0154,1.0164,1.0164,1.0164,1.0197,1.0197,1.0197,0.9853,0.9854,1.0195,1.0196,1.0242,0.9763,0.9764,0.9933,0.9934
6.9626,1.0247,1.0246,1.0248,1.0246,1.0248,1.0246,1.0200,1.0200,1.0200,1.0200,1.0201,1.0201,1.0201,1.0200,1.0200,1.0196,1.0184,1.0184,1.0199,1.0198,1.0190,1.0194,1.0194,1.0199,1.0199,1.0167,1.0155,1.0155,1.0181,1.0180,1.0154,1.0164,1.0164,1.0164,1.0197,1.0197,1.0197,0.9853,0.9854,1.0195,1.0196,1.0242,0.9763,0.9764,0.9933,0.9934
6.9726,1.0247,1.0246,1.0247,1.0246,1.0248,1.0246,1.0200,1.0200,1.0200,1.0200,1.0201,1.0201,1.0201,1.0200,1.0200,1.0196,1.0184,1.0184,1.0199,1.0198,1.0190,1.0194,1.0194,1.0199,1.0199,1.0167,1.0155,1.0155,1.0181,1.0180,1.0154,1.0164,1.0164,1.0164,1.0197,1.0197,1.0197,0.9853,0.9854,1.0195,1.0196,1.0242,0.9763,0.9764,0.9933,0.9934
6.9826,1.0247,1.0246,1.0247,1.0246,1.0248,1.0246,1.0200,1.0200,1.0200,1.0200,1.0201,1.0201,1.0201,1.0200,1.0200,1.0196,1.0184,1.0184,1.0199,1.0198,1.0190,1.0194,1.0194,1.0199,1.0199,1.0167,1.0155,1.0155,1.0181,1.0180,1.0154,1.0164,1.0164,1.0164,1.0197,1.0197,1.0197,0.9853,0.9854,1.0195,1.0196,1.0242,0.9763,0.9764,0.9933,0.9934
6.9926,1.0247,1.0246,1.0247,1.0246,1.0248,1.0246,1.0200,1.0200,1.0200,1.0200,1.0201,1.0201,1.0201,1.0200,1.0200,1.0196,1.0184,1.0184,1.0199,1.0198,1.0190,1.0194,1.0194,1.0199,1.0199,1.0167,1.0155,1.0155,1.0181,1.0180,1.0154,1.0164,1.0164,1.0164,1.0197,1.0197,1.0197,0.9853,0.9854,1.0195,1.0196,1.0242,0.9763,0.9764,0.9933,0.9934
7.0026,1.0247,1.0246,1.0247,1.0246,1.0248,1.0246,1.0200,1.0200,1.0200,1.0200,1.0201,1.0201,1.0201,1.0200,1.0200,1.0196,1.0184,1.0184,1.0199,1.0198,1.0190,1.0194,1.0194,1.0199,1.0199,1.0167,1.0155,1.0155,1.0181,1.0180,1.0154,1.0164,1.0164,1.0164,1.0197,1.0197,1.0197,0.9853,0.9854,1.0195,1.0196,1.0242,0.9763,0.9764,0.9933,0.9934
7.0126,1.0247,1.0246,1.0247,1.0246,1.0248,1.0246,1.0200,1.0200,1.0200,1.0200,1.0201,1.0201,1.0201,1.0200,1.0200,1.0196,1.0184,1.0184,1.0199,1.0198,1.0190,1.0194,1.0194,1.0199,1.0199,1.0167,1.0155,1.0155,1.0181,1.0180,1.0154,1.0164,1.0164,1.0164,1.0197,1.0197,1.0197,0.9853,0.9854,1.0195,1.0196,1.0242,0.9763,0.9764,0.9933,0.9934
7.0226,1.0247,1.0246,1.0247,1.0246,1.0248,1.0246,1.0200,1.0200,1.0200,1.0200,1.0201,1.0201,1.0201,1.0200,1.0200,1.0196,1.0184,1.0184,1.0199,1.0198,1.0190,1.0194,1.0194,1.0199,1.0199,1.0167,1.0155,1.0155,1.0181,1.0180,1.0154,1.0164,1.0164,1.0164,1.0197,1.0197,1.0197,0.9853,0.9854,1.0195,1.0196,1.0242,0.9763,0.9764,0.9933,0.9934
7.0326,1.0247,1.0246,1.0247,1.0246,1.0248,1.0246,1.0200,1.0200,1.0200,1.0200,1.0201,1.0201,1.0201,1.0200,1.0200,1.0196,1.0184,1.0184,1.0199,1.0198,1.0190,1.0194,1.0194,1.0199,1.0199,1.0167,1.0155,1.0155,1.0181,1.0180,1.0154,1.0164,1.0164,1.0164,1.0197,1.0197,1.0197,0.9853,0.9854,1.0195,1.0196,1.0242,0.9763,0.9764,0.9933,0.9934
7.0426,1.0247,1.0246,1.0247,1.0246,1.0248,1.0246,1.0200,1.0200,1.0200,1.0200,1.0201,1.0201,1.0201,1.0200,1.0200,1.0196,1.0184,1.0184,1.0199,1.0198,1.0190,1.0194,1.0194,1.0199,1.0199,1.0167,1.0155,1.0155,1.0181,1.0180,1.0154,1.0164,1.0164,1.0164,1.0197,1.0197,1.0197,0.9853,0.9854,1.0195,1.0196,1.0242,0.9763,0.9764,0.9933,0.9934
7.0526,1.0247,1.0246,1.0247,1.0246,1.0248,1.0246,1.0200,1.0200,1.0200,1.0200,1.0201,1.0201,1.0201,1.0200,1.0200,1.0196,1.0184,1.0184,1.0199,1.0198,1.0190,1.0194,1.0194,1.0199,1.0199,1.0167,1.0155,1.0155,1.0181,1.0180,1.0154,1.0164,1.0164,1.0164,1.0197,1.0197,1.0197,0.9853,0.9854,1.0195,1.0196,1.0242,0.9763,0.9764,0.9933,0.9934
7.0626,1.0247,1.0246,1.0247,1.0246,1.0248,1.0246,1.0200,1.0200,1.0200,1.0200,1.0201,1.0201,1.0201,1.0200,1.0200,1.0196,1.0184,1.0184,1.0199,1.0198,1.0190,1.0194,1.0194,1.0199,1.0199,1.0167,1.0155,1.0155,1.0181,1.0180,1.0154,1.0164,1.0164,1.0164,1.0197,1.0197,1.0197,0.9853,0.9854,1.0195,1.0196,1.0242,0.9763,0.9764,0.9933,0.9934
7.0726,1.0247,1.0246,1.0247,1.0246,1.0248,1.0246,1.0200,1.0200,1.0200,1.0200,1.0201,1.0201,1.0201,1.0200,1.0200,1.0196,1.0184,1.0184,1.0199,1.0198,1.0190,1.0194,1.0194,1.0199,1.0199,1.0167,1.0155,1.0155,1.0181,1.0180,1.0154,1.0164,1.0164,1.0164,1.0197,1.0197,1.0197,0.9853,0.9854,1.0195,1.0196,1.0242,0.9763,0.9764,0.9933,0.9934
7.0826,1.0247,1.0246,1.0247,1.0246,1.0248,1.0246,1.0200,1.0200,1.0200,1.0200,1.0201,1.0201,1.0201,1.0200,1.0200,1.0196,1.0184,1.0184,1.0199,1.0198,1.0190,1.0194,1.0194,1.0199,1.0199,1.0167,1.0155,1.0155,1.0181,1.0180,1.0154,1.0164,1.0164,1.0164,1.0197,1.0197,1.0197,0.9853,0.9854,1.0195,1.0196,1.0242,0.9763,0.9764,0.9933,0.9934
7.0926,1.0247,1.0246,1.0247,1.0246,1.0248,1.0246,1.0200,1.0200,1.0200,1.0200,1.0201,1.0201,1.0201,1.0200,1.0200,1.0196,1.0184,1.0184,1.0199,1.0198,1.0190,1.0194,1.0194,1.0199,1.0199,1.0167,1.0155,1.0155,1.0181,1.0180,1.0154,1.0164,1.0164,1.0164,1.0197,1.0197,1.0197,0.9853,0.9854,1.0195,1.0196,1.0242,0.9763,0.9764,0.9933,0.9934
7.1026,1.0247,1.0246,1.0247,1.0246,1.0248,1.0246,1.0200,1.0200,1.0200,1.0200,1.0201,1.0201,1.0201,1.0200,1.0200,1.0196,1.0184,1.0184,1.0199,1.0198,1.0190,1.0194,1.0194,1.0199,1.0199,1.0167,1.0155,1.0155,1.0181,1.0180,1.0154,1.0164,1.0164,1.0164,1.0197,1.0197,1.0197,0.9853,0.9854,1.0195,1.0196,1.0242,0.9763,0.9764,0.9933,0.9934
7.1126,1.0247,1.0246,1.0247,1.0246,1.0248,1.0246,1.0200,1.0200,1.0200,1.0200,1.0201,1.0201,1.0201,1.0200,1.0200,1.0196,1.0184,1.0184,1.0199,1.0198,1.0190,1.0194,1.0194,1.0199,1.0199,1.0167,1.0155,1.0155,1.0181,1.0180,1.0154,1.0164,1.0164,1.0164,1.0197,1.0197,1.0197,0.9853,0.9854,1.0195,1.0196,1.0242,0.9763,0.9764,0.9933,0.9934
7.1226,1.0247,1.0246,1.0247,1.0246,1.0248,1.0246,1.0200,1.0200,1.0200,1.0200,1.0201,1.0201,1.0201,1.0200,1.0199,1.0196,1.0184,1.0184,1.0199,1.0198,1.0190,1.0194,1.0194,1.0199,1.0199,1.0167,1.0155,1.0155,1.0181,1.0180,1.0154,1.0164,1.0164,1.0164,1.0197,1.0197,1.0197,0.9853,0.9854,1.0195,1.0196,1.0242,0.9763,0.9764,0.9933,0.9934
7.1326,1.0247,1.0246,1.0247,1.0246,1.0248,1.0246,1.0200,1.0200,1.0200,1.0200,1.0201,1.0201,1.0201,1.0199,1.0199,1.0196,1.0184,1.0184,1.0199,1.0198,1.0190,1.0194,1.0194,1.0199,1.0199,1.0167,1.0155,1.0155,1.0181,1.0180,1.0154,1.0164,1.0164,1.0164,1.0197,1.0197,1.0197,0.9853,0.9854,1.0194,1.0196,1.0242,0.9763,0.9764,0.9933,0.9934
7.1426,1.0247,1.0246,1.0247,1.0246,1.0248,1.0246,1.0200,1.0199,1.0200,1.0200,1.0201,1.0201,1.0201,1.0199,1.0199,1.0196,1.0184,1.0184,1.0199,1.0198,1.0190,1.0194,1.0194,1.0199,1.0199,1.0167,1.0155,1.0155,1.0181,1.0180,1.0154,1.0164,1.0164,1.0164,1.0197,1.0197,1.0197,0.9853,0.9854,1.0194,1.0196,1.0242,0.9763,0.9764,0.9933,0.9934
7.1526,1.0247,1.0246,1.0247,1.0246,1.0248,1.0246,1.0200,1.0199,1.0200,1.0200,1.0201,1.0201,1.0201,1.0199,1.0199,1.0196,1.0184,1.0184,1.0199,1.0198,1.0190,1.0194,1.0194,1.0199,1.0199,1.0167,1.0155,1.0155,1.0181,1.0180,1.0154,1.0164,1.0164,1.0164,1.0197,1.0197,1.0197,0.9853,0.9854,1.0194,1.0196,1.0242,0.9763,0.9764,0.9933,0.9934
7.1626,1.0247,1.0246,1.0247,1.0246,1.0247,1.0246,1.0199,1.0199,1.0200,1.0200,1.0201,1.0201,1.0201,1.0199,1.0199,1.0196,1.0184,1.0184,1.0199,1.0198,1.0190,1.0194,1.0194,1.0199,1.0199,1.0167,1.0155,1.0155,1.0181,1.0180,1.0154,1.0164,1.0164,1.0164,1.0197,1.0197,1.0197,0.9853,0.9854,1.0194,1.0196,1.0242,0.9763,0.9764,0.9933,0.9934
7.1726,1.0247,1.0246,1.0247,1.0246,1.0247,1.0246,1.0199,1.0199,1.0200,1.0200,1.0201,1.0201,1.0201,1.0199,1.0199,1.0196,1.0184,1.0184,1.0199,1.0198,1.0190,1.0194,1.0194,1.0199,1.0199,1.0167,1.0155,1.0155,1.0181,1.0180,1.0154,1.0164,1.0164,1.0164,1.0197,1.0197,1.0197,0.9853,0.9854,1.0194,1.0196,1.0242,0.9763,0.9764,0.9933,0.9934
7.1826,1.0247,1.0246,1.0247,1.0246,1.0247,1.0246,1.0199,1.0199,1.0200,1.0200,1.0201,1.0201,1.0201,1.0199,1.0199,1.0196,1.0184,1.0184,1.0199,1.0198,1.0190,1.0194,1.0194,1.0199,1.0199,1.0167,1.0155,1.0155,1.0181,1.0180,1.0154,1.0164,1.0164,1.0164,1.0197,1.0197,1.0197,0.9853,0.9854,1.0194,1.0196,1.0242,0.9763,0.9764,0.9933,0.9934
7.1926,1.0247,1.0246,1.0247,1.0246,1.0247,1.0246,1.0199,1.0199,1.0200,1.0200,1.0201,1.0201,1.0201,1.0199,1.0199,1.0196,1.0184,1.0184,1.0199,1.0198,1.0190,1.0194,1.0194,1.0199,1.0199,1.0167,1.0155,1.0155,1.0181,1.0180,1.0154,1.0164,1.0164,1.0164,1.0197,1.0197,1.0197,0.9853,0.9854,1.0194,1.0196,1.0242,0.9763,0.9764,0.9933,0.9934
7.2026,1.0247,1.0246,1.0247,1.0246,1.0247,1.0246,1.0199,1.0199,1.0200,1.0200,1.0201,1.0201,1.0201,1.0199,1.0199,1.0196,1.0184,1.0184,1.0199,1.0198,1.0190,1.0194,1.0194,1.0199,1.0199,1.0167,1.0155,1.0155,1.0181,1.0180,1.0154,1.0164,1.0164,1.0164,1.0197,1.0197,1.0197,0.9853,0.9854,1.0194,1.0196,1.0242,0.9763,0.9764,0.9933,0.9934
7.2126,1.0247,1.0246,1.0247,1.0246,1.0247,1.0246,1.0199,1.0199,1.0200,1.0200,1.0201,1.0201,1.0201,1.0199,1.0199,1.0196,1.0184,1.0184,1.0199,1.0198,1.0190,1.0194,1.0194,1.0199,1.0199,1.0167,1.0155,1.0155,1.0181,1.0180,1.0154,1.0164,1.0164,1.0164,1.0197,1.0197,1.0197,0.9853,0.9854,1.0194,1.0196,1.0242,0.9763,0.9764,0.9933,0.9934
7.2226,1.0247,1.0246,1.0247,1.0246,1.0247,1.0246,1.0199,1.0199,1.0200,1.0200,1.0201,1.0201,1.0201,1.0199,1.0199,1.0196,1.0184,1.0184,1.0199,1.0198,1.0190,1.0194,1.0194,1.0199,1.0199,1.0167,1.0155,1.0155,1.0181,1.0180,1.0154,1.0164,1.0164,1.0164,1.0197,1.0197,1.0197,0.9853,0.9854,1.0194,1.0196,1.0242,0.9763,0.9764,0.9933,0.9934
7.2326,1.0247,1.0246,1.0247,1.0246,1.0247,1.0246,1.0199,1.0199,1.0199,1.0199,1.0201,1.0201,1.0201,1.0199,1.0199,1.0196,1.0184,1.0184,1.0199,1.0198,1.0190,1.0194,1.0194,1.0199,1.0199,1.0167,1.0155,1.0155,1.0181,1.0180,1.0154,1.0164,1.0164,1.0164,1.0197,1.0197,1.0197,0.9853,0.9854,1.0194,1.0196,1.0242,0.9763,0.9764,0.9932,0.9934
7.2426,1.0247,1.0246,1.0247,1.0246,1.0247,1.0246,1.0199,1.0199,1.0199,1.0199,1.0201,1.0201,1.0201,1.0199,1.0199,1.0196,1.0184,1.0184,1.0199,1.0198,1.0190,1.0194,1.0194,1.0199,1.0199,1.0167,1.0155,1.0155,1.0181,1.0180,1.0154,1.0164,1.0164,1.0164,1.0197,1.0197,1.0197,0.9853,0.9854,1.0194,1.0196,1.0242,0.9763,0.9764,0.9932,0.9934
7.2526,1.0247,1.0246,1.0247,1.0246,1.0247,1.0246,1.0199,1.0199,1.0199,1.0199,1.0201,1.0201,1.0201,1.0199,1.0199,1.0196,1.0184,1.0184,1.0199,1.0198,1.0190,1.0194,1.0194,1.0199,1.0199,1.0167,1.0155,1.0155,1.0181,1.0180,1.0154,1.0164,1.0164,1.0164,1.0197,1.0197,1.0197,0.9853,0.9854,1.0194,1.0196,1.0242,0.9763,0.9764,0.9932,0.9934
7.2626,1.0247,1.0246,1.0247,1.0246,1.0247,1.0246,1.0199,1.0199,1.0199,1.0199,1.0201,1.0201,1.0201,1.0199,1.0199,1.0196,1.0184,1.0184,1.0199,1.0198,1.0190,1.0194,1.0194,1.0199,1.0199,1.0167,1.0155,1.0155,1.0181,1.0180,1.0154,1.0164,1.0164,1.0164,1.0197,1.0197,1.0197,0.9853,0.9854,1.0194,1.0196,1.0242,0.9763,0.9764,0.9932,0.9934
7.2726,1.0247,1.0246,1.0247,1.0246,1.0247,1.0246,1.0199,1.0199,1.0199,1.0199,1.0201,1.0201,1.0201,1.0199,1.0199,1.0196,1.0184,1.0184,1.0199,1.0198,1.0190,1.0194,1.0194,1.0199,1.0199,1.0167,1.0155,1.0155,1.0181,1.0180,1.0154,1.0164,1.0164,1.0164,1.0197,1.0197,1.0197,0.9853,0.9854,1.0194,1.0196,1.0242,0.9763,0.9764,0.9932,0.9934
7.2826,1.0247,1.0246,1.0247,1.0246,1.0247,1.0246,1.0199,1.0199,1.0199,1.0199,1.0201,1.0201,1.0201,1.0199,1.0199,1.0196,1.0184,1.0184,1.0199,1.0198,1.0190,1.0194,1.0194,1.0199,1.0199,1.0167,1.0155,1.0155,1.0181,1.0180,1.0154,1.0164,1.0164,1.0164,1.0197,1.0197,1.0197,0.9853,0.9854,1.0194,1.0196,1.0242,0.9763,0.9764,0.9932,0.9934
7.2926,1.0247,1.0246,1.0247,1.0246,1.0247,1.0246,1.0199,1.0199,1.0199,1.0199,1.0201,1.0201,1.0201,1.0199,1.0199,1.0196,1.0184,1.0184,1.0199,1.0198,1.0190,1.0194,1.0194,1.0199,1.0199,1.0167,1.0155,1.0155,1.0181,1.0180,1.0154,1.0164,1.0164,1.0164,1.0197,1.0197,1.0197,0.9853,0.9854,1.0194,1.0196,1.0242,0.9763,0.9764,0.9932,0.9934
7.3026,1.0247,1.0246,1.0247,1.0246,1.0247,1.0246,1.0199,1.0199,1.0199,1.0199,1.0201,1.0201,1.0201,1.0199,1.0199,1.0196,1.0184,1.0184,1.0199,1.0198,1.0190,1.0194,1.0194,1.0199,1.0199,1.0167,1.0155,1.0155,1.0181,1.0180,1.0154,1.0164,1.0164,1.0164,1.0197,1.0197,1.0197,0.9853,0.9854,1.0194,1.0196,1.0242,0.9763,0.9764,0.9932,0.9934
7.3126,1.0247,1.0246,1.0247,1.0246,1.0247,1.0246,1.0199,1.0199,1.0199,1.0199,1.0201,1.0201,1.0201,1.0199,1.0199,1.0196,1.0184,1.0184,1.0199,1.0198,1.0190,1.0194,1.0194,1.0199,1.0199,1.0167,1.0155,1.0155,1.0181,1.0180,1.0154,1.0164,1.0164,1.0164,1.0197,1.0197,1.0197,0.9853,0.9854,1.0194,1.0196,1.0242,0.9763,0.9764,0.9932,0.9934
7.3226,1.0247,1.0246,1.0247,1.0246,1.0247,1.0246,1.0199,1.0199,1.0199,1.0199,1.0201,1.0201,1.0201,1.0199,1.0199,1.0196,1.0184,1.0184,1.0199,1.0198,1.0190,1.0194,1.0194,1.0199,1.0199,1.0167,1.0155,1.0155,1.0181,1.0180,1.0154,1.0164,1.0164,1.0164,1.0197,1.0197,1.0197,0.9853,0.9854,1.0194,1.0196,1.0242,0.9763,0.9764,0.9932,0.9934
7.3326,1.0247,1.0246,1.0247,1.0246,1.0247,1.0246,1.0199,1.0199,1.0199,1.0199,1.0201,1.0201,1.0201,1.0199,1.0199,1.0196,1.0184,1.0184,1.0199,1.0198,1.0190,1.0194,1.0194,1.0199,1.0199,1.0167,1.0155,1.0155,1.0181,1.0180,1.0154,1.0164,1.0164,1.0164,1.0197,1.0197,1.0197,0.9853,0.9854,1.0194,1.0196,1.0242,0.9763,0.9764,0.9932,0.9934
7.3426,1.0247,1.0246,1.0247,1.0246,1.0247,1.0246,1.0199,1.0199,1.0199,1.0199,1.0201,1.0201,1.0201,1.0199,1.0199,1.0196,1.0184,1.0184,1.0199,1.0198,1.0190,1.0194,1.0194,1.0199,1.0199,1.0167,1.0155,1.0155,1.0181,1.0180,1.0154,1.0164,1.0164,1.0164,1.0197,1.0197,1.0197,0.9853,0.9854,1.0194,1.0196,1.0242,0.9763,0.9764,0.9932,0.9934
7.3526,1.0247,1.0246,1.0247,1.0246,1.0247,1.0246,1.0199,1.0199,1.0199,1.0199,1.0201,1.0201,1.0201,1.0199,1.0199,1.0196,1.0184,1.0184,1.0199,1.0198,1.0190,1.0194,1.0194,1.0199,1.0199,1.0167,1.0155,1.0155,1.0181,1.0180,1.0154,1.0164,1.0164,1.0164,1.0197,1.0197,1.0197,0.9853,0.9854,1.0194,1.0196,1.0242,0.9763,0.9764,0.9932,0.9934
7.3626,1.0247,1.0246,1.0247,1.0246,1.0247,1.0246,1.0199,1.0199,1.0199,1.0199,1.0201,1.0201,1.0201,1.0199,1.0199,1.0196,1.0184,1.0184,1.0199,1.0198,1.0190,1.0194,1.0194,1.0199,1.0199,1.0167,1.0155,1.0155,1.0181,1.0180,1.0154,1.0164,1.0164,1.0164,1.0197,1.0197,1.0197,0.9853,0.9854,1.0194,1.0196,1.0242,0.9763,0.9764,0.9932,0.9934
7.3726,1.0247,1.0246,1.0247,1.0246,1.0247,1.0246,1.0199,1.0199,1.0199,1.0199,1.0201,1.0201,1.0201,1.0199,1.0199,1.0196,1.0184,1.0184,1.0199,1.0198,1.0190,1.0194,1.0194,1.0199,1.0199,1.0167,1.0155,1.0155,1.0181,1.0180,1.0154,1.0164,1.0164,1.0164,1.0197,1.0197,1.0197,0.9853,0.9854,1.0194,1.0196,1.0242,0.9763,0.9764,0.9932,0.9934
7.3826,1.0247,1.0246,1.0247,1.0246,1.0247,1.0246,1.0199,1.0199,1.0199,1.0199,1.0201,1.0201,1.0201,1.0199,1.0199,1.0196,1.0184,1.0184,1.0199,1.0198,1.0190,1.0194,1.0194,1.0199,1.0199,1.0167,1.0155,1.0155,1.0181,1.0180,1.0154,1.0164,1.0164,1.0164,1.0197,1.0197,1.0197,0.9853,0.9854,1.0194,1.0196,1.0242,0.9763,0.9764,0.9932,0.9934
7.3926,1.0247,1.0246,1.0247,1.0246,1.0247,1.0246,1.0199,1.0199,1.0199,1.0199,1.0201,1.0201,1.0201,1.0199,1.0199,1.0196,1.0184,1.0184,1.0199,1.0198,1.0190,1.0194,1.0194,1.0199,1.0199,1.0167,1.0155,1.0155,1.0181,1.0180,1.0154,1.0164,1.0164,1.0164,1.0197,1.0197,1.0197,0.9853,0.9854,1.0194,1.0196,1.0242,0.9763,0.9764,0.9932,0.9934
7.4026,1.0247,1.0246,1.0247,1.0246,1.0247,1.0246,1.0199,1.0199,1.0199,1.0199,1.0201,1.0201,1.0201,1.0199,1.0199,1.0196,1.0184,1.0184,1.0199,1.0198,1.0190,1.0194,1.0194,1.0199,1.0199,1.0167,1.0155,1.0155,1.0181,1.0180,1.0154,1.0164,1.0164,1.0164,1.0197,1.0197,1.0197,0.9853,0.9854,1.0194,1.0196,1.0241,0.9763,0.9764,0.9932,0.9934
7.4126,1.0247,1.0246,1.0247,1.0246,1.0247,1.0246,1.0199,1.0199,1.0199,1.0199,1.0201,1.0201,1.0201,1.0199,1.0199,1.0196,1.0184,1.0184,1.0199,1.0198,1.0190,1.0194,1.0194,1.0199,1.0199,1.0167,1.0155,1.0155,1.0181,1.0180,1.0154,1.0164,1.0164,1.0164,1.0197,1.0197,1.0197,0.9853,0.9854,1.0194,1.0196,1.0241,0.9763,0.9764,0.9932,0.9934
7.4226,1.0247,1.0246,1.0247,1.0246,1.0247,1.0246,1.0199,1.0199,1.0199,1.0199,1.0201,1.0201,1.0201,1.0199,1.0199,1.0196,1.0184,1.0184,1.0199,1.0198,1.0190,1.0194,1.0194,1.0199,1.0199,1.0167,1.0155,1.0155,1.0181,1.0180,1.0154,1.0164,1.0164,1.0164,1.0197,1.0197,1.0197,0.9853,0.9854,1.0194,1.0196,1.0241,0.9763,0.9764,0.9932,0.9934
7.4326,1.0247,1.0246,1.0247,1.0246,1.0247,1.0246,1.0199,1.0199,1.0199,1.0199,1.0201,1.0201,1.0201,1.0199,1.0199,1.0196,1.0184,1.0184,1.0199,1.0198,1.0190,1.0194,1.0194,1.0199,1.0199,1.0167,1.0155,1.0155,1.0181,1.0180,1.0154,1.0164,1.0164,1.0164,1.0197,1.0197,1.0197,0.9853,0.9854,1.0194,1.0196,1.0241,0.9763,0.9764,0.9932,0.9934
7.4426,1.0247,1.0246,1.0247,1.0246,1.0247,1.0246,1.0199,1.0199,1.0199,1.0199,1.0201,1.0201,1.0201,1.0199,1.0199,1.0196,1.0184,1.0184,1.0199,1.0198,1.0190,1.0194,1.0194,1.0199,1.0199,1.0167,1.0155,1.0155,1.0181,1.0180,1.0154,1.0164,1.0164,1.0164,1.0197,1.0197,1.0197,0.9853,0.9854,1.0194,1.0196,1.0241,0.9763,0.9764,0.9932,0.9934
7.4526,1.0247,1.0246,1.0247,1.0246,1.0247,1.0246,1.0199,1.0199,1.0199,1.0199,1.0201,1.0201,1.0201,1.0199,1.0199,1.0196,1.0184,1.0184,1.0199,1.0198,1.0190,1.0194,1.0194,1.0199,1.0199,1.0167,1.0155,1.0155,1.0181,1.0180,1.0154,1.0164,1.0164,1.0164,1.0197,1.0197,1.0197,0.9853,0.9854,1.0194,1.0196,1.0241,0.9763,0.9764,0.9932,0.9934
7.4626,1.0247,1.0246,1.0247,1.0246,1.0247,1.0246,1.0199,1.0199,1.0199,1.0199,1.0201,1.0201,1.0201,1.0199,1.0199,1.0196,1.0184,1.0184,1.0199,1.0198,1.0190,1.0194,1.0194,1.0199,1.0199,1.0167,1.0155,1.0155,1.0181,1.0180,1.0154,1.0164,1.0164,1.0164,1.0197,1.0197,1.0197,0.9853,0.9854,1.0194,1.0196,1.0241,0.9763,0.9764,0.9932,0.9934
7.4726,1.0247,1.0246,1.0247,1.0246,1.0247,1.0246,1.0199,1.0199,1.0199,1.0199,1.0201,1.0201,1.0201,1.0199,1.0199,1.0196,1.0184,1.0184,1.0199,1.0198,1.0190,1.0194,1.0194,1.0199,1.0199,1.0167,1.0155,1.0155,1.0181,1.0180,1.0154,1.0164,1.0164,1.0164,1.0197,1.0197,1.0197,0.9853,0.9854,1.0194,1.0196,1.0241,0.9763,0.9764,0.9932,0.9934
7.4826,1.0247,1.0246,1.0247,1.0246,1.0247,1.0246,1.0199,1.0199,1.0199,1.0199,1.0201,1.0201,1.0201,1.0199,1.0199,1.0196,1.0184,1.0184,1.0199,1.0198,1.0190,1.0194,1.0194,1.0199,1.0199,1.0167,1.0155,1.0155,1.0181,1.0180,1.0154,1.0164,1.0164,1.0164,1.0197,1.0197,1.0197,0.9853,0.9854,1.0194,1.0196,1.0241,0.9763,0.9764,0.9932,0.9934
7.4926,1.0247,1.0246,1.0247,1.0246,1.0247,1.0246,1.0199,1.0199,1.0199,1.0199,1.0201,1.0201,1.0201,1.0199,1.0199,1.0196,1.0184,1.0184,1.0199,1.0198,1.0190,1.0194,1.0194,1.0199,1.0199,1.0167,1.0155,1.0155,1.0181,1.0180,1.0154,1.0164,1.0164,1.0164,1.0197,1.0197,1.0197,0.9853,0.9854,1.0194,1.0196,1.0241,0.9763,0.9764,0.9932,0.9934
7.5026,1.0247,1.0246,1.0247,1.0246,1.0247,1.0246,1.0199,1.0199,1.0199,1.0199,1.0201,1.0201,1.0201,1.0199,1.0199,1.0196,1.0184,1.0184,1.0199,1.0198,1.0190,1.0194,1.0194,1.0199,1.0199,1.0167,1.0155,1.0155,1.0181,1.0180,1.0154,1.0164,1.0164,1.0164,1.0197,1.0197,1.0197,0.9853,0.9854,1.0194,1.0196,1.0241,0.9763,0.9764,0.9932,0.9934
7.5126,1.0247,1.0246,1.0247,1.0246,1.0247,1.0246,1.0199,1.0199,1.0199,1.0199,1.0201,1.0201,1.0201,1.0199,1.0199,1.0196,1.0184,1.0184,1.0199,1.0198,1.0190,1.0194,1.0194,1.0199,1.0199,1.0167,1.0155,1.0155,1.0181,1.0180,1.0154,1.0164,1.0164,1.0164,1.0197,1.0197,1.0197,0.9853,0.9854,1.0194,1.0196,1.0241,0.9763,0.9764,0.9932,0.9934
7.5226,1.0247,1.0246,1.0247,1.0246,1.0247,1.0246,1.0199,1.0199,1.0199,1.0199,1.0201,1.0201,1.0201,1.0199,1.0199,1.0196,1.0184,1.0184,1.0199,1.0198,1.0190,1.0194,1.0194,1.0199,1.0199,1.0167,1.0155,1.0155,1.0181,1.0180,1.0154,1.0164,1.0164,1.0164,1.0197,1.0197,1.0197,0.9853,0.9854,1.0194,1.0196,1.0241,0.9763,0.9764,0.9932,0.9934
7.5326,1.0247,1.0246,1.0247,1.0246,1.0247,1.0246,1.0199,1.0199,1.0199,1.0199,1.0201,1.0201,1.0201,1.0199,1.0199,1.0196,1.0184,1.0184,1.0199,1.0198,1.0190,1.0194,1.0194,1.0199,1.0199,1.0167,1.0155,1.0155,1.0181,1.0180,1.0154,1.0164,1.0164,1.0164,1.0197,1.0197,1.0197,0.9853,0.9854,1.0194,1.0196,1.0241,0.9763,0.9764,0.9932,0.9934
7.5426,1.0247,1.0246,1.0247,1.0246,1.0247,1.0246,1.0199,1.0199,1.0199,1.0199,1.0201,1.0201,1.0201,1.0199,1.0199,1.0196,1.0184,1.0184,1.0199,1.0198,1.0190,1.0194,1.0194,1.0199,1.0199,1.0167,1.0155,1.0155,1.0181,1.0180,1.0154,1.0164,1.0164,1.0164,1.0197,1.0197,1.0197,0.9853,0.9854,1.0194,1.0196,1.0241,0.9763,0.9764,0.9932,0.9934
7.5526,1.0247,1.0246,1.0247,1.0246,1.0247,1.0246,1.0199,1.0199,1.0199,1.0199,1.0201,1.0201,1.0201,1.0199,1.0199,1.0196,1.0184,1.0184,1.0199,1.0198,1.0190,1.0194,1.0194,1.0199,1.0199,1.0167,1.0155,1.0155,1.0181,1.0180,1.0154,1.0164,1.0164,1.0164,1.0197,1.0197,1.0197,0.9853,0.9854,1.0194,1.0196,1.0241,0.9763,0.9764,0.9932,0.9934
7.5626,1.0247,1.0246,1.0247,1.0246,1.0247,1.0246,1.0199,1.0199,1.0199,1.0199,1.0201,1.0201,1.0201,1.0199,1.0199,1.0196,1.0184,1.0184,1.0199,1.0198,1.0190,1.0194,1.0194,1.0199,1.0199,1.0167,1.0155,1.0155,1.0181,1.0180,1.0154,1.0164,1.0164,1.0164,1.0197,1.0197,1.0197,0.9853,0.9854,1.0194,1.0196,1.0241,0.9763,0.9764,0.9932,0.9934
7.5726,1.0247,1.0246,1.0247,1.0246,1.0247,1.0246,1.0199,1.0199,1.0199,1.0199,1.0201,1.0201,1.0201,1.0199,1.0199,1.0196,1.0184,1.0184,1.0199,1.0198,1.0190,1.0194,1.0194,1.0199,1.0199,1.0167,1.0155,1.0155,1.0181,1.0180,1.0154,1.0164,1.0164,1.0164,1.0197,1.0197,1.0197,0.9853,0.9854,1.0194,1.0196,1.0241,0.9763,0.9764,0.9932,0.9934
7.5826,1.0247,1.0246,1.0247,1.0246,1.0247,1.0246,1.0199,1.0199,1.0199,1.0199,1.0201,1.0201,1.0201,1.0199,1.0199,1.0196,1.0184,1.0184,1.0199,1.0198,1.0190,1.0194,1.0194,1.0199,1.0199,1.0167,1.0155,1.0155,1.0181,1.0180,1.0154,1.0164,1.0164,1.0164,1.0197,1.0197,1.0197,0.9853,0.9854,1.0194,1.0196,1.0241,0.9763,0.9764,0.9932,0.9934
7.5926,1.0247,1.0246,1.0247,1.0246,1.0247,1.0246,1.0199,1.0199,1.0199,1.0199,1.0201,1.0201,1.0201,1.0199,1.0199,1.0196,1.0184,1.0184,1.0199,1.0198,1.0190,1.0194,1.0194,1.0199,1.0199,1.0167,1.0155,1.0155,1.0181,1.0180,1.0154,1.0164,1.0164,1.0164,1.0197,1.0197,1.0197,0.9853,0.9854,1.0194,1.0196,1.0241,0.9763,0.9764,0.9932,0.9934
7.6026,1.0247,1.0246,1.0247,1.0246,1.0247,1.0246,1.0199,1.0199,1.0199,1.0199,1.0201,1.0201,1.0201,1.0199,1.0199,1.0196,1.0184,1.0184,1.0199,1.0198,1.0190,1.0194,1.0194,1.0199,1.0199,1.0167,1.0155,1.0155,1.0181,1.0180,1.0154,1.0164,1.0164,1.0164,1.0197,1.0197,1.0197,0.9853,0.9854,1.0194,1.0196,1.0241,0.9763,0.9764,0.9932,0.9934
7.6126,1.0247,1.0246,1.0247,1.0246,1.0247,1.0246,1.0199,1.0199,1.0199,1.0199,1.0201,1.0201,1.0201,1.0199,1.0199,1.0196,1.0184,1.0184,1.0199,1.0198,1.0190,1.0194,1.0194,1.0199,1.0199,1.0167,1.0155,1.0155,1.0181,1.0180,1.0154,1.0164,1.0164,1.0164,1.0197,1.0197,1.0197,0.9853,0.9854,1.0194,1.0196,1.0241,0.9763,0.9764,0.9932,0.9934
7.6226,1.0247,1.0246,1.0247,1.0246,1.0247,1.0246,1.0199,1.0199,1.0199,1.0199,1.0201,1.0201,1.0201,1.0199,1.0199,1.0196,1.0184,1.0184,1.0199,1.0198,1.0190,1.0194,1.0194,1.0199,1.0199,1.0167,1.0155,1.0155,1.0181,1.0180,1.0154,1.0164,1.0164,1.0164,1.0197,1.0197,1.0197,0.9853,0.9854,1.0194,1.0196,1.0241,0.9763,0.9764,0.9932,0.9934
7.6326,1.0247,1.0246,1.0247,1.0246,1.0247,1.0246,1.0199,1.0199,1.0199,1.0199,1.0201,1.0201,1.0201,1.0199,1.0199,1.0196,1.0184,1.0184,1.0199,1.0198,1.0190,1.0194,1.0194,1.0199,1.0199,1.0167,1.0155,1.0155,1.0181,1.0180,1.0154,1.0164,1.0164,1.0164,1.0197,1.0197,1.0197,0.9853,0.9854,1.0194,1.0196,1.0241,0.9763,0.9764,0.9932,0.9934
7.6426,1.0247,1.0246,1.0247,1.0246,1.0247,1.0246,1.0199,1.0199,1.0199,1.0199,1.0201,1.0201,1.0201,1.0199,1.0199,1.0196,1.0184,1.0184,1.0199,1.0198,1.0190,1.0194,1.0194,1.0199,1.0199,1.0167,1.0155,1.0155,1.0181,1.0180,1.0154,1.0164,1.0164,1.0164,1.0197,1.0197,1.0197,0.9853,0.9854,1.0194,1.0196,1.0241,0.9763,0.9764,0.9932,0.9934
7.6526,1.0247,1.0246,1.0247,1.0246,1.0247,1.0246,1.0199,1.0199,1.0199,1.0199,1.0201,1.0201,1.0201,1.0199,1.0199,1.0196,1.0184,1.0184,1.0199,1.0198,1.0190,1.0194,1.0194,1.0199,1.0199,1.0167,1.0155,1.0155,1.0181,1.0180,1.0154,1.0164,1.0164,1.0164,1.0197,1.0197,1.0197,0.9853,0.9854,1.0194,1.0196,1.0241,0.9763,0.9764,0.9932,0.9934
7.6626,1.0247,1.0246,1.0247,1.0246,1.0247,1.0246,1.0199,1.0199,1.0199,1.0199,1.0201,1.0201,1.0201,1.0199,1.0199,1.0196,1.0184,1.0184,1.0199,1.0198,1.0190,1.0194,1.0194,1.0199,1.0199,1.0167,1.0155,1.0155,1.0181,1.0180,1.0154,1.0164,1.0164,1.0164,1.0197,1.0197,1.0197,0.9853,0.9854,1.0194,1.0196,1.0241,0.9763,0.9764,0.9932,0.9934
7.6726,1.0247,1.0246,1.0247,1.0246,1.0247,1.0246,1.0199,1.0199,1.0199,1.0199,1.0201,1.0201,1.0201,1.0199,1.0199,1.0196,1.0184,1.0184,1.0199,1.0198,1.0190,1.0194,1.0194,1.0199,1.0199,1.0167,1.0155,1.0155,1.0181,1.0180,1.0154,1.0164,1.0164,1.0164,1.0197,1.0197,1.0197,0.9853,0.9854,1.0194,1.0196,1.0241,0.9763,0.9764,0.9932,0.9934
7.6826,1.0247,1.0246,1.0247,1.0246,1.0247,1.0246,1.0199,1.0199,1.0199,1.0199,1.0201,1.0201,1.0201,1.0199,1.0199,1.0196,1.0184,1.0184,1.0199,1.0198,1.0190,1.0194,1.0194,1.0199,1.0199,1.0167,1.0155,1.0155,1.0181,1.0180,1.0154,1.0164,1.0164,1.0164,1.0197,1.0197,1.0197,0.9853,0.9854,1.0194,1.0196,1.0241,0.9763,0.9764,0.9932,0.9934
7.6926,1.0247,1.0246,1.0247,1.0246,1.0247,1.0246,1.0199,1.0199,1.0199,1.0199,1.0201,1.0201,1.0201,1.0199,1.0199,1.0196,1.0184,1.0184,1.0199,1.0198,1.0190,1.0194,1.0194,1.0199,1.0199,1.0167,1.0155,1.0155,1.0181,1.0180,1.0154,1.0164,1.0164,1.0164,1.0197,1.0197,1.0197,0.9853,0.9854,1.0194,1.0196,1.0241,0.9763,0.9764,0.9932,0.9934
7.7026,1.0247,1.0246,1.0247,1.0246,1.0247,1.0246,1.0199,1.0199,1.0199,1.0199,1.0201,1.0201,1.0201,1.0199,1.0199,1.0196,1.0184,1.0184,1.0199,1.0198,1.0190,1.0194,1.0194,1.0199,1.0199,1.0167,1.0155,1.0155,1.0181,1.0180,1.0154,1.0164,1.0164,1.0164,1.0197,1.0197,1.0197,0.9853,0.9854,1.0194,1.0196,1.0241,0.9763,0.9764,0.9932,0.9934
7.7126,1.0247,1.0246,1.0247,1.0246,1.0247,1.0246,1.0199,1.0199,1.0199,1.0199,1.0201,1.0201,1.0201,1.0199,1.0199,1.0196,1.0184,1.0184,1.0199,1.0198,1.0190,1.0194,1.0194,1.0199,1.0199,1.0167,1.0155,1.0155,1.0181,1.0180,1.0154,1.0164,1.0164,1.0164,1.0197,1.0197,1.0197,0.9853,0.9854,1.0194,1.0196,1.0241,0.9763,0.9764,0.9932,0.9934
7.7226,1.0247,1.0246,1.0247,1.0246,1.0247,1.0246,1.0199,1.0199,1.0199,1.0199,1.0201,1.0201,1.0201,1.0199,1.0199,1.0196,1.0184,1.0184,1.0199,1.0198,1.0190,1.0194,1.0194,1.0199,1.0199,1.0167,1.0155,1.0155,1.0181,1.0180,1.0154,1.0164,1.0164,1.0164,1.0197,1.0197,1.0197,0.9853,0.9854,1.0194,1.0196,1.0241,0.9763,0.9764,0.9932,0.9934
7.7326,1.0247,1.0246,1.0247,1.0246,1.0247,1.0246,1.0199,1.0199,1.0199,1.0199,1.0201,1.0201,1.0201,1.0199,1.0199,1.0196,1.0184,1.0184,1.0199,1.0198,1.0190,1.0194,1.0194,1.0199,1.0199,1.0167,1.0155,1.0155,1.0181,1.0180,1.0154,1.0164,1.0164,1.0164,1.0197,1.0197,1.0197,0.9853,0.9854,1.0194,1.0196,1.0241,0.9763,0.9764,0.9932,0.9934
7.7426,1.0247,1.0246,1.0247,1.0246,1.0247,1.0246,1.0199,1.0199,1.0199,1.0199,1.0201,1.0201,1.0201,1.0199,1.0199,1.0196,1.0184,1.0184,1.0199,1.0198,1.0190,1.0194,1.0194,1.0199,1.0199,1.0167,1.0155,1.0155,1.0181,1.0180,1.0154,1.0164,1.0164,1.0164,1.0197,1.0197,1.0197,0.9853,0.9854,1.0194,1.0196,1.0241,0.9763,0.9764,0.9932,0.9934
7.7526,1.0247,1.0246,1.0247,1.0246,1.0247,1.0246,1.0199,1.0199,1.0199,1.0199,1.0201,1.0201,1.0201,1.0199,1.0199,1.0196,1.0184,1.0184,1.0199,1.0198,1.0190,1.0194,1.0194,1.0199,1.0199,1.0167,1.0155,1.0155,1.0181,1.0180,1.0154,1.0164,1.0164,1.0164,1.0197,1.0197,1.0197,0.9853,0.9854,1.0194,1.0196,1.0241,0.9763,0.9764,0.9932,0.9934
7.7626,1.0247,1.0246,1.0247,1.0246,1.0247,1.0246,1.0199,1.0199,1.0199,1.0199,1.0201,1.0201,1.0201,1.0199,1.0199,1.0196,1.0184,1.0184,1.0199,1.0198,1.0190,1.0194,1.0194,1.0199,1.0199,1.0167,1.0155,1.0155,1.0181,1.0180,1.0154,1.0164,1.0164,1.0164,1.0197,1.0197,1.0197,0.9853,0.9854,1.0194,1.0196,1.0241,0.9763,0.9764,0.9932,0.9934
7.7726,1.0247,1.0246,1.0247,1.0246,1.0247,1.0246,1.0199,1.0199,1.0199,1.0199,1.0201,1.0201,1.0201,1.0199,1.0199,1.0196,1.0184,1.0184,1.0199,1.0198,1.0190,1.0194,1.0194,1.0199,1.0199,1.0167,1.0155,1.0155,1.0181,1.0180,1.0154,1.0164,1.0164,1.0164,1.0197,1.0197,1.0197,0.9853,0.9854,1.0194,1.0196,1.0241,0.9763,0.9764,0.9932,0.9934
7.7826,1.0247,1.0246,1.0247,1.0246,1.0247,1.0246,1.0199,1.0199,1.0199,1.0199,1.0201,1.0201,1.0201,1.0199,1.0199,1.0196,1.0184,1.0184,1.0199,1.0198,1.0190,1.0194,1.0194,1.0199,1.0199,1.0167,1.0155,1.0155,1.0181,1.0180,1.0154,1.0164,1.0164,1.0164,1.0197,1.0197,1.0197,0.9853,0.9854,1.0194,1.0196,1.0241,0.9763,0.9764,0.9932,0.9934
7.7926,1.0247,1.0246,1.0247,1.0246,1.0247,1.0246,1.0199,1.0199,1.0199,1.0199,1.0201,1.0201,1.0201,1.0199,1.0199,1.0196,1.0184,1.0184,1.0199,1.0198,1.0190,1.0194,1.0194,1.0199,1.0199,1.0167,1.0155,1.0155,1.0181,1.0180,1.0154,1.0164,1.0164,1.0164,1.0197,1.0197,1.0197,0.9853,0.9854,1.0194,1.0196,1.0241,0.9763,0.9764,0.9932,0.9934
7.8026,1.0247,1.0246,1.0247,1.0246,1.0247,1.0246,1.0199,1.0199,1.0199,1.0199,1.0201,1.0201,1.0201,1.0199,1.0199,1.0196,1.0184,1.0184,1.0199,1.0198,1.0190,1.0194,1.0194,1.0199,1.0199,1.0167,1.0155,1.0155,1.0181,1.0180,1.0154,1.0164,1.0164,1.0164,1.0197,1.0197,1.0197,0.9853,0.9854,1.0194,1.0196,1.0241,0.9763,0.9764,0.9932,0.9934
7.8126,1.0247,1.0246,1.0247,1.0246,1.0247,1.0246,1.0199,1.0199,1.0199,1.0199,1.0201,1.0201,1.0201,1.0199,1.0199,1.0196,1.0184,1.0184,1.0199,1.0198,1.0190,1.0194,1.0194,1.0199,1.0199,1.0167,1.0154,1.0154,1.0181,1.0180,1.0154,1.0164,1.0164,1.0164,1.0197,1.0197,1.0197,0.9853,0.9854,1.0194,1.0196,1.0241,0.9763,0.9764,0.9932,0.9934
7.8226,1.0247,1.0246,1.0247,1.0246,1.0247,1.0246,1.0199,1.0199,1.0199,1.0199,1.0201,1.0201,1.0201,1.0199,1.0199,1.0196,1.0184,1.0184,1.0199,1.0198,1.0190,1.0194,1.0194,1.0199,1.0199,1.0167,1.0154,1.0154,1.0181,1.0180,1.0154,1.0164,1.0164,1.0164,1.0197,1.0197,1.0197,0.9853,0.9854,1.0194,1.0196,1.0241,0.9763,0.9764,0.9932,0.9934
7.8326,1.0247,1.0246,1.0247,1.0246,1.0247,1.0246,1.0199,1.0199,1.0199,1.0199,1.0201,1.0201,1.0201,1.0199,1.0199,1.0196,1.0184,1.0184,1.0199,1.0198,1.0190,1.0194,1.0194,1.0199,1.0199,1.0167,1.0154,1.0154,1.0181,1.0180,1.0154,1.0164,1.0164,1.0164,1.0197,1.0197,1.0197,0.9853,0.9854,1.0194,1.0196,1.0241,0.9763,0.9764,0.9932,0.9934
7.8426,1.0247,1.0246,1.0247,1.0246,1.0247,1.0246,1.0199,1.0199,1.0199,1.0199,1.0201,1.0201,1.0201,1.0199,1.0199,1.0196,1.0184,1.0184,1.0199,1.0198,1.0190,1.0194,1.0194,1.0199,1.0199,1.0167,1.0154,1.0154,1.0181,1.0180,1.0154,1.0164,1.0164,1.0164,1.0197,1.0197,1.0197,0.9853,0.9854,1.0194,1.0196,1.0241,0.9763,0.9764,0.9932,0.9934
7.8526,1.0247,1.0246,1.0247,1.0246,1.0247,1.0246,1.0199,1.0199,1.0199,1.0199,1.0201,1.0201,1.0201,1.0199,1.0199,1.0196,1.0184,1.0184,1.0199,1.0198,1.0190,1.0194,1.0194,1.0199,1.0199,1.0167,1.0154,1.0154,1.0181,1.0180,1.0154,1.0164,1.0164,1.0164,1.0197,1.0197,1.0197,0.9853,0.9854,1.0194,1.0196,1.0241,0.9763,0.9764,0.9932,0.9934
7.8626,1.0247,1.0246,1.0247,1.0246,1.0247,1.0246,1.0199,1.0199,1.0199,1.0199,1.0201,1.0201,1.0201,1.0199,1.0199,1.0196,1.0184,1.0184,1.0199,1.0198,1.0190,1.0194,1.0194,1.0199,1.0199,1.0167,1.0154,1.0154,1.0181,1.0180,1.0154,1.0164,1.0164,1.0164,1.0197,1.0197,1.0197,0.9853,0.9854,1.0194,1.0196,1.0241,0.9763,0.9764,0.9932,0.9934
7.8726,1.0247,1.0246,1.0247,1.0246,1.0247,1.0246,1.0199,1.0199,1.0199,1.0199,1.0201,1.0201,1.0201,1.0199,1.0199,1.0196,1.0184,1.0184,1.0199,1.0198,1.0190,1.0194,1.0194,1.0199,1.0199,1.0167,1.0154,1.0154,1.0181,1.0180,1.0154,1.0164,1.0164,1.0164,1.0197,1.0197,1.0197,0.9853,0.9854,1.0194,1.0196,1.0241,0.9762,0.9764,0.9932,0.9934
7.8826,1.0247,1.0246,1.0247,1.0246,1.0247,1.0246,1.0199,1.0199,1.0199,1.0199,1.0201,1.0201,1.0201,1.0199,1.0199,1.0196,1.0184,1.0184,1.0199,1.0198,1.0190,1.0194,1.0194,1.0199,1.0199,1.0167,1.0154,1.0154,1.0181,1.0179,1.0154,1.0164,1.0164,1.0164,1.0197,1.0197,1.0197,0.9853,0.9854,1.0194,1.0196,1.0241,0.9762,0.9764,0.9932,0.9934
7.8926,1.0247,1.0246,1.0247,1.0246,1.0247,1.0246,1.0199,1.0199,1.0199,1.0199,1.0201,1.0201,1.0201,1.0199,1.0199,1.0196,1.0184,1.0184,1.0199,1.0198,1.0190,1.0194,1.0194,1.0199,1.0199,1.0167,1.0154,1.0154,1.0181,1.0179,1.0154,1.0164,1.0164,1.0164,1.0197,1.0197,1.0197,0.9853,0.9854,1.0194,1.0196,1.0241,0.9762,0.9764,0.9932,0.9934
7.9026,1.0247,1.0246,1.0247,1.0246,1.0247,1.0246,1.0199,1.0199,1.0199,1.0199,1.0201,1.0201,1.0201,1.0199,1.0199,1.0196,1.0184,1.0184,1.0199,1.0198,1.0190,1.0194,1.0194,1.0199,1.0199,1.0167,1.0154,1.0154,1.0181,1.0179,1.0154,1.0164,1.0164,1.0164,1.0197,1.0197,1.0197,0.9853,0.9854,1.0194,1.0196,1.0241,0.9762,0.9764,0.9932,0.9934
7.9126,1.0247,1.0246,1.0247,1.0246,1.0247,1.0246,1.0199,1.0199,1.0199,1.0199,1.0201,1.0201,1.0201,1.0199,1.0199,1.0196,1.0184,1.0184,1.0199,1.0198,1.0190,1.0194,1.0194,1.0199,1.0199,1.0167,1.0154,1.0154,1.0180,1.0179,1.0154,1.0164,1.0164,1.0164,1.0197,1.0197,1.0197,0.9853,0.9854,1.0194,1.0196,1.0241,0.9762,0.9764,0.9932,0.9934
7.9226,1.0247,1.0246,1.0247,1.0246,1.0247,1.0246,1.0199,1.0199,1.0199,1.0199,1.0201,1.0201,1.0201,1.0199,1.0199,1.0196,1.0184,1.0184,1.0199,1.0198,1.0190,1.0194,1.0194,1.0199,1.0199,1.0167,1.0154,1.0154,1.0180,1.0179,1.0154,1.0164,1.0164,1.0164,1.0197,1.0197,1.0197,0.9853,0.9854,1.0194,1.0196,1.0241,0.9762,0.9764,0.9932,0.9934
7.9326,1.0247,1.0246,1.0247,1.0246,1.0247,1.0246,1.0199,1.0199,1.0199,1.0199,1.0201,1.0201,1.0201,1.0199,1.0199,1.0196,1.0184,1.0184,1.0199,1.0198,1.0190,1.0194,1.0194,1.0199,1.0199,1.0167,1.0154,1.0154,1.0180,1.0179,1.0154,1.0164,1.0164,1.0164,1.0197,1.0197,1.0197,0.9853,0.9854,1.0194,1.0196,1.0241,0.9762,0.9764,0.9932,0.9934
7.9426,1.0247,1.0246,1.0247,1.0246,1.0247,1.0246,1.0199,1.0199,1.0199,1.0199,1.0201,1.0201,1.0201,1.0199,1.0199,1.0196,1.0184,1.0184,1.0199,1.0198,1.0190,1.0194,1.0194,1.0199,1.0199,1.0167,1.0154,1.0154,1.0180,1.0179,1.0154,1.0164,1.0164,1.0164,1.0197,1.0197,1.0197,0.9853,0.9854,1.0194,1.0196,1.0241,0.9762,0.9764,0.9932,0.9934
7.9526,1.0247,1.0246,1.0247,1.0246,1.0247,1.0246,1.0199,1.0199,1.0199,1.0199,1.0201,1.0201,1.0201,1.0199,1.0199,1.0196,1.0184,1.0184,1.0199,1.0198,1.0190,1.0193,1.0193,1.0199,1.0199,1.0167,1.0154,1.0154,1.0180,1.0179,1.0154,1.0164,1.0164,1.0164,1.0197,1.0197,1.0197,0.9853,0.9854,1.0194,1.0196,1.0241,0.9762,0.9764,0.9932,0.9934
7.9626,1.0247,1.0246,1.0247,1.0246,1.0247,1.0246,1.0199,1.0199,1.0199,1.0199,1.0201,1.0201,1.0201,1.0199,1.0199,1.0196,1.0184,1.0184,1.0199,1.0198,1.0190,1.0193,1.0193,1.0199,1.0199,1.0167,1.0154,1.0154,1.0180,1.0179,1.0154,1.0164,1.0164,1.0164,1.0197,1.0197,1.0197,0.9853,0.9854,1.0194,1.0195,1.0241,0.9762,0.9764,0.9932,0.9934
7.9726,1.0247,1.0246,1.0247,1.0246,1.0247,1.0246,1.0199,1.0199,1.0199,1.0199,1.0201,1.0201,1.0201,1.0199,1.0199,1.0196,1.0183,1.0183,1.0199,1.0198,1.0190,1.0193,1.0193,1.0199,1.0199,1.0167,1.0154,1.0154,1.0180,1.0179,1.0154,1.0164,1.0164,1.0164,1.0197,1.0197,1.0197,0.9853,0.9854,1.0194,1.0195,1.0241,0.9762,0.9764,0.9932,0.9934
7.9826,1.0247,1.0246,1.0247,1.0246,1.0247,1.0246,1.0199,1.0199,1.0199,1.0199,1.0201,1.0201,1.0201,1.0199,1.0199,1.0196,1.0183,1.0183,1.0199,1.0198,1.0189,1.0193,1.0193,1.0199,1.0199,1.0167,1.0154,1.0154,1.0180,1.0179,1.0154,1.0164,1.0164,1.0164,1.0197,1.0197,1.0197,0.9853,0.9854,1.0194,1.0195,1.0241,0.9762,0.9764,0.9932,0.9934
7.9926,1.0247,1.0246,1.0247,1.0246,1.0247,1.0246,1.0199,1.0199,1.0199,1.0199,1.0201,1.0201,1.0201,1.0199,1.0199,1.0196,1.0183,1.0183,1.0199,1.0198,1.0189,1.0193,1.0193,1.0199,1.0199,1.0167,1.0154,1.0154,1.0180,1.0179,1.0154,1.0164,1.0164,1.0164,1.0197,1.0197,1.0197,0.9853,0.9854,1.0194,1.0195,1.0241,0.9762,0.9764,0.9932,0.9934
8.0026,1.0247,1.0246,1.0247,1.0246,1.0247,1.0246,1.0199,1.0199,1.0199,1.0199,1.0201,1.0201,1.0201,1.0199,1.0199,1.0196,1.0183,1.0183,1.0199,1.0198,1.0189,1.0193,1.0193,1.0199,1.0199,1.0167,1.0154,1.0154,1.0180,1.0179,1.0154,1.0164,1.0164,1.0164,1.0197,1.0197,1.0197,0.9853,0.9854,1.0194,1.0195,1.0241,0.9762,0.9764,0.9932,0.9934
8.0126,1.0247,1.0246,1.0247,1.0246,1.0247,1.0246,1.0199,1.0199,1.0199,1.0199,1.0201,1.0201,1.0201,1.0199,1.0199,1.0196,1.0183,1.0183,1.0199,1.0198,1.0189,1.0193,1.0193,1.0199,1.0199,1.0167,1.0154,1.0154,1.0180,1.0179,1.0154,1.0164,1.0164,1.0164,1.0197,1.0197,1.0197,0.9853,0.9854,1.0194,1.0195,1.0241,0.9762,0.9764,0.9932,0.9934
8.0226,1.0247,1.0246,1.0247,1.0246,1.0247,1.0246,1.0199,1.0199,1.0199,1.0199,1.0201,1.0201,1.0201,1.0199,1.0199,1.0196,1.0183,1.0183,1.0199,1.0198,1.0189,1.0193,1.0193,1.0199,1.0199,1.0167,1.0154,1.0154,1.0180,1.0179,1.0154,1.0164,1.0164,1.0164,1.0197,1.0197,1.0197,0.9853,0.9854,1.0194,1.0195,1.0241,0.9762,0.9764,0.9932,0.9934
8.0326,1.0247,1.0246,1.0247,1.0246,1.0247,1.0246,1.0199,1.0199,1.0199,1.0199,1.0201,1.0201,1.0201,1.0199,1.0199,1.0196,1.0183,1.0183,1.0199,1.0198,1.0189,1.0193,1.0193,1.0199,1.0199,1.0167,1.0154,1.0154,1.0180,1.0179,1.0154,1.0164,1.0164,1.0164,1.0197,1.0197,1.0197,0.9853,0.9854,1.0194,1.0195,1.0241,0.9762,0.9764,0.9932,0.9934
8.0426,1.0247,1.0246,1.0247,1.0246,1.0247,1.0246,1.0199,1.0199,1.0199,1.0199,1.0201,1.0201,1.0201,1.0199,1.0199,1.0196,1.0183,1.0183,1.0199,1.0198,1.0189,1.0193,1.0193,1.0199,1.0199,1.0167,1.0154,1.0154,1.0180,1.0179,1.0154,1.0164,1.0164,1.0164,1.0197,1.0197,1.0197,0.9853,0.9854,1.0194,1.0195,1.0241,0.9762,0.9764,0.9932,0.9933
8.0526,1.0247,1.0246,1.0247,1.0246,1.0247,1.0246,1.0199,1.0199,1.0199,1.0199,1.0201,1.0201,1.0201,1.0199,1.0199,1.0196,1.0183,1.0183,1.0199,1.0198,1.0189,1.0193,1.0193,1.0199,1.0199,1.0167,1.0154,1.0154,1.0180,1.0179,1.0154,1.0164,1.0164,1.0164,1.0197,1.0197,1.0197,0.9853,0.9854,1.0194,1.0195,1.0241,0.9762,0.9764,0.9932,0.9933
8.0626,1.0247,1.0246,1.0247,1.0246,1.0247,1.0246,1.0199,1.0199,1.0199,1.0199,1.0201,1.0201,1.0201,1.0199,1.0199,1.0196,1.0183,1.0183,1.0199,1.0198,1.0189,1.0193,1.0193,1.0199,1.0199,1.0167,1.0154,1.0154,1.0180,1.0179,1.0154,1.0164,1.0164,1.0164,1.0197,1.0197,1.0197,0.9853,0.9854,1.0194,1.0195,1.0241,0.9762,0.9764,0.9932,0.9933
8.0726,1.0247,1.0246,1.0247,1.0246,1.0247,1.0246,1.0199,1.0199,1.0199,1.0199,1.0201,1.0201,1.0201,1.0199,1.0199,1.0196,1.0183,1.0183,1.0199,1.0198,1.0189,1.0193,1.0193,1.0199,1.0199,1.0167,1.0154,1.0154,1.0180,1.0179,1.0154,1.0164,1.0164,1.0164,1.0197,1.0197,1.0197,0.9853,0.9854,1.0194,1.0195,1.0241,0.9762,0.9764,0.9932,0.9933
8.0826,1.0247,1.0246,1.0247,1.0246,1.0247,1.0246,1.0199,1.0199,1.0199,1.0199,1.0201,1.0201,1.0201,1.0199,1.0199,1.0196,1.0183,1.0183,1.0199,1.0198,1.0189,1.0193,1.0193,1.0199,1.0199,1.0167,1.0154,1.0154,1.0180,1.0179,1.0154,1.0164,1.0164,1.0164,1.0197,1.0197,1.0197,0.9853,0.9854,1.0194,1.0195,1.0241,0.9762,0.9764,0.9932,0.9933
8.0926,1.0247,1.0246,1.0247,1.0246,1.0247,1.0246,1.0199,1.0199,1.0199,1.0199,1.0201,1.0201,1.0201,1.0199,1.0199,1.0196,1.0183,1.0183,1.0199,1.0198,1.0189,1.0193,1.0193,1.0199,1.0199,1.0167,1.0154,1.0154,1.0180,1.0179,1.0154,1.0164,1.0164,1.0164,1.0197,1.0197,1.0197,0.9853,0.9854,1.0194,1.0195,1.0241,0.9762,0.9764,0.9932,0.9933
8.1026,1.0247,1.0246,1.0247,1.0246,1.0247,1.0246,1.0199,1.0199,1.0199,1.0199,1.0201,1.0201,1.0201,1.0199,1.0199,1.0196,1.0183,1.0183,1.0199,1.0198,1.0189,1.0193,1.0193,1.0199,1.0199,1.0167,1.0154,1.0154,1.0180,1.0179,1.0154,1.0164,1.0164,1.0164,1.0197,1.0197,1.0197,0.9853,0.9854,1.0194,1.0195,1.0241,0.9762,0.9764,0.9932,0.9933
8.1126,1.0247,1.0246,1.0247,1.0246,1.0247,1.0246,1.0199,1.0199,1.0199,1.0199,1.0201,1.0201,1.0201,1.0199,1.0199,1.0196,1.0183,1.0183,1.0199,1.0198,1.0189,1.0193,1.0193,1.0199,1.0199,1.0167,1.0154,1.0154,1.0180,1.0179,1.0154,1.0164,1.0164,1.0164,1.0197,1.0197,1.0197,0.9853,0.9854,1.0194,1.0195,1.0241,0.9762,0.9764,0.9932,0.9933
8.1226,1.0247,1.0246,1.0247,1.0246,1.0247,1.0246,1.0199,1.0199,1.0199,1.0199,1.0201,1.0201,1.0201,1.0199,1.0199,1.0196,1.0183,1.0183,1.0199,1.0198,1.0189,1.0193,1.0193,1.0199,1.0199,1.0167,1.0154,1.0154,1.0180,1.0179,1.0154,1.0164,1.0164,1.0164,1.0197,1.0197,1.0197,0.9853,0.9854,1.0194,1.0195,1.0241,0.9762,0.9764,0.9932,0.9933
8.1326,1.0247,1.0246,1.0247,1.0246,1.0247,1.0246,1.0199,1.0199,1.0199,1.0199,1.0201,1.0201,1.0201,1.0199,1.0199,1.0196,1.0183,1.0183,1.0199,1.0198,1.0189,1.0193,1.0193,1.0199,1.0199,1.0167,1.0154,1.0154,1.0180,1.0179,1.0154,1.0164,1.0164,1.0164,1.0197,1.0197,1.0197,0.9853,0.9854,1.0194,1.0195,1.0241,0.9762,0.9764,0.9932,0.9933
8.1426,1.0247,1.0246,1.0247,1.0246,1.0247,1.0246,1.0199,1.0199,1.0199,1.0199,1.0201,1.0201,1.0201,1.0199,1.0199,1.0196,1.0183,1.0183,1.0199,1.0198,1.0189,1.0193,1.0193,1.0199,1.0199,1.0167,1.0154,1.0154,1.0180,1.0179,1.0154,1.0164,1.0164,1.0164,1.0197,1.0197,1.0197,0.9853,0.9854,1.0194,1.0195,1.0241,0.9762,0.9764,0.9932,0.9933
8.1526,1.0247,1.0246,1.0247,1.0246,1.0247,1.0246,1.0199,1.0199,1.0199,1.0199,1.0201,1.0201,1.0201,1.0199,1.0199,1.0196,1.0183,1.0183,1.0199,1.0198,1.0189,1.0193,1.0193,1.0199,1.0199,1.0167,1.0154,1.0154,1.0180,1.0179,1.0154,1.0164,1.0164,1.0164,1.0197,1.0197,1.0197,0.9853,0.9854,1.0194,1.0195,1.0241,0.9762,0.9764,0.9932,0.9933
8.1626,1.0247,1.0246,1.0247,1.0246,1.0247,1.0246,1.0199,1.0199,1.0199,1.0199,1.0201,1.0201,1.0201,1.0199,1.0199,1.0196,1.0183,1.0183,1.0199,1.0198,1.0189,1.0193,1.0193,1.0199,1.0199,1.0167,1.0154,1.0154,1.0180,1.0179,1.0154,1.0164,1.0164,1.0164,1.0197,1.0197,1.0197,0.9853,0.9854,1.0194,1.0195,1.0241,0.9762,0.9764,0.9932,0.9933
8.1726,1.0247,1.0246,1.0247,1.0246,1.0247,1.0246,1.0199,1.0199,1.0199,1.0199,1.0201,1.0201,1.0201,1.0199,1.0199,1.0196,1.0183,1.0183,1.0199,1.0198,1.0189,1.0193,1.0193,1.0199,1.0199,1.0167,1.0154,1.0154,1.0180,1.0179,1.0154,1.0164,1.0164,1.0164,1.0197,1.0197,1.0197,0.9853,0.9854,1.0194,1.0195,1.0241,0.9762,0.9764,0.9932,0.9933
8.1826,1.0247,1.0246,1.0247,1.0246,1.0247,1.0246,1.0199,1.0199,1.0199,1.0199,1.0201,1.0201,1.0201,1.0199,1.0199,1.0196,1.0183,1.0183,1.0199,1.0198,1.0189,1.0193,1.0193,1.0199,1.0199,1.0167,1.0154,1.0154,1.0180,1.0179,1.0154,1.0164,1.0164,1.0164,1.0197,1.0197,1.0197,0.9853,0.9854,1.0194,1.0195,1.0241,0.9762,0.9764,0.9932,0.9933
8.1926,1.0247,1.0246,1.0247,1.0246,1.0247,1.0246,1.0199,1.0199,1.0199,1.0199,1.0201,1.0201,1.0201,1.0199,1.0199,1.0196,1.0183,1.0183,1.0199,1.0198,1.0189,1.0193,1.0193,1.0199,1.0199,1.0167,1.0154,1.0154,1.0180,1.0179,1.0154,1.0164,1.0164,1.0164,1.0197,1.0197,1.0197,0.9853,0.9854,1.0194,1.0195,1.0241,0.9762,0.9764,0.9932,0.9933
8.2026,1.0247,1.0246,1.0247,1.0246,1.0247,1.0246,1.0199,1.0199,1.0199,1.0199,1.0201,1.0201,1.0201,1.0199,1.0199,1.0196,1.0183,1.0183,1.0199,1.0198,1.0189,1.0193,1.0193,1.0199,1.0199,1.0167,1.0154,1.0154,1.0180,1.0179,1.0154,1.0164,1.0164,1.0164,1.0197,1.0197,1.0197,0.9853,0.9854,1.0194,1.0195,1.0241,0.9762,0.9764,0.9932,0.9933
8.2126,1.0247,1.0246,1.0247,1.0246,1.0247,1.0246,1.0199,1.0199,1.0199,1.0199,1.0201,1.0201,1.0201,1.0199,1.0199,1.0196,1.0183,1.0183,1.0199,1.0198,1.0189,1.0193,1.0193,1.0199,1.0199,1.0167,1.0154,1.0154,1.0180,1.0179,1.0154,1.0164,1.0164,1.0164,1.0197,1.0197,1.0197,0.9853,0.9854,1.0194,1.0195,1.0241,0.9762,0.9764,0.9932,0.9933
8.2226,1.0247,1.0246,1.0247,1.0246,1.0247,1.0246,1.0199,1.0199,1.0199,1.0199,1.0201,1.0201,1.0201,1.0199,1.0199,1.0196,1.0183,1.0183,1.0199,1.0198,1.0189,1.0193,1.0193,1.0199,1.0199,1.0167,1.0154,1.0154,1.0180,1.0179,1.0154,1.0164,1.0164,1.0164,1.0197,1.0197,1.0197,0.9853,0.9854,1.0194,1.0195,1.0241,0.9762,0.9764,0.9932,0.9933
8.2326,1.0247,1.0246,1.0247,1.0246,1.0247,1.0246,1.0199,1.0199,1.0199,1.0199,1.0201,1.0201,1.0201,1.0199,1.0199,1.0196,1.0183,1.0183,1.0199,1.0198,1.0189,1.0193,1.0193,1.0199,1.0199,1.0167,1.0154,1.0154,1.0180,1.0179,1.0154,1.0164,1.0164,1.0164,1.0197,1.0197,1.0197,0.9853,0.9854,1.0194,1.0195,1.0241,0.9762,0.9764,0.9932,0.9933
8.2426,1.0247,1.0246,1.0247,1.0246,1.0247,1.0246,1.0199,1.0199,1.0199,1.0199,1.0201,1.0201,1.0201,1.0199,1.0199,1.0196,1.0183,1.0183,1.0199,1.0198,1.0189,1.0193,1.0193,1.0199,1.0199,1.0167,1.0154,1.0154,1.0180,1.0179,1.0154,1.0164,1.0164,1.0164,1.0197,1.0197,1.0197,0.9853,0.9854,1.0194,1.0195,1.0241,0.9762,0.9764,0.9932,0.9933
8.2526,1.0247,1.0246,1.0247,1.0246,1.0247,1.0246,1.0199,1.0199,1.0199,1.0199,1.0201,1.0201,1.0201,1.0199,1.0199,1.0196,1.0183,1.0183,1.0199,1.0198,1.0189,1.0193,1.0193,1.0199,1.0199,1.0167,1.0154,1.0154,1.0180,1.0179,1.0154,1.0164,1.0164,1.0164,1.0197,1.0197,1.0197,0.9853,0.9854,1.0194,1.0195,1.0241,0.9762,0.9764,0.9932,0.9933
8.2626,1.0247,1.0246,1.0247,1.0246,1.0247,1.0246,1.0199,1.0199,1.0199,1.0199,1.0201,1.0201,1.0201,1.0199,1.0199,1.0196,1.0183,1.0183,1.0199,1.0198,1.0189,1.0193,1.0193,1.0199,1.0199,1.0167,1.0154,1.0154,1.0180,1.0179,1.0154,1.0164,1.0164,1.0164,1.0197,1.0197,1.0197,0.9853,0.9854,1.0194,1.0195,1.0241,0.9762,0.9764,0.9932,0.9933
8.2726,1.0247,1.0246,1.0247,1.0246,1.0247,1.0246,1.0199,1.0199,1.0199,1.0199,1.0201,1.0201,1.0201,1.0199,1.0199,1.0196,1.0183,1.0183,1.0199,1.0198,1.0189,1.0193,1.0193,1.0199,1.0199,1.0167,1.0154,1.0154,1.0180,1.0179,1.0154,1.0164,1.0164,1.0164,1.0197,1.0197,1.0197,0.9853,0.9854,1.0194,1.0195,1.0241,0.9762,0.9764,0.9932,0.9933
8.2826,1.0247,1.0246,1.0247,1.0246,1.0247,1.0246,1.0199,1.0199,1.0199,1.0199,1.0201,1.0201,1.0201,1.0199,1.0199,1.0196,1.0183,1.0183,1.0199,1.0198,1.0189,1.0193,1.0193,1.0199,1.0199,1.0167,1.0154,1.0154,1.0180,1.0179,1.0154,1.0164,1.0164,1.0164,1.0197,1.0197,1.0197,0.9853,0.9854,1.0194,1.0195,1.0241,0.9762,0.9764,0.9932,0.9933
8.2926,1.0247,1.0246,1.0247,1.0246,1.0247,1.0246,1.0199,1.0199,1.0199,1.0199,1.0201,1.0201,1.0201,1.0199,1.0199,1.0196,1.0183,1.0183,1.0199,1.0198,1.0189,1.0193,1.0193,1.0199,1.0199,1.0167,1.0154,1.0154,1.0180,1.0179,1.0154,1.0164,1.0164,1.0164,1.0197,1.0197,1.0197,0.9853,0.9854,1.0194,1.0195,1.0241,0.9762,0.9764,0.9932,0.9933
8.3026,1.0247,1.0246,1.0247,1.0246,1.0247,1.0246,1.0199,1.0199,1.0199,1.0199,1.0201,1.0201,1.0201,1.0199,1.0199,1.0196,1.0183,1.0183,1.0199,1.0198,1.0189,1.0193,1.0193,1.0199,1.0199,1.0167,1.0154,1.0154,1.0180,1.0179,1.0154,1.0164,1.0164,1.0164,1.0197,1.0197,1.0197,0.9853,0.9854,1.0194,1.0195,1.0241,0.9762,0.9764,0.9932,0.9933
8.3126,1.0247,1.0246,1.0247,1.0246,1.0247,1.0246,1.0199,1.0199,1.0199,1.0199,1.0201,1.0201,1.0201,1.0199,1.0199,1.0196,1.0183,1.0183,1.0199,1.0198,1.0189,1.0193,1.0193,1.0199,1.0199,1.0167,1.0154,1.0154,1.0180,1.0179,1.0154,1.0164,1.0164,1.0164,1.0197,1.0197,1.0197,0.9853,0.9854,1.0194,1.0195,1.0241,0.9762,0.9764,0.9932,0.9933
8.3226,1.0247,1.0246,1.0247,1.0246,1.0247,1.0246,1.0199,1.0199,1.0199,1.0199,1.0201,1.0201,1.0201,1.0199,1.0199,1.0196,1.0183,1.0183,1.0199,1.0198,1.0189,1.0193,1.0193,1.0199,1.0199,1.0167,1.0154,1.0154,1.0180,1.0179,1.0154,1.0164,1.0164,1.0164,1.0197,1.0197,1.0197,0.9853,0.9854,1.0194,1.0195,1.0241,0.9762,0.9764,0.9932,0.9933
8.3326,1.0247,1.0246,1.0247,1.0246,1.0247,1.0246,1.0199,1.0199,1.0199,1.0199,1.0201,1.0201,1.0201,1.0199,1.0199,1.0196,1.0183,1.0183,1.0199,1.0198,1.0189,1.0193,1.0193,1.0199,1.0199,1.0167,1.0154,1.0154,1.0180,1.0179,1.0154,1.0164,1.0164,1.0164,1.0197,1.0197,1.0197,0.9853,0.9854,1.0194,1.0195,1.0241,0.9762,0.9764,0.9932,0.9933
8.3426,1.0247,1.0246,1.0247,1.0246,1.0247,1.0246,1.0199,1.0199,1.0199,1.0199,1.0201,1.0201,1.0201,1.0199,1.0199,1.0196,1.0183,1.0183,1.0199,1.0198,1.0189,1.0193,1.0193,1.0199,1.0199,1.0167,1.0154,1.0154,1.0180,1.0179,1.0154,1.0164,1.0164,1.0164,1.0197,1.0197,1.0197,0.9853,0.9854,1.0194,1.0195,1.0241,0.9762,0.9764,0.9932,0.9933
8.3526,1.0247,1.0246,1.0247,1.0246,1.0247,1.0246,1.0199,1.0199,1.0199,1.0199,1.0200,1.0200,1.0200,1.0199,1.0199,1.0196,1.0183,1.0183,1.0199,1.0198,1.0189,1.0193,1.0193,1.0199,1.0199,1.0167,1.0154,1.0154,1.0180,1.0179,1.0154,1.0164,1.0164,1.0164,1.0197,1.0197,1.0197,0.9853,0.9854,1.0194,1.0195,1.0241,0.9762,0.9764,0.9932,0.9933
8.3626,1.0247,1.0246,1.0247,1.0246,1.0247,1.0246,1.0199,1.0199,1.0199,1.0199,1.0200,1.0200,1.0200,1.0199,1.0199,1.0196,1.0183,1.0183,1.0199,1.0198,1.0189,1.0193,1.0193,1.0199,1.0199,1.0167,1.0154,1.0154,1.0180,1.0179,1.0154,1.0164,1.0164,1.0164,1.0197,1.0197,1.0197,0.9853,0.9854,1.0194,1.0195,1.0241,0.9762,0.9764,0.9932,0.9933
8.3726,1.0247,1.0246,1.0247,1.0246,1.0247,1.0246,1.0199,1.0199,1.0199,1.0199,1.0200,1.0200,1.0200,1.0199,1.0199,1.0196,1.0183,1.0183,1.0199,1.0198,1.0189,1.0193,1.0193,1.0199,1.0199,1.0167,1.0154,1.0154,1.0180,1.0179,1.0154,1.0164,1.0164,1.0164,1.0197,1.0197,1.0197,0.9853,0.9854,1.0194,1.0195,1.0241,0.9762,0.9764,0.9932,0.9933
8.3826,1.0247,1.0246,1.0247,1.0246,1.0247,1.0246,1.0199,1.0199,1.0199,1.0199,1.0200,1.0200,1.0200,1.0199,1.0199,1.0196,1.0183,1.0183,1.0199,1.0198,1.0189,1.0193,1.0193,1.0199,1.0199,1.0167,1.0154,1.0154,1.0180,1.0179,1.0154,1.0164,1.0164,1.0164,1.0197,1.0197,1.0197,0.9853,0.9854,1.0194,1.0195,1.0241,0.9762,0.9764,0.9932,0.9933
8.3926,1.0247,1.0246,1.0247,1.0246,1.0247,1.0246,1.0199,1.0199,1.0199,1.0199,1.0200,1.0200,1.0200,1.0199,1.0199,1.0196,1.0183,1.0183,1.0199,1.0198,1.0189,1.0193,1.0193,1.0199,1.0199,1.0167,1.0154,1.0154,1.0180,1.0179,1.0154,1.0164,1.0164,1.0164,1.0197,1.0197,1.0197,0.9853,0.9854,1.0194,1.0195,1.0241,0.9762,0.9764,0.9932,0.9933
8.4026,1.0247,1.0246,1.0247,1.0246,1.0247,1.0246,1.0199,1.0199,1.0199,1.0199,1.0200,1.0200,1.0200,1.0199,1.0199,1.0196,1.0183,1.0183,1.0199,1.0198,1.0189,1.0193,1.0193,1.0199,1.0199,1.0167,1.0154,1.0154,1.0180,1.0179,1.0154,1.0164,1.0164,1.0164,1.0197,1.0197,1.0197,0.9853,0.9854,1.0194,1.0195,1.0241,0.9762,0.9764,0.9932,0.9933
8.4126,1.0247,1.0246,1.0247,1.0246,1.0247,1.0246,1.0199,1.0199,1.0199,1.0199,1.0200,1.0200,1.0200,1.0199,1.0199,1.0196,1.0183,1.0183,1.0199,1.0198,1.0189,1.0193,1.0193,1.0199,1.0199,1.0167,1.0154,1.0154,1.0180,1.0179,1.0154,1.0164,1.0164,1.0164,1.0197,1.0197,1.0197,0.9853,0.9854,1.0194,1.0195,1.0241,0.9762,0.9764,0.9932,0.9933
8.4226,1.0247,1.0246,1.0247,1.0246,1.0247,1.0246,1.0199,1.0199,1.0199,1.0199,1.0200,1.0200,1.0200,1.0199,1.0199,1.0196,1.0183,1.0183,1.0199,1.0198,1.0189,1.0193,1.0193,1.0199,1.0199,1.0167,1.0154,1.0154,1.0180,1.0179,1.0154,1.0164,1.0164,1.0164,1.0197,1.0197,1.0197,0.9853,0.9854,1.0194,1.0195,1.0241,0.9762,0.9764,0.9932,0.9933
8.4326,1.0247,1.0246,1.0247,1.0246,1.0247,1.0246,1.0199,1.0199,1.0199,1.0199,1.0200,1.0200,1.0200,1.0199,1.0199,1.0196,1.0183,1.0183,1.0199,1.0198,1.0189,1.0193,1.0193,1.0199,1.0199,1.0167,1.0154,1.0154,1.0180,1.0179,1.0154,1.0164,1.0164,1.0164,1.0197,1.0197,1.0197,0.9853,0.9854,1.0194,1.0195,1.0241,0.9762,0.9764,0.9932,0.9933
8.4426,1.0247,1.0246,1.0247,1.0246,1.0247,1.0246,1.0199,1.0199,1.0199,1.0199,1.0200,1.0200,1.0200,1.0199,1.0199,1.0196,1.0183,1.0183,1.0199,1.0198,1.0189,1.0193,1.0193,1.0199,1.0199,1.0167,1.0154,1.0154,1.0180,1.0179,1.0154,1.0164,1.0164,1.0164,1.0197,1.0197,1.0197,0.9853,0.9854,1.0194,1.0195,1.0241,0.9762,0.9764,0.9932,0.9933
8.4526,1.0247,1.0246,1.0247,1.0246,1.0247,1.0246,1.0199,1.0199,1.0199,1.0199,1.0200,1.0200,1.0200,1.0199,1.0199,1.0196,1.0183,1.0183,1.0199,1.0198,1.0189,1.0193,1.0193,1.0199,1.0199,1.0167,1.0154,1.0154,1.0180,1.0179,1.0154,1.0164,1.0164,1.0164,1.0197,1.0197,1.0197,0.9853,0.9854,1.0194,1.0195,1.0241,0.9762,0.9764,0.9932,0.9933
8.4626,1.0247,1.0246,1.0247,1.0246,1.0247,1.0246,1.0199,1.0199,1.0199,1.0199,1.0200,1.0200,1.0200,1.0199,1.0199,1.0196,1.0183,1.0183,1.0199,1.0198,1.0189,1.0193,1.0193,1.0199,1.0199,1.0167,1.0154,1.0154,1.0180,1.0179,1.0154,1.0164,1.0164,1.0164,1.0197,1.0197,1.0197,0.9853,0.9854,1.0194,1.0195,1.0241,0.9762,0.9764,0.9932,0.9933
8.4726,1.0247,1.0246,1.0247,1.0246,1.0247,1.0246,1.0199,1.0199,1.0199,1.0199,1.0200,1.0200,1.0200,1.0199,1.0199,1.0196,1.0183,1.0183,1.0199,1.0198,1.0189,1.0193,1.0193,1.0199,1.0199,1.0167,1.0154,1.0154,1.0180,1.0179,1.0154,1.0164,1.0164,1.0164,1.0197,1.0197,1.0197,0.9853,0.9854,1.0194,1.0195,1.0241,0.9762,0.9764,0.9932,0.9933
8.4826,1.0247,1.0246,1.0247,1.0246,1.0247,1.0246,1.0199,1.0199,1.0199,1.0199,1.0200,1.0200,1.0200,1.0199,1.0199,1.0196,1.0183,1.0183,1.0199,1.0198,1.0189,1.0193,1.0193,1.0199,1.0199,1.0167,1.0154,1.0154,1.0180,1.0179,1.0154,1.0164,1.0164,1.0164,1.0197,1.0197,1.0197,0.9853,0.9854,1.0194,1.0195,1.0241,0.9762,0.9764,0.9932,0.9933
8.4926,1.0247,1.0246,1.0247,1.0246,1.0247,1.0246,1.0199,1.0199,1.0199,1.0199,1.0200,1.0200,1.0200,1.0199,1.0199,1.0196,1.0183,1.0183,1.0199,1.0198,1.0189,1.0193,1.0193,1.0199,1.0199,1.0167,1.0154,1.0154,1.0180,1.0179,1.0154,1.0164,1.0164,1.0164,1.0197,1.0197,1.0197,0.9853,0.9854,1.0194,1.0195,1.0241,0.9762,0.9764,0.9932,0.9933
8.5026,1.0247,1.0246,1.0247,1.0246,1.0247,1.0246,1.0199,1.0199,1.0199,1.0199,1.0200,1.0200,1.0200,1.0199,1.0199,1.0196,1.0183,1.0183,1.0199,1.0198,1.0189,1.0193,1.0193,1.0199,1.0199,1.0167,1.0154,1.0154,1.0180,1.0179,1.0154,1.0164,1.0164,1.0164,1.0197,1.0197,1.0197,0.9853,0.9854,1.0194,1.0195,1.0241,0.9762,0.9764,0.9932,0.9933
8.5126,1.0247,1.0246,1.0247,1.0246,1.0247,1.0246,1.0199,1.0199,1.0199,1.0199,1.0200,1.0200,1.0200,1.0199,1.0199,1.0196,1.0183,1.0183,1.0199,1.0198,1.0189,1.0193,1.0193,1.0199,1.0199,1.0167,1.0154,1.0154,1.0180,1.0179,1.0154,1.0164,1.0164,1.0164,1.0197,1.0197,1.0197,0.9853,0.9854,1.0194,1.0195,1.0241,0.9762,0.9764,0.9932,0.9933
8.5226,1.0247,1.0246,1.0247,1.0246,1.0247,1.0246,1.0199,1.0199,1.0199,1.0199,1.0200,1.0200,1.0200,1.0199,1.0199,1.0196,1.0183,1.0183,1.0199,1.0198,1.0189,1.0193,1.0193,1.0199,1.0199,1.0167,1.0154,1.0154,1.0180,1.0179,1.0154,1.0164,1.0164,1.0164,1.0197,1.0197,1.0197,0.9853,0.9854,1.0194,1.0195,1.0241,0.9762,0.9764,0.9932,0.9933
8.5326,1.0247,1.0246,1.0247,1.0246,1.0247,1.0246,1.0199,1.0199,1.0199,1.0199,1.0200,1.0200,1.0200,1.0199,1.0199,1.0196,1.0183,1.0183,1.0199,1.0198,1.0189,1.0193,1.0193,1.0199,1.0199,1.0167,1.0154,1.0154,1.0180,1.0179,1.0154,1.0164,1.0164,1.0164,1.0197,1.0197,1.0197,0.9853,0.9854,1.0194,1.0195,1.0241,0.9762,0.9764,0.9932,0.9933
8.5426,1.0247,1.0246,1.0247,1.0246,1.0247,1.0246,1.0199,1.0199,1.0199,1.0199,1.0200,1.0200,1.0200,1.0199,1.0199,1.0196,1.0183,1.0183,1.0199,1.0198,1.0189,1.0193,1.0193,1.0199,1.0199,1.0167,1.0154,1.0154,1.0180,1.0179,1.0154,1.0164,1.0164,1.0164,1.0197,1.0197,1.0197,0.9853,0.9854,1.0194,1.0195,1.0241,0.9762,0.9764,0.9932,0.9933
8.5526,1.0247,1.0246,1.0247,1.0246,1.0247,1.0246,1.0199,1.0199,1.0199,1.0199,1.0200,1.0200,1.0200,1.0199,1.0199,1.0196,1.0183,1.0183,1.0199,1.0198,1.0189,1.0193,1.0193,1.0199,1.0199,1.0167,1.0154,1.0154,1.0180,1.0179,1.0154,1.0164,1.0164,1.0164,1.0197,1.0197,1.0197,0.9853,0.9854,1.0194,1.0195,1.0241,0.9762,0.9764,0.9932,0.9933
8.5626,1.0247,1.0246,1.0247,1.0246,1.0247,1.0246,1.0199,1.0199,1.0199,1.0199,1.0200,1.0200,1.0200,1.0199,1.0199,1.0196,1.0183,1.0183,1.0199,1.0198,1.0189,1.0193,1.0193,1.0199,1.0199,1.0167,1.0154,1.0154,1.0180,1.0179,1.0154,1.0164,1.0164,1.0164,1.0197,1.0197,1.0197,0.9853,0.9854,1.0194,1.0195,1.0241,0.9762,0.9764,0.9932,0.9933
8.5726,1.0247,1.0246,1.0247,1.0246,1.0247,1.0246,1.0199,1.0199,1.0199,1.0199,1.0200,1.0200,1.0200,1.0199,1.0199,1.0196,1.0183,1.0183,1.0199,1.0198,1.0189,1.0193,1.0193,1.0199,1.0199,1.0167,1.0154,1.0154,1.0180,1.0179,1.0154,1.0164,1.0164,1.0164,1.0197,1.0197,1.0197,0.9853,0.9854,1.0194,1.0195,1.0241,0.9762,0.9764,0.9932,0.9933
8.5826,1.0247,1.0246,1.0247,1.0246,1.0247,1.0246,1.0199,1.0199,1.0199,1.0199,1.0200,1.0200,1.0200,1.0199,1.0199,1.0196,1.0183,1.0183,1.0199,1.0198,1.0189,1.0193,1.0193,1.0199,1.0199,1.0167,1.0154,1.0154,1.0180,1.0179,1.0154,1.0164,1.0164,1.0164,1.0197,1.0197,1.0197,0.9853,0.9854,1.0194,1.0195,1.0241,0.9762,0.9764,0.9932,0.9933
8.5926,1.0247,1.0246,1.0247,1.0246,1.0247,1.0246,1.0199,1.0199,1.0199,1.0199,1.0200,1.0200,1.0200,1.0199,1.0199,1.0196,1.0183,1.0183,1.0199,1.0198,1.0189,1.0193,1.0193,1.0199,1.0199,1.0167,1.0154,1.0154,1.0180,1.0179,1.0154,1.0164,1.0164,1.0164,1.0197,1.0197,1.0197,0.9853,0.9854,1.0194,1.0195,1.0241,0.9762,0.9764,0.9932,0.9933
8.6026,1.0247,1.0246,1.0247,1.0246,1.0247,1.0246,1.0199,1.0199,1.0199,1.0199,1.0200,1.0200,1.0200,1.0199,1.0199,1.0196,1.0183,1.0183,1.0199,1.0198,1.0189,1.0193,1.0193,1.0199,1.0199,1.0167,1.0154,1.0154,1.0180,1.0179,1.0154,1.0164,1.0164,1.0164,1.0197,1.0197,1.0197,0.9853,0.9854,1.0194,1.0195,1.0241,0.9762,0.9764,0.9932,0.9933
8.6126,1.0247,1.0246,1.0247,1.0246,1.0247,1.0246,1.0199,1.0199,1.0199,1.0199,1.0200,1.0200,1.0200,1.0199,1.0199,1.0196,1.0183,1.0183,1.0199,1.0198,1.0189,1.0193,1.0193,1.0199,1.0199,1.0167,1.0154,1.0154,1.0180,1.0179,1.0154,1.0164,1.0164,1.0164,1.0197,1.0197,1.0197,0.9853,0.9854,1.0194,1.0195,1.0241,0.9762,0.9764,0.9932,0.9933
8.6226,1.0247,1.0246,1.0247,1.0246,1.0247,1.0246,1.0199,1.0199,1.0199,1.0199,1.0200,1.0200,1.0200,1.0199,1.0199,1.0196,1.0183,1.0183,1.0199,1.0198,1.0189,1.0193,1.0193,1.0199,1.0199,1.0167,1.0154,1.0154,1.0180,1.0179,1.0154,1.0164,1.0164,1.0164,1.0197,1.0197,1.0197,0.9853,0.9854,1.0194,1.0195,1.0241,0.9762,0.9764,0.9932,0.9933
8.6326,1.0247,1.0246,1.0247,1.0246,1.0247,1.0246,1.0199,1.0199,1.0199,1.0199,1.0200,1.0200,1.0200,1.0199,1.0199,1.0196,1.0183,1.0183,1.0199,1.0198,1.0189,1.0193,1.0193,1.0199,1.0199,1.0167,1.0154,1.0154,1.0180,1.0179,1.0154,1.0164,1.0164,1.0164,1.0197,1.0197,1.0197,0.9853,0.9854,1.0194,1.0195,1.0241,0.9762,0.9764,0.9932,0.9933
8.6426,1.0247,1.0246,1.0247,1.0246,1.0247,1.0246,1.0199,1.0199,1.0199,1.0199,1.0200,1.0200,1.0200,1.0199,1.0199,1.0196,1.0183,1.0183,1.0199,1.0198,1.0189,1.0193,1.0193,1.0199,1.0199,1.0167,1.0154,1.0154,1.0180,1.0179,1.0154,1.0164,1.0164,1.0164,1.0197,1.0197,1.0197,0.9853,0.9854,1.0194,1.0195,1.0241,0.9762,0.9764,0.9932,0.9933
8.6526,1.0247,1.0246,1.0247,1.0246,1.0247,1.0246,1.0199,1.0199,1.0199,1.0199,1.0200,1.0200,1.0200,1.0199,1.0199,1.0196,1.0183,1.0183,1.0199,1.0198,1.0189,1.0193,1.0193,1.0199,1.0199,1.0167,1.0154,1.0154,1.0180,1.0179,1.0154,1.0164,1.0164,1.0164,1.0197,1.0197,1.0197,0.9853,0.9854,1.0194,1.0195,1.0241,0.9762,0.9764,0.9932,0.9933
8.6626,1.0247,1.0246,1.0247,1.0246,1.0247,1.0246,1.0199,1.0199,1.0199,1.0199,1.0200,1.0200,1.0200,1.0199,1.0199,1.0196,1.0183,1.0183,1.0199,1.0198,1.0189,1.0193,1.0193,1.0199,1.0199,1.0167,1.0154,1.0154,1.0180,1.0179,1.0154,1.0164,1.0164,1.0164,1.0197,1.0197,1.0197,0.9853,0.9854,1.0194,1.0195,1.0241,0.9762,0.9764,0.9932,0.9933
8.6726,1.0247,1.0246,1.0247,1.0246,1.0247,1.0246,1.0199,1.0199,1.0199,1.0199,1.0200,1.0200,1.0200,1.0199,1.0199,1.0196,1.0183,1.0183,1.0199,1.0198,1.0189,1.0193,1.0193,1.0199,1.0199,1.0167,1.0154,1.0154,1.0180,1.0179,1.0154,1.0164,1.0164,1.0164,1.0197,1.0197,1.0197,0.9853,0.9854,1.0194,1.0195,1.0241,0.9762,0.9764,0.9932,0.9933
8.6826,1.0247,1.0246,1.0247,1.0246,1.0247,1.0246,1.0199,1.0199,1.0199,1.0199,1.0200,1.0200,1.0200,1.0199,1.0199,1.0196,1.0183,1.0183,1.0199,1.0198,1.0189,1.0193,1.0193,1.0199,1.0199,1.0167,1.0154,1.0154,1.0180,1.0179,1.0154,1.0164,1.0164,1.0164,1.0197,1.0197,1.0197,0.9853,0.9854,1.0194,1.0195,1.0241,0.9762,0.9764,0.9932,0.9933
8.6926,1.0247,1.0246,1.0247,1.0246,1.0247,1.0246,1.0199,1.0199,1.0199,1.0199,1.0200,1.0200,1.0200,1.0199,1.0199,1.0196,1.0183,1.0183,1.0199,1.0198,1.0189,1.0193,1.0193,1.0199,1.0199,1.0167,1.0154,1.0154,1.0180,1.0179,1.0154,1.0164,1.0164,1.0164,1.0197,1.0197,1.0197,0.9853,0.9854,1.0194,1.0195,1.0241,0.9762,0.9764,0.9932,0.9933
8.7026,1.0247,1.0246,1.0247,1.0246,1.0247,1.0246,1.0199,1.0199,1.0199,1.0199,1.0200,1.0200,1.0200,1.0199,1.0199,1.0196,1.0183,1.0183,1.0199,1.0198,1.0189,1.0193,1.0193,1.0199,1.0199,1.0167,1.0154,1.0154,1.0180,1.0179,1.0154,1.0164,1.0164,1.0164,1.0197,1.0197,1.0197,0.9853,0.9854,1.0194,1.0195,1.0241,0.9762,0.9764,0.9932,0.9933
8.7126,1.0247,1.0246,1.0247,1.0246,1.0247,1.0246,1.0199,1.0199,1.0199,1.0199,1.0200,1.0200,1.0200,1.0199,1.0199,1.0196,1.0183,1.0183,1.0199,1.0198,1.0189,1.0193,1.0193,1.0199,1.0199,1.0167,1.0154,1.0154,1.0180,1.0179,1.0154,1.0164,1.0164,1.0164,1.0197,1.0197,1.0197,0.9853,0.9854,1.0194,1.0195,1.0241,0.9762,0.9764,0.9932,0.9933
8.7226,1.0247,1.0246,1.0247,1.0246,1.0247,1.0246,1.0199,1.0199,1.0199,1.0199,1.0200,1.0200,1.0200,1.0199,1.0199,1.0196,1.0183,1.0183,1.0199,1.0198,1.0189,1.0193,1.0193,1.0199,1.0199,1.0167,1.0154,1.0154,1.0180,1.0179,1.0154,1.0164,1.0164,1.0164,1.0197,1.0197,1.0197,0.9853,0.9854,1.0194,1.0195,1.0241,0.9762,0.9764,0.9932,0.9933
8.7326,1.0247,1.0246,1.0247,1.0246,1.0247,1.0246,1.0199,1.0199,1.0199,1.0199,1.0200,1.0200,1.0200,1.0199,1.0199,1.0196,1.0183,1.0183,1.0199,1.0198,1.0189,1.0193,1.0193,1.0199,1.0199,1.0167,1.0154,1.0154,1.0180,1.0179,1.0154,1.0164,1.0164,1.0164,1.0197,1.0197,1.0197,0.9853,0.9854,1.0194,1.0195,1.0241,0.9762,0.9764,0.9932,0.9933
8.7426,1.0247,1.0246,1.0247,1.0246,1.0247,1.0246,1.0199,1.0199,1.0199,1.0199,1.0200,1.0200,1.0200,1.0199,1.0199,1.0196,1.0183,1.0183,1.0199,1.0198,1.0189,1.0193,1.0193,1.0199,1.0199,1.0167,1.0154,1.0154,1.0180,1.0179,1.0154,1.0164,1.0164,1.0164,1.0197,1.0197,1.0197,0.9853,0.9854,1.0194,1.0195,1.0241,0.9762,0.9764,0.9932,0.9933
8.7526,1.0247,1.0246,1.0247,1.0246,1.0247,1.0246,1.0199,1.0199,1.0199,1.0199,1.0200,1.0200,1.0200,1.0199,1.0199,1.0196,1.0183,1.0183,1.0199,1.0198,1.0189,1.0193,1.0193,1.0199,1.0199,1.0167,1.0154,1.0154,1.0180,1.0179,1.0154,1.0164,1.0164,1.0164,1.0197,1.0197,1.0197,0.9853,0.9854,1.0194,1.0195,1.0241,0.9762,0.9764,0.9932,0.9933
8.7626,1.0247,1.0246,1.0247,1.0246,1.0247,1.0246,1.0199,1.0199,1.0199,1.0199,1.0200,1.0200,1.0200,1.0199,1.0199,1.0196,1.0183,1.0183,1.0199,1.0198,1.0189,1.0193,1.0193,1.0199,1.0199,1.0167,1.0154,1.0154,1.0180,1.0179,1.0154,1.0164,1.0164,1.0164,1.0197,1.0197,1.0197,0.9853,0.9854,1.0194,1.0195,1.0241,0.9762,0.9764,0.9932,0.9933
8.7726,1.0247,1.0246,1.0247,1.0246,1.0247,1.0246,1.0199,1.0199,1.0199,1.0199,1.0200,1.0200,1.0200,1.0199,1.0199,1.0196,1.0183,1.0183,1.0199,1.0198,1.0189,1.0193,1.0193,1.0199,1.0199,1.0167,1.0154,1.0154,1.0180,1.0179,1.0154,1.0164,1.0164,1.0164,1.0197,1.0197,1.0197,0.9853,0.9854,1.0194,1.0195,1.0241,0.9762,0.9764,0.9932,0.9933
8.7826,1.0247,1.0246,1.0247,1.0246,1.0247,1.0246,1.0199,1.0199,1.0199,1.0199,1.0200,1.0200,1.0200,1.0199,1.0199,1.0196,1.0183,1.0183,1.0199,1.0198,1.0189,1.0193,1.0193,1.0199,1.0199,1.0167,1.0154,1.0154,1.0180,1.0179,1.0154,1.0164,1.0164,1.0164,1.0197,1.0197,1.0197,0.9853,0.9854,1.0194,1.0195,1.0241,0.9762,0.9764,0.9932,0.9933
8.7926,1.0247,1.0246,1.0247,1.0246,1.0247,1.0246,1.0199,1.0199,1.0199,1.0199,1.0200,1.0200,1.0200,1.0199,1.0199,1.0196,1.0183,1.0183,1.0199,1.0198,1.0189,1.0193,1.0193,1.0199,1.0199,1.0167,1.0154,1.0154,1.0180,1.0179,1.0154,1.0164,1.0164,1.0164,1.0197,1.0197,1.0197,0.9853,0.9854,1.0194,1.0195,1.0241,0.9762,0.9764,0.9932,0.9933
8.8026,1.0247,1.0246,1.0247,1.0246,1.0247,1.0246,1.0199,1.0199,1.0199,1.0199,1.0200,1.0200,1.0200,1.0199,1.0199,1.0196,1.0183,1.0183,1.0199,1.0198,1.0189,1.0193,1.0193,1.0199,1.0199,1.0167,1.0154,1.0154,1.0180,1.0179,1.0154,1.0164,1.0164,1.0164,1.0197,1.0197,1.0197,0.9853,0.9854,1.0194,1.0195,1.0241,0.9762,0.9764,0.9932,0.9933
8.8126,1.0247,1.0246,1.0247,1.0246,1.0247,1.0246,1.0199,1.0199,1.0199,1.0199,1.0200,1.0200,1.0200,1.0199,1.0199,1.0196,1.0183,1.0183,1.0199,1.0198,1.0189,1.0193,1.0193,1.0199,1.0199,1.0167,1.0154,1.0154,1.0180,1.0179,1.0154,1.0164,1.0164,1.0164,1.0197,1.0197,1.0197,0.9853,0.9854,1.0194,1.0195,1.0241,0.9762,0.9764,0.9932,0.9933
8.8226,1.0247,1.0246,1.0247,1.0246,1.0247,1.0246,1.0199,1.0199,1.0199,1.0199,1.0200,1.0200,1.0200,1.0199,1.0199,1.0196,1.0183,1.0183,1.0199,1.0198,1.0189,1.0193,1.0193,1.0199,1.0199,1.0167,1.0154,1.0154,1.0180,1.0179,1.0154,1.0164,1.0164,1.0164,1.0197,1.0197,1.0197,0.9853,0.9854,1.0194,1.0195,1.0241,0.9762,0.9764,0.9932,0.9933
8.8326,1.0247,1.0246,1.0247,1.0246,1.0247,1.0246,1.0199,1.0199,1.0199,1.0199,1.0200,1.0200,1.0200,1.0199,1.0199,1.0196,1.0183,1.0183,1.0199,1.0198,1.0189,1.0193,1.0193,1.0199,1.0199,1.0167,1.0154,1.0154,1.0180,1.0179,1.0154,1.0164,1.0164,1.0164,1.0197,1.0197,1.0197,0.9853,0.9854,1.0194,1.0195,1.0241,0.9762,0.9764,0.9932,0.9933
8.8426,1.0247,1.0246,1.0247,1.0246,1.0247,1.0246,1.0199,1.0199,1.0199,1.0199,1.0200,1.0200,1.0200,1.0199,1.0199,1.0196,1.0183,1.0183,1.0199,1.0198,1.0189,1.0193,1.0193,1.0199,1.0199,1.0167,1.0154,1.0154,1.0180,1.0179,1.0154,1.0164,1.0164,1.0164,1.0197,1.0197,1.0197,0.9853,0.9854,1.0194,1.0195,1.0241,0.9762,0.9764,0.9932,0.9933
8.8526,1.0247,1.0246,1.0247,1.0246,1.0247,1.0246,1.0199,1.0199,1.0199,1.0199,1.0200,1.0200,1.0200,1.0199,1.0199,1.0196,1.0183,1.0183,1.0199,1.0198,1.0189,1.0193,1.0193,1.0199,1.0199,1.0167,1.0154,1.0154,1.0180,1.0179,1.0154,1.0164,1.0164,1.0164,1.0197,1.0197,1.0197,0.9853,0.9854,1.0194,1.0195,1.0241,0.9762,0.9764,0.9932,0.9933
8.8626,1.0247,1.0246,1.0247,1.0246,1.0247,1.0246,1.0199,1.0199,1.0199,1.0199,1.0200,1.0200,1.0200,1.0199,1.0199,1.0196,1.0183,1.0183,1.0199,1.0198,1.0189,1.0193,1.0193,1.0199,1.0199,1.0167,1.0154,1.0154,1.0180,1.0179,1.0154,1.0164,1.0164,1.0164,1.0197,1.0197,1.0197,0.9853,0.9854,1.0194,1.0195,1.0241,0.9762,0.9764,0.9932,0.9933
8.8726,1.0247,1.0246,1.0247,1.0246,1.0247,1.0246,1.0199,1.0199,1.0199,1.0199,1.0200,1.0200,1.0200,1.0199,1.0199,1.0196,1.0183,1.0183,1.0199,1.0198,1.0189,1.0193,1.0193,1.0199,1.0199,1.0167,1.0154,1.0154,1.0180,1.0179,1.0154,1.0164,1.0164,1.0164,1.0197,1.0197,1.0197,0.9853,0.9854,1.0194,1.0195,1.0241,0.9762,0.9763,0.9932,0.9933
8.8826,1.0247,1.0246,1.0247,1.0246,1.0247,1.0246,1.0199,1.0199,1.0199,1.0199,1.0200,1.0200,1.0200,1.0199,1.0199,1.0196,1.0183,1.0183,1.0199,1.0198,1.0189,1.0193,1.0193,1.0199,1.0199,1.0167,1.0154,1.0154,1.0180,1.0179,1.0154,1.0164,1.0164,1.0164,1.0197,1.0197,1.0197,0.9853,0.9854,1.0194,1.0195,1.0241,0.9762,0.9763,0.9932,0.9933
8.8926,1.0247,1.0246,1.0247,1.0246,1.0247,1.0246,1.0199,1.0199,1.0199,1.0199,1.0200,1.0200,1.0200,1.0199,1.0199,1.0196,1.0183,1.0183,1.0199,1.0198,1.0189,1.0193,1.0193,1.0199,1.0199,1.0167,1.0154,1.0154,1.0180,1.0179,1.0154,1.0164,1.0164,1.0164,1.0197,1.0197,1.0197,0.9853,0.9854,1.0194,1.0195,1.0241,0.9762,0.9763,0.9932,0.9933
8.9026,1.0247,1.0246,1.0247,1.0246,1.0247,1.0246,1.0199,1.0199,1.0199,1.0199,1.0200,1.0200,1.0200,1.0199,1.0199,1.0196,1.0183,1.0183,1.0199,1.0198,1.0189,1.0193,1.0193,1.0199,1.0199,1.0167,1.0154,1.0154,1.0180,1.0179,1.0154,1.0164,1.0164,1.0164,1.0197,1.0197,1.0197,0.9853,0.9854,1.0194,1.0195,1.0241,0.9762,0.9763,0.9932,0.9933
8.9126,1.0247,1.0246,1.0247,1.0246,1.0247,1.0246,1.0199,1.0199,1.0199,1.0199,1.0200,1.0200,1.0200,1.0199,1.0199,1.0196,1.0183,1.0183,1.0199,1.0198,1.0189,1.0193,1.0193,1.0199,1.0199,1.0167,1.0154,1.0154,1.0180,1.0179,1.0154,1.0164,1.0164,1.0164,1.0197,1.0197,1.0197,0.9853,0.9854,1.0194,1.0195,1.0241,0.9762,0.9763,0.9932,0.9933
8.9226,1.0247,1.0246,1.0247,1.0246,1.0247,1.0246,1.0199,1.0199,1.0199,1.0199,1.0200,1.0200,1.0200,1.0199,1.0199,1.0196,1.0183,1.0183,1.0199,1.0198,1.0189,1.0193,1.0193,1.0199,1.0199,1.0167,1.0154,1.0154,1.0180,1.0179,1.0154,1.0164,1.0164,1.0164,1.0197,1.0197,1.0197,0.9853,0.9854,1.0194,1.0195,1.0241,0.9762,0.9763,0.9932,0.9933
8.9326,1.0247,1.0246,1.0247,1.0246,1.0247,1.0246,1.0199,1.0199,1.0199,1.0199,1.0200,1.0200,1.0200,1.0199,1.0199,1.0196,1.0183,1.0183,1.0199,1.0198,1.0189,1.0193,1.0193,1.0199,1.0199,1.0167,1.0154,1.0154,1.0180,1.0179,1.0154,1.0164,1.0164,1.0164,1.0197,1.0197,1.0197,0.9853,0.9854,1.0194,1.0195,1.0241,0.9762,0.9763,0.9932,0.9933
8.9426,1.0247,1.0246,1.0247,1.0246,1.0247,1.0246,1.0199,1.0199,1.0199,1.0199,1.0200,1.0200,1.0200,1.0199,1.0199,1.0196,1.0183,1.0183,1.0199,1.0198,1.0189,1.0193,1.0193,1.0199,1.0199,1.0167,1.0154,1.0154,1.0180,1.0179,1.0154,1.0164,1.0164,1.0164,1.0197,1.0197,1.0197,0.9853,0.9854,1.0194,1.0195,1.0241,0.9762,0.9763,0.9932,0.9933
8.9526,1.0247,1.0246,1.0247,1.0246,1.0247,1.0246,1.0199,1.0199,1.0199,1.0199,1.0200,1.0200,1.0200,1.0199,1.0199,1.0196,1.0183,1.0183,1.0199,1.0198,1.0189,1.0193,1.0193,1.0199,1.0199,1.0167,1.0154,1.0154,1.0180,1.0179,1.0154,1.0164,1.0164,1.0164,1.0197,1.0197,1.0197,0.9853,0.9854,1.0194,1.0195,1.0241,0.9762,0.9763,0.9932,0.9933
8.9626,1.0247,1.0246,1.0247,1.0246,1.0247,1.0246,1.0199,1.0199,1.0199,1.0199,1.0200,1.0200,1.0200,1.0199,1.0199,1.0196,1.0183,1.0183,1.0199,1.0198,1.0189,1.0193,1.0193,1.0199,1.0199,1.0167,1.0154,1.0154,1.0180,1.0179,1.0154,1.0164,1.0164,1.0164,1.0197,1.0197,1.0197,0.9853,0.9854,1.0194,1.0195,1.0241,0.9762,0.9763,0.9932,0.9933
8.9726,1.0247,1.0246,1.0247,1.0246,1.0247,1.0246,1.0199,1.0199,1.0199,1.0199,1.0200,1.0200,1.0200,1.0199,1.0199,1.0196,1.0183,1.0183,1.0199,1.0198,1.0189,1.0193,1.0193,1.0199,1.0199,1.0167,1.0154,1.0154,1.0180,1.0179,1.0154,1.0164,1.0164,1.0164,1.0197,1.0197,1.0197,0.9853,0.9854,1.0194,1.0195,1.0241,0.9762,0.9763,0.9932,0.9933
8.9826,1.0247,1.0246,1.0247,1.0246,1.0247,1.0246,1.0199,1.0199,1.0199,1.0199,1.0200,1.0200,1.0200,1.0199,1.0199,1.0196,1.0183,1.0183,1.0199,1.0198,1.0189,1.0193,1.0193,1.0199,1.0199,1.0167,1.0154,1.0154,1.0180,1.0179,1.0154,1.0164,1.0164,1.0164,1.0197,1.0197,1.0197,0.9853,0.9854,1.0194,1.0195,1.0241,0.9762,0.9763,0.9932,0.9933
8.9926,1.0247,1.0246,1.0247,1.0246,1.0247,1.0246,1.0199,1.0199,1.0199,1.0199,1.0200,1.0200,1.0200,1.0199,1.0199,1.0196,1.0183,1.0183,1.0199,1.0198,1.0189,1.0193,1.0193,1.0199,1.0199,1.0167,1.0154,1.0154,1.0180,1.0179,1.0154,1.0164,1.0164,1.0164,1.0197,1.0197,1.0197,0.9853,0.9854,1.0194,1.0195,1.0241,0.9762,0.9763,0.9932,0.9933
9.0026,1.0247,1.0246,1.0247,1.0246,1.0247,1.0246,1.0199,1.0199,1.0199,1.0199,1.0200,1.0200,1.0200,1.0199,1.0199,1.0196,1.0183,1.0183,1.0199,1.0198,1.0189,1.0193,1.0193,1.0199,1.0199,1.0167,1.0154,1.0154,1.0180,1.0179,1.0154,1.0164,1.0164,1.0164,1.0197,1.0197,1.0197,0.9853,0.9854,1.0194,1.0195,1.0241,0.9762,0.9763,0.9932,0.9933
9.0126,1.0247,1.0246,1.0247,1.0246,1.0247,1.0246,1.0199,1.0199,1.0199,1.0199,1.0200,1.0200,1.0200,1.0199,1.0199,1.0196,1.0183,1.0183,1.0199,1.0198,1.0189,1.0193,1.0193,1.0199,1.0199,1.0167,1.0154,1.0154,1.0180,1.0179,1.0154,1.0164,1.0164,1.0164,1.0197,1.0197,1.0197,0.9853,0.9854,1.0194,1.0195,1.0241,0.9762,0.9763,0.9932,0.9933
9.0226,1.0247,1.0246,1.0247,1.0246,1.0247,1.0246,1.0199,1.0199,1.0199,1.0199,1.0200,1.0200,1.0200,1.0199,1.0199,1.0196,1.0183,1.0183,1.0199,1.0198,1.0189,1.0193,1.0193,1.0199,1.0199,1.0167,1.0154,1.0154,1.0180,1.0179,1.0154,1.0164,1.0164,1.0164,1.0197,1.0197,1.0197,0.9853,0.9854,1.0194,1.0195,1.0241,0.9762,0.9763,0.9932,0.9933
9.0326,1.0247,1.0246,1.0247,1.0246,1.0247,1.0246,1.0199,1.0199,1.0199,1.0199,1.0200,1.0200,1.0200,1.0199,1.0199,1.0196,1.0183,1.0183,1.0199,1.0198,1.0189,1.0193,1.0193,1.0199,1.0199,1.0167,1.0154,1.0154,1.0180,1.0179,1.0154,1.0164,1.0164,1.0164,1.0197,1.0197,1.0197,0.9853,0.9854,1.0194,1.0195,1.0241,0.9762,0.9763,0.9932,0.9933
9.0426,1.0247,1.0246,1.0247,1.0246,1.0247,1.0246,1.0199,1.0199,1.0199,1.0199,1.0200,1.0200,1.0200,1.0199,1.0199,1.0196,1.0183,1.0183,1.0199,1.0198,1.0189,1.0193,1.0193,1.0199,1.0199,1.0167,1.0154,1.0154,1.0180,1.0179,1.0154,1.0164,1.0164,1.0164,1.0197,1.0197,1.0197,0.9853,0.9854,1.0194,1.0195,1.0241,0.9762,0.9763,0.9932,0.9933
9.0526,1.0247,1.0246,1.0247,1.0246,1.0247,1.0246,1.0199,1.0199,1.0199,1.0199,1.0200,1.0200,1.0200,1.0199,1.0199,1.0196,1.0183,1.0183,1.0199,1.0198,1.0189,1.0193,1.0193,1.0199,1.0199,1.0167,1.0154,1.0154,1.0180,1.0179,1.0154,1.0164,1.0164,1.0164,1.0197,1.0197,1.0197,0.9853,0.9854,1.0194,1.0195,1.0241,0.9762,0.9763,0.9932,0.9933
9.0626,1.0247,1.0246,1.0247,1.0246,1.0247,1.0246,1.0199,1.0199,1.0199,1.0199,1.0200,1.0200,1.0200,1.0199,1.0199,1.0196,1.0183,1.0183,1.0199,1.0198,1.0189,1.0193,1.0193,1.0199,1.0199,1.0167,1.0154,1.0154,1.0180,1.0179,1.0154,1.0164,1.0164,1.0164,1.0197,1.0197,1.0197,0.9853,0.9854,1.0194,1.0195,1.0241,0.9762,0.9763,0.9932,0.9933
9.0726,1.0247,1.0246,1.0247,1.0246,1.0247,1.0246,1.0199,1.0199,1.0199,1.0199,1.0200,1.0200,1.0200,1.0199,1.0199,1.0196,1.0183,1.0183,1.0199,1.0198,1.0189,1.0193,1.0193,1.0199,1.0199,1.0167,1.0154,1.0154,1.0180,1.0179,1.0154,1.0164,1.0164,1.0164,1.0197,1.0197,1.0197,0.9853,0.9854,1.0194,1.0195,1.0241,0.9762,0.9763,0.9932,0.9933
9.0826,1.0247,1.0246,1.0247,1.0246,1.0247,1.0246,1.0199,1.0199,1.0199,1.0199,1.0200,1.0200,1.0200,1.0199,1.0199,1.0196,1.0183,1.0183,1.0199,1.0198,1.0189,1.0193,1.0193,1.0199,1.0199,1.0167,1.0154,1.0154,1.0180,1.0179,1.0154,1.0164,1.0164,1.0164,1.0197,1.0197,1.0197,0.9853,0.9854,1.0194,1.0195,1.0241,0.9762,0.9763,0.9932,0.9933
9.0926,1.0247,1.0246,1.0247,1.0246,1.0247,1.0246,1.0199,1.0199,1.0199,1.0199,1.0200,1.0200,1.0200,1.0199,1.0199,1.0196,1.0183,1.0183,1.0199,1.0198,1.0189,1.0193,1.0193,1.0199,1.0199,1.0167,1.0154,1.0154,1.0180,1.0179,1.0154,1.0164,1.0164,1.0164,1.0197,1.0197,1.0197,0.9853,0.9854,1.0194,1.0195,1.0241,0.9762,0.9763,0.9932,0.9933
9.1026,1.0247,1.0246,1.0247,1.0246,1.0247,1.0246,1.0199,1.0199,1.0199,1.0199,1.0200,1.0200,1.0200,1.0199,1.0199,1.0196,1.0183,1.0183,1.0199,1.0198,1.0189,1.0193,1.0193,1.0199,1.0199,1.0167,1.0154,1.0154,1.0180,1.0179,1.0154,1.0164,1.0164,1.0164,1.0197,1.0197,1.0197,0.9853,0.9854,1.0194,1.0195,1.0241,0.9762,0.9763,0.9932,0.9933
9.1126,1.0247,1.0246,1.0247,1.0246,1.0247,1.0246,1.0199,1.0199,1.0199,1.0199,1.0200,1.0200,1.0200,1.0199,1.0199,1.0196,1.0183,1.0183,1.0199,1.0198,1.0189,1.0193,1.0193,1.0199,1.0199,1.0167,1.0154,1.0154,1.0180,1.0179,1.0154,1.0164,1.0164,1.0164,1.0197,1.0197,1.0197,0.9853,0.9854,1.0194,1.0195,1.0241,0.9762,0.9763,0.9932,0.9933
9.1226,1.0247,1.0246,1.0247,1.0246,1.0247,1.0246,1.0199,1.0199,1.0199,1.0199,1.0200,1.0200,1.0200,1.0199,1.0199,1.0196,1.0183,1.0183,1.0199,1.0198,1.0189,1.0193,1.0193,1.0199,1.0199,1.0167,1.0154,1.0154,1.0180,1.0179,1.0154,1.0164,1.0164,1.0164,1.0197,1.0197,1.0197,0.9853,0.9854,1.0194,1.0195,1.0241,0.9762,0.9763,0.9932,0.9933
9.1326,1.0247,1.0246,1.0247,1.0246,1.0247,1.0246,1.0199,1.0199,1.0199,1.0199,1.0200,1.0200,1.0200,1.0199,1.0199,1.0196,1.0183,1.0183,1.0199,1.0198,1.0189,1.0193,1.0193,1.0199,1.0199,1.0167,1.0154,1.0154,1.0180,1.0179,1.0154,1.0164,1.0164,1.0164,1.0197,1.0197,1.0197,0.9853,0.9854,1.0194,1.0195,1.0241,0.9762,0.9763,0.9932,0.9933
9.1426,1.0247,1.0246,1.0247,1.0246,1.0247,1.0246,1.0199,1.0199,1.0199,1.0199,1.0200,1.0200,1.0200,1.0199,1.0199,1.0196,1.0183,1.0183,1.0199,1.0198,1.0189,1.0193,1.0193,1.0199,1.0199,1.0167,1.0154,1.0154,1.0180,1.0179,1.0154,1.0164,1.0164,1.0164,1.0197,1.0197,1.0197,0.9853,0.9854,1.0194,1.0195,1.0241,0.9762,0.9763,0.9932,0.9933
9.1526,1.0247,1.0246,1.0247,1.0246,1.0247,1.0246,1.0199,1.0199,1.0199,1.0199,1.0200,1.0200,1.0200,1.0199,1.0199,1.0196,1.0183,1.0183,1.0199,1.0198,1.0189,1.0193,1.0193,1.0199,1.0199,1.0167,1.0154,1.0154,1.0180,1.0179,1.0154,1.0164,1.0164,1.0164,1.0197,1.0197,1.0197,0.9853,0.9854,1.0194,1.0195,1.0241,0.9762,0.9763,0.9932,0.9933
9.1626,1.0247,1.0246,1.0247,1.0246,1.0247,1.0246,1.0199,1.0199,1.0199,1.0199,1.0200,1.0200,1.0200,1.0199,1.0199,1.0196,1.0183,1.0183,1.0199,1.0198,1.0189,1.0193,1.0193,1.0199,1.0199,1.0167,1.0154,1.0154,1.0180,1.0179,1.0154,1.0163,1.0163,1.0163,1.0197,1.0197,1.0197,0.9853,0.9854,1.0194,1.0195,1.0241,0.9762,0.9763,0.9932,0.9933
9.1726,1.0247,1.0246,1.0247,1.0246,1.0247,1.0246,1.0199,1.0199,1.0199,1.0199,1.0200,1.0200,1.0200,1.0199,1.0199,1.0196,1.0183,1.0183,1.0199,1.0198,1.0189,1.0193,1.0193,1.0199,1.0199,1.0167,1.0154,1.0154,1.0180,1.0179,1.0154,1.0163,1.0163,1.0163,1.0197,1.0197,1.0197,0.9853,0.9854,1.0194,1.0195,1.0241,0.9762,0.9763,0.9932,0.9933
9.1826,1.0247,1.0246,1.0247,1.0246,1.0247,1.0246,1.0199,1.0199,1.0199,1.0199,1.0200,1.0200,1.0200,1.0199,1.0199,1.0196,1.0183,1.0183,1.0199,1.0198,1.0189,1.0193,1.0193,1.0199,1.0199,1.0167,1.0154,1.0154,1.0180,1.0179,1.0154,1.0163,1.0163,1.0163,1.0197,1.0197,1.0197,0.9853,0.9854,1.0194,1.0195,1.0241,0.9762,0.9763,0.9932,0.9933
9.1926,1.0247,1.0246,1.0247,1.0246,1.0247,1.0246,1.0199,1.0199,1.0199,1.0199,1.0200,1.0200,1.0200,1.0199,1.0199,1.0196,1.0183,1.0183,1.0199,1.0198,1.0189,1.0193,1.0193,1.0199,1.0199,1.0167,1.0154,1.0154,1.0180,1.0179,1.0154,1.0163,1.0163,1.0163,1.0197,1.0197,1.0197,0.9853,0.9854,1.0194,1.0195,1.0241,0.9762,0.9763,0.9932,0.9933
9.2026,1.0247,1.0246,1.0247,1.0246,1.0247,1.0246,1.0199,1.0199,1.0199,1.0199,1.0200,1.0200,1.0200,1.0199,1.0199,1.0196,1.0183,1.0183,1.0199,1.0198,1.0189,1.0193,1.0193,1.0199,1.0199,1.0167,1.0154,1.0154,1.0180,1.0179,1.0154,1.0163,1.0163,1.0163,1.0197,1.0197,1.0197,0.9853,0.9854,1.0194,1.0195,1.0241,0.9762,0.9763,0.9932,0.9933
9.2126,1.0247,1.0246,1.0247,1.0246,1.0247,1.0246,1.0199,1.0199,1.0199,1.0199,1.0200,1.0200,1.0200,1.0199,1.0199,1.0196,1.0183,1.0183,1.0199,1.0198,1.0189,1.0193,1.0193,1.0199,1.0199,1.0167,1.0154,1.0154,1.0180,1.0179,1.0154,1.0163,1.0163,1.0163,1.0197,1.0197,1.0197,0.9853,0.9854,1.0194,1.0195,1.0241,0.9762,0.9763,0.9932,0.9933
9.2226,1.0247,1.0246,1.0247,1.0246,1.0247,1.0246,1.0199,1.0199,1.0199,1.0199,1.0200,1.0200,1.0200,1.0199,1.0199,1.0196,1.0183,1.0183,1.0199,1.0198,1.0189,1.0193,1.0193,1.0199,1.0199,1.0167,1.0154,1.0154,1.0180,1.0179,1.0154,1.0163,1.0163,1.0163,1.0197,1.0197,1.0197,0.9853,0.9854,1.0194,1.0195,1.0241,0.9762,0.9763,0.9932,0.9933
9.2326,1.0247,1.0246,1.0247,1.0246,1.0247,1.0246,1.0199,1.0199,1.0199,1.0199,1.0200,1.0200,1.0200,1.0199,1.0199,1.0196,1.0183,1.0183,1.0199,1.0198,1.0189,1.0193,1.0193,1.0199,1.0199,1.0167,1.0154,1.0154,1.0180,1.0179,1.0154,1.0163,1.0163,1.0163,1.0197,1.0197,1.0197,0.9853,0.9854,1.0194,1.0195,1.0241,0.9762,0.9763,0.9932,0.9933
9.2426,1.0247,1.0246,1.0247,1.0246,1.0247,1.0246,1.0199,1.0199,1.0199,1.0199,1.0200,1.0200,1.0200,1.0199,1.0199,1.0196,1.0183,1.0183,1.0199,1.0198,1.0189,1.0193,1.0193,1.0199,1.0199,1.0167,1.0154,1.0154,1.0180,1.0179,1.0154,1.0163,1.0163,1.0163,1.0197,1.0197,1.0197,0.9853,0.9854,1.0194,1.0195,1.0241,0.9762,0.9763,0.9932,0.9933
9.2526,1.0247,1.0246,1.0247,1.0246,1.0247,1.0246,1.0199,1.0199,1.0199,1.0199,1.0200,1.0200,1.0200,1.0199,1.0199,1.0196,1.0183,1.0183,1.0199,1.0198,1.0189,1.0193,1.0193,1.0199,1.0199,1.0167,1.0154,1.0154,1.0180,1.0179,1.0154,1.0163,1.0163,1.0163,1.0197,1.0197,1.0197,0.9853,0.9854,1.0194,1.0195,1.0241,0.9762,0.9763,0.9932,0.9933
9.2626,1.0247,1.0246,1.0247,1.0246,1.0247,1.0246,1.0199,1.0199,1.0199,1.0199,1.0200,1.0200,1.0200,1.0199,1.0199,1.0196,1.0183,1.0183,1.0199,1.0198,1.0189,1.0193,1.0193,1.0199,1.0199,1.0167,1.0154,1.0154,1.0180,1.0179,1.0154,1.0163,1.0163,1.0163,1.0197,1.0197,1.0197,0.9853,0.9854,1.0194,1.0195,1.0241,0.9762,0.9763,0.9932,0.9933
9.2726,1.0247,1.0246,1.0247,1.0246,1.0247,1.0246,1.0199,1.0199,1.0199,1.0199,1.0200,1.0200,1.0200,1.0199,1.0199,1.0196,1.0183,1.0183,1.0199,1.0198,1.0189,1.0193,1.0193,1.0199,1.0199,1.0167,1.0154,1.0154,1.0180,1.0179,1.0154,1.0163,1.0163,1.0163,1.0197,1.0197,1.0197,0.9853,0.9854,1.0194,1.0195,1.0241,0.9762,0.9763,0.9932,0.9933
9.2826,1.0247,1.0246,1.0247,1.0246,1.0247,1.0246,1.0199,1.0199,1.0199,1.0199,1.0200,1.0200,1.0200,1.0199,1.0199,1.0196,1.0183,1.0183,1.0199,1.0198,1.0189,1.0193,1.0193,1.0199,1.0199,1.0167,1.0154,1.0154,1.0180,1.0179,1.0154,1.0163,1.0163,1.0163,1.0197,1.0197,1.0197,0.9853,0.9854,1.0194,1.0195,1.0241,0.9762,0.9763,0.9932,0.9933
9.2926,1.0247,1.0246,1.0247,1.0246,1.0247,1.0246,1.0199,1.0199,1.0199,1.0199,1.0200,1.0200,1.0200,1.0199,1.0199,1.0196,1.0183,1.0183,1.0199,1.0198,1.0189,1.0193,1.0193,1.0199,1.0199,1.0167,1.0154,1.0154,1.0180,1.0179,1.0154,1.0163,1.0163,1.0163,1.0197,1.0197,1.0197,0.9853,0.9854,1.0194,1.0195,1.0241,0.9762,0.9763,0.9932,0.9933
9.3026,1.0247,1.0246,1.0247,1.0246,1.0247,1.0246,1.0199,1.0199,1.0199,1.0199,1.0200,1.0200,1.0200,1.0199,1.0199,1.0196,1.0183,1.0183,1.0199,1.0198,1.0189,1.0193,1.0193,1.0199,1.0199,1.0167,1.0154,1.0154,1.0180,1.0179,1.0154,1.0163,1.0163,1.0163,1.0197,1.0197,1.0197,0.9853,0.9854,1.0194,1.0195,1.0241,0.9762,0.9763,0.9932,0.9933
9.3126,1.0247,1.0246,1.0247,1.0246,1.0247,1.0246,1.0199,1.0199,1.0199,1.0199,1.0200,1.0200,1.0200,1.0199,1.0199,1.0196,1.0183,1.0183,1.0199,1.0198,1.0189,1.0193,1.0193,1.0199,1.0199,1.0167,1.0154,1.0154,1.0180,1.0179,1.0154,1.0163,1.0163,1.0163,1.0197,1.0197,1.0197,0.9853,0.9854,1.0194,1.0195,1.0241,0.9762,0.9763,0.9932,0.9933
9.3226,1.0247,1.0246,1.0247,1.0246,1.0247,1.0246,1.0199,1.0199,1.0199,1.0199,1.0200,1.0200,1.0200,1.0199,1.0199,1.0196,1.0183,1.0183,1.0199,1.0198,1.0189,1.0193,1.0193,1.0199,1.0199,1.0167,1.0154,1.0154,1.0180,1.0179,1.0154,1.0163,1.0163,1.0163,1.0197,1.0197,1.0197,0.9853,0.9854,1.0194,1.0195,1.0241,0.9762,0.9763,0.9932,0.9933
9.3326,1.0247,1.0246,1.0247,1.0246,1.0247,1.0246,1.0199,1.0199,1.0199,1.0199,1.0200,1.0200,1.0200,1.0199,1.0199,1.0196,1.0183,1.0183,1.0199,1.0198,1.0189,1.0193,1.0193,1.0199,1.0199,1.0167,1.0154,1.0154,1.0180,1.0179,1.0154,1.0163,1.0163,1.0163,1.0197,1.0197,1.0197,0.9853,0.9854,1.0194,1.0195,1.0241,0.9762,0.9763,0.9932,0.9933
9.3426,1.0247,1.0246,1.0247,1.0246,1.0247,1.0246,1.0199,1.0199,1.0199,1.0199,1.0200,1.0200,1.0200,1.0199,1.0199,1.0196,1.0183,1.0183,1.0199,1.0198,1.0189,1.0193,1.0193,1.0199,1.0199,1.0167,1.0154,1.0154,1.0180,1.0179,1.0154,1.0163,1.0163,1.0163,1.0197,1.0197,1.0197,0.9853,0.9854,1.0194,1.0195,1.0241,0.9762,0.9763,0.9932,0.9933
9.3526,1.0247,1.0246,1.0247,1.0246,1.0247,1.0246,1.0199,1.0199,1.0199,1.0199,1.0200,1.0200,1.0200,1.0199,1.0199,1.0196,1.0183,1.0183,1.0199,1.0198,1.0189,1.0193,1.0193,1.0199,1.0199,1.0167,1.0154,1.0154,1.0180,1.0179,1.0154,1.0163,1.0163,1.0163,1.0197,1.0197,1.0197,0.9853,0.9854,1.0194,1.0195,1.0241,0.9762,0.9763,0.9932,0.9933
9.3626,1.0247,1.0246,1.0247,1.0246,1.0247,1.0246,1.0199,1.0199,1.0199,1.0199,1.0200,1.0200,1.0200,1.0199,1.0199,1.0196,1.0183,1.0183,1.0199,1.0198,1.0189,1.0193,1.0193,1.0199,1.0199,1.0167,1.0154,1.0154,1.0180,1.0179,1.0154,1.0163,1.0163,1.0163,1.0197,1.0197,1.0197,0.9853,0.9854,1.0194,1.0195,1.0241,0.9762,0.9763,0.9932,0.9933
9.3726,1.0247,1.0246,1.0247,1.0246,1.0247,1.0246,1.0199,1.0199,1.0199,1.0199,1.0200,1.0200,1.0200,1.0199,1.0199,1.0196,1.0183,1.0183,1.0199,1.0198,1.0189,1.0193,1.0193,1.0199,1.0199,1.0167,1.0154,1.0154,1.0180,1.0179,1.0154,1.0163,1.0163,1.0163,1.0197,1.0197,1.0197,0.9853,0.9854,1.0194,1.0195,1.0241,0.9762,0.9763,0.9932,0.9933
9.3826,1.0247,1.0246,1.0247,1.0246,1.0247,1.0246,1.0199,1.0199,1.0199,1.0199,1.0200,1.0200,1.0200,1.0199,1.0199,1.0196,1.0183,1.0183,1.0199,1.0198,1.0189,1.0193,1.0193,1.0199,1.0199,1.0167,1.0154,1.0154,1.0180,1.0179,1.0154,1.0163,1.0163,1.0163,1.0197,1.0197,1.0197,0.9853,0.9854,1.0194,1.0195,1.0241,0.9762,0.9763,0.9932,0.9933
9.3926,1.0247,1.0246,1.0247,1.0246,1.0247,1.0246,1.0199,1.0199,1.0199,1.0199,1.0200,1.0200,1.0200,1.0199,1.0199,1.0196,1.0183,1.0183,1.0199,1.0198,1.0189,1.0193,1.0193,1.0199,1.0199,1.0167,1.0154,1.0154,1.0180,1.0179,1.0154,1.0163,1.0163,1.0163,1.0197,1.0197,1.0197,0.9853,0.9854,1.0194,1.0195,1.0241,0.9762,0.9763,0.9932,0.9933
9.4026,1.0247,1.0246,1.0247,1.0246,1.0247,1.0246,1.0199,1.0199,1.0199,1.0199,1.0200,1.0200,1.0200,1.0199,1.0199,1.0196,1.0183,1.0183,1.0199,1.0198,1.0189,1.0193,1.0193,1.0199,1.0199,1.0167,1.0154,1.0154,1.0180,1.0179,1.0154,1.0163,1.0163,1.0163,1.0197,1.0197,1.0197,0.9853,0.9854,1.0194,1.0195,1.0241,0.9762,0.9763,0.9932,0.9933
9.4126,1.0247,1.0246,1.0247,1.0246,1.0247,1.0246,1.0199,1.0199,1.0199,1.0199,1.0200,1.0200,1.0200,1.0199,1.0199,1.0196,1.0183,1.0183,1.0199,1.0198,1.0189,1.0193,1.0193,1.0199,1.0199,1.0167,1.0154,1.0154,1.0180,1.0179,1.0154,1.0163,1.0163,1.0163,1.0197,1.0197,1.0197,0.9853,0.9854,1.0194,1.0195,1.0241,0.9762,0.9763,0.9932,0.9933
9.4226,1.0247,1.0246,1.0247,1.0246,1.0247,1.0246,1.0199,1.0199,1.0199,1.0199,1.0200,1.0200,1.0200,1.0199,1.0199,1.0196,1.0183,1.0183,1.0199,1.0198,1.0189,1.0193,1.0193,1.0199,1.0199,1.0167,1.0154,1.0154,1.0180,1.0179,1.0154,1.0163,1.0163,1.0163,1.0197,1.0197,1.0197,0.9853,0.9854,1.0194,1.0195,1.0241,0.9762,0.9763,0.9932,0.9933
9.4326,1.0247,1.0246,1.0247,1.0246,1.0247,1.0246,1.0199,1.0199,1.0199,1.0199,1.0200,1.0200,1.0200,1.0199,1.0199,1.0196,1.0183,1.0183,1.0199,1.0198,1.0189,1.0193,1.0193,1.0199,1.0199,1.0167,1.0154,1.0154,1.0180,1.0179,1.0154,1.0163,1.0163,1.0163,1.0197,1.0197,1.0197,0.9853,0.9854,1.0194,1.0195,1.0241,0.9762,0.9763,0.9932,0.9933
9.4426,1.0247,1.0246,1.0247,1.0246,1.0247,1.0246,1.0199,1.0199,1.0199,1.0199,1.0200,1.0200,1.0200,1.0199,1.0199,1.0196,1.0183,1.0183,1.0199,1.0198,1.0189,1.0193,1.0193,1.0199,1.0199,1.0167,1.0154,1.0154,1.0180,1.0179,1.0154,1.0163,1.0163,1.0163,1.0197,1.0197,1.0197,0.9853,0.9854,1.0194,1.0195,1.0241,0.9762,0.9763,0.9932,0.9933
9.4526,1.0247,1.0246,1.0247,1.0246,1.0247,1.0246,1.0199,1.0199,1.0199,1.0199,1.0200,1.0200,1.0200,1.0199,1.0199,1.0196,1.0183,1.0183,1.0199,1.0198,1.0189,1.0193,1.0193,1.0199,1.0199,1.0167,1.0154,1.0154,1.0180,1.0179,1.0154,1.0163,1.0163,1.0163,1.0197,1.0197,1.0197,0.9853,0.9854,1.0194,1.0195,1.0241,0.9762,0.9763,0.9932,0.9933
9.4626,1.0247,1.0246,1.0247,1.0246,1.0247,1.0246,1.0199,1.0199,1.0199,1.0199,1.0200,1.0200,1.0200,1.0199,1.0199,1.0196,1.0183,1.0183,1.0199,1.0198,1.0189,1.0193,1.0193,1.0199,1.0199,1.0167,1.0154,1.0154,1.0180,1.0179,1.0154,1.0163,1.0163,1.0163,1.0197,1.0197,1.0197,0.9853,0.9854,1.0194,1.0195,1.0241,0.9762,0.9763,0.9932,0.9933
9.4726,1.0247,1.0246,1.0247,1.0246,1.0247,1.0246,1.0199,1.0199,1.0199,1.0199,1.0200,1.0200,1.0200,1.0199,1.0199,1.0196,1.0183,1.0183,1.0199,1.0198,1.0189,1.0193,1.0193,1.0199,1.0199,1.0167,1.0154,1.0154,1.0180,1.0179,1.0154,1.0163,1.0163,1.0163,1.0197,1.0197,1.0197,0.9853,0.9854,1.0194,1.0195,1.0241,0.9762,0.9763,0.9932,0.9933
9.4826,1.0247,1.0246,1.0247,1.0246,1.0247,1.0246,1.0199,1.0199,1.0199,1.0199,1.0200,1.0200,1.0200,1.0199,1.0199,1.0196,1.0183,1.0183,1.0199,1.0198,1.0189,1.0193,1.0193,1.0199,1.0199,1.0167,1.0154,1.0154,1.0180,1.0179,1.0154,1.0163,1.0163,1.0163,1.0197,1.0197,1.0197,0.9853,0.9854,1.0194,1.0195,1.0241,0.9762,0.9763,0.9932,0.9933
9.4926,1.0247,1.0246,1.0247,1.0246,1.0247,1.0246,1.0199,1.0199,1.0199,1.0199,1.0200,1.0200,1.0200,1.0199,1.0199,1.0196,1.0183,1.0183,1.0199,1.0198,1.0189,1.0193,1.0193,1.0199,1.0199,1.0167,1.0154,1.0154,1.0180,1.0179,1.0154,1.0163,1.0163,1.0163,1.0197,1.0197,1.0197,0.9853,0.9854,1.0194,1.0195,1.0241,0.9762,0.9763,0.9932,0.9933
9.5026,1.0247,1.0246,1.0247,1.0246,1.0247,1.0246,1.0199,1.0199,1.0199,1.0199,1.0200,1.0200,1.0200,1.0199,1.0199,1.0196,1.0183,1.0183,1.0199,1.0198,1.0189,1.0193,1.0193,1.0199,1.0199,1.0167,1.0154,1.0154,1.0180,1.0179,1.0154,1.0163,1.0163,1.0163,1.0197,1.0197,1.0197,0.9853,0.9854,1.0194,1.0195,1.0241,0.9762,0.9763,0.9932,0.9933
9.5126,1.0247,1.0246,1.0247,1.0246,1.0247,1.0246,1.0199,1.0199,1.0199,1.0199,1.0200,1.0200,1.0200,1.0199,1.0199,1.0196,1.0183,1.0183,1.0199,1.0198,1.0189,1.0193,1.0193,1.0199,1.0199,1.0167,1.0154,1.0154,1.0180,1.0179,1.0154,1.0163,1.0163,1.0163,1.0197,1.0197,1.0197,0.9853,0.9854,1.0194,1.0195,1.0241,0.9762,0.9763,0.9932,0.9933
9.5226,1.0247,1.0246,1.0247,1.0246,1.0247,1.0246,1.0199,1.0199,1.0199,1.0199,1.0200,1.0200,1.0200,1.0199,1.0199,1.0196,1.0183,1.0183,1.0199,1.0198,1.0189,1.0193,1.0193,1.0199,1.0199,1.0167,1.0154,1.0154,1.0180,1.0179,1.0154,1.0163,1.0163,1.0163,1.0197,1.0197,1.0197,0.9853,0.9854,1.0194,1.0195,1.0241,0.9762,0.9763,0.9932,0.9933
9.5326,1.0247,1.0246,1.0247,1.0246,1.0247,1.0246,1.0199,1.0199,1.0199,1.0199,1.0200,1.0200,1.0200,1.0199,1.0199,1.0196,1.0183,1.0183,1.0199,1.0198,1.0189,1.0193,1.0193,1.0199,1.0199,1.0167,1.0154,1.0154,1.0180,1.0179,1.0154,1.0163,1.0163,1.0163,1.0197,1.0197,1.0197,0.9853,0.9854,1.0194,1.0195,1.0241,0.9762,0.9763,0.9932,0.9933
9.5426,1.0247,1.0246,1.0247,1.0246,1.0247,1.0246,1.0199,1.0199,1.0199,1.0199,1.0200,1.0200,1.0200,1.0199,1.0199,1.0196,1.0183,1.0183,1.0199,1.0198,1.0189,1.0193,1.0193,1.0199,1.0199,1.0167,1.0154,1.0154,1.0180,1.0179,1.0154,1.0163,1.0163,1.0163,1.0197,1.0197,1.0197,0.9853,0.9854,1.0194,1.0195,1.0241,0.9762,0.9763,0.9932,0.9933
9.5526,1.0247,1.0246,1.0247,1.0246,1.0247,1.0246,1.0199,1.0199,1.0199,1.0199,1.0200,1.0200,1.0200,1.0199,1.0199,1.0196,1.0183,1.0183,1.0199,1.0198,1.0189,1.0193,1.0193,1.0199,1.0199,1.0167,1.0154,1.0154,1.0180,1.0179,1.0154,1.0163,1.0163,1.0163,1.0197,1.0197,1.0197,0.9853,0.9854,1.0194,1.0195,1.0241,0.9762,0.9763,0.9932,0.9933
9.5626,1.0247,1.0246,1.0247,1.0246,1.0247,1.0246,1.0199,1.0199,1.0199,1.0199,1.0200,1.0200,1.0200,1.0199,1.0199,1.0196,1.0183,1.0183,1.0199,1.0198,1.0189,1.0193,1.0193,1.0199,1.0199,1.0167,1.0154,1.0154,1.0180,1.0179,1.0154,1.0163,1.0163,1.0163,1.0197,1.0197,1.0197,0.9853,0.9854,1.0194,1.0195,1.0241,0.9762,0.9763,0.9932,0.9933
9.5726,1.0247,1.0246,1.0247,1.0246,1.0247,1.0246,1.0199,1.0199,1.0199,1.0199,1.0200,1.0200,1.0200,1.0199,1.0199,1.0196,1.0183,1.0183,1.0199,1.0198,1.0189,1.0193,1.0193,1.0199,1.0199,1.0167,1.0154,1.0154,1.0180,1.0179,1.0154,1.0163,1.0163,1.0163,1.0197,1.0197,1.0197,0.9853,0.9854,1.0194,1.0195,1.0241,0.9762,0.9763,0.9932,0.9933
9.5826,1.0247,1.0246,1.0247,1.0246,1.0247,1.0246,1.0199,1.0199,1.0199,1.0199,1.0200,1.0200,1.0200,1.0199,1.0199,1.0196,1.0183,1.0183,1.0199,1.0198,1.0189,1.0193,1.0193,1.0199,1.0199,1.0167,1.0154,1.0154,1.0180,1.0179,1.0154,1.0163,1.0163,1.0163,1.0197,1.0197,1.0197,0.9853,0.9854,1.0194,1.0195,1.0241,0.9762,0.9763,0.9932,0.9933
9.5926,1.0247,1.0246,1.0247,1.0246,1.0247,1.0246,1.0199,1.0199,1.0199,1.0199,1.0200,1.0200,1.0200,1.0199,1.0199,1.0196,1.0183,1.0183,1.0199,1.0198,1.0189,1.0193,1.0193,1.0199,1.0199,1.0167,1.0154,1.0154,1.0180,1.0179,1.0154,1.0163,1.0163,1.0163,1.0197,1.0197,1.0197,0.9853,0.9854,1.0194,1.0195,1.0241,0.9762,0.9763,0.9932,0.9933
9.6026,1.0247,1.0246,1.0247,1.0246,1.0247,1.0246,1.0199,1.0199,1.0199,1.0199,1.0200,1.0200,1.0200,1.0199,1.0199,1.0196,1.0183,1.0183,1.0199,1.0198,1.0189,1.0193,1.0193,1.0199,1.0199,1.0167,1.0154,1.0154,1.0180,1.0179,1.0154,1.0163,1.0163,1.0163,1.0197,1.0197,1.0197,0.9853,0.9854,1.0194,1.0195,1.0241,0.9762,0.9763,0.9932,0.9933
9.6126,1.0247,1.0245,1.0247,1.0246,1.0247,1.0246,1.0199,1.0199,1.0199,1.0199,1.0200,1.0200,1.0200,1.0199,1.0199,1.0196,1.0183,1.0183,1.0199,1.0198,1.0189,1.0193,1.0193,1.0199,1.0199,1.0167,1.0154,1.0154,1.0180,1.0179,1.0154,1.0163,1.0163,1.0163,1.0197,1.0197,1.0197,0.9853,0.9854,1.0194,1.0195,1.0241,0.9762,0.9763,0.9932,0.9933
9.6226,1.0247,1.0245,1.0247,1.0246,1.0247,1.0246,1.0199,1.0199,1.0199,1.0199,1.0200,1.0200,1.0200,1.0199,1.0199,1.0196,1.0183,1.0183,1.0199,1.0198,1.0189,1.0193,1.0193,1.0199,1.0199,1.0167,1.0154,1.0154,1.0180,1.0179,1.0154,1.0163,1.0163,1.0163,1.0197,1.0197,1.0197,0.9853,0.9854,1.0194,1.0195,1.0241,0.9762,0.9763,0.9932,0.9933
9.6326,1.0247,1.0245,1.0247,1.0246,1.0247,1.0246,1.0199,1.0199,1.0199,1.0199,1.0200,1.0200,1.0200,1.0199,1.0199,1.0196,1.0183,1.0183,1.0199,1.0198,1.0189,1.0193,1.0193,1.0199,1.0199,1.0167,1.0154,1.0154,1.0180,1.0179,1.0154,1.0163,1.0163,1.0163,1.0197,1.0197,1.0197,0.9853,0.9854,1.0194,1.0195,1.0241,0.9762,0.9763,0.9932,0.9933
9.6426,1.0247,1.0245,1.0247,1.0246,1.0247,1.0246,1.0199,1.0199,1.0199,1.0199,1.0200,1.0200,1.0200,1.0199,1.0199,1.0196,1.0183,1.0183,1.0199,1.0198,1.0189,1.0193,1.0193,1.0199,1.0199,1.0167,1.0154,1.0154,1.0180,1.0179,1.0154,1.0163,1.0163,1.0163,1.0197,1.0197,1.0197,0.9853,0.9854,1.0194,1.0195,1.0241,0.9762,0.9763,0.9932,0.9933
9.6526,1.0247,1.0245,1.0247,1.0246,1.0247,1.0246,1.0199,1.0199,1.0199,1.0199,1.0200,1.0200,1.0200,1.0199,1.0199,1.0196,1.0183,1.0183,1.0199,1.0198,1.0189,1.0193,1.0193,1.0199,1.0199,1.0167,1.0154,1.0154,1.0180,1.0179,1.0154,1.0163,1.0163,1.0163,1.0197,1.0197,1.0197,0.9853,0.9854,1.0194,1.0195,1.0241,0.9762,0.9763,0.9932,0.9933
9.6626,1.0247,1.0245,1.0247,1.0246,1.0247,1.0246,1.0199,1.0199,1.0199,1.0199,1.0200,1.0200,1.0200,1.0199,1.0199,1.0196,1.0183,1.0183,1.0199,1.0198,1.0189,1.0193,1.0193,1.0199,1.0199,1.0167,1.0154,1.0154,1.0180,1.0179,1.0154,1.0163,1.0163,1.0163,1.0197,1.0197,1.0197,0.9853,0.9854,1.0194,1.0195,1.0241,0.9762,0.9763,0.9932,0.9933
9.6726,1.0247,1.0245,1.0247,1.0246,1.0247,1.0246,1.0199,1.0199,1.0199,1.0199,1.0200,1.0200,1.0200,1.0199,1.0199,1.0196,1.0183,1.0183,1.0199,1.0198,1.0189,1.0193,1.0193,1.0199,1.0199,1.0167,1.0154,1.0154,1.0180,1.0179,1.0154,1.0163,1.0163,1.0163,1.0197,1.0197,1.0197,0.9853,0.9854,1.0194,1.0195,1.0241,0.9762,0.9763,0.9932,0.9933
9.6826,1.0247,1.0245,1.0247,1.0246,1.0247,1.0246,1.0199,1.0199,1.0199,1.0199,1.0200,1.0200,1.0200,1.0199,1.0199,1.0196,1.0183,1.0183,1.0199,1.0198,1.0189,1.0193,1.0193,1.0199,1.0199,1.0167,1.0154,1.0154,1.0180,1.0179,1.0154,1.0163,1.0163,1.0163,1.0197,1.0197,1.0197,0.9853,0.9854,1.0194,1.0195,1.0241,0.9762,0.9763,0.9932,0.9933
9.6926,1.0247,1.0245,1.0247,1.0246,1.0247,1.0246,1.0199,1.0199,1.0199,1.0199,1.0200,1.0200,1.0200,1.0199,1.0199,1.0196,1.0183,1.0183,1.0199,1.0198,1.0189,1.0193,1.0193,1.0199,1.0199,1.0167,1.0154,1.0154,1.0180,1.0179,1.0154,1.0163,1.0163,1.0163,1.0197,1.0197,1.0197,0.9853,0.9854,1.0194,1.0195,1.0241,0.9762,0.9763,0.9932,0.9933
9.7026,1.0247,1.0245,1.0247,1.0246,1.0247,1.0246,1.0199,1.0199,1.0199,1.0199,1.0200,1.0200,1.0200,1.0199,1.0199,1.0196,1.0183,1.0183,1.0199,1.0198,1.0189,1.0193,1.0193,1.0199,1.0199,1.0167,1.0154,1.0154,1.0180,1.0179,1.0154,1.0163,1.0163,1.0163,1.0197,1.0197,1.0197,0.9853,0.9854,1.0194,1.0195,1.0241,0.9762,0.9763,0.9932,0.9933
9.7126,1.0247,1.0245,1.0247,1.0246,1.0247,1.0246,1.0199,1.0199,1.0199,1.0199,1.0200,1.0200,1.0200,1.0199,1.0199,1.0196,1.0183,1.0183,1.0199,1.0198,1.0189,1.0193,1.0193,1.0199,1.0199,1.0167,1.0154,1.0154,1.0180,1.0179,1.0154,1.0163,1.0163,1.0163,1.0197,1.0197,1.0197,0.9853,0.9854,1.0194,1.0195,1.0241,0.9762,0.9763,0.9932,0.9933
9.7226,1.0247,1.0245,1.0247,1.0246,1.0247,1.0246,1.0199,1.0199,1.0199,1.0199,1.0200,1.0200,1.0200,1.0199,1.0199,1.0196,1.0183,1.0183,1.0199,1.0198,1.0189,1.0193,1.0193,1.0199,1.0199,1.0167,1.0154,1.0154,1.0180,1.0179,1.0154,1.0163,1.0163,1.0163,1.0197,1.0197,1.0197,0.9853,0.9854,1.0194,1.0195,1.0241,0.9762,0.9763,0.9932,0.9933
9.7326,1.0247,1.0245,1.0247,1.0246,1.0247,1.0246,1.0199,1.0199,1.0199,1.0199,1.0200,1.0200,1.0200,1.0199,1.0199,1.0196,1.0183,1.0183,1.0199,1.0198,1.0189,1.0193,1.0193,1.0199,1.0199,1.0167,1.0154,1.0154,1.0180,1.0179,1.0154,1.0163,1.0163,1.0163,1.0197,1.0197,1.0197,0.9853,0.9854,1.0194,1.0195,1.0241,0.9762,0.9763,0.9932,0.9933
9.7426,1.0247,1.0245,1.0247,1.0246,1.0247,1.0246,1.0199,1.0199,1.0199,1.0199,1.0200,1.0200,1.0200,1.0199,1.0199,1.0196,1.0183,1.0183,1.0199,1.0198,1.0189,1.0193,1.0193,1.0199,1.0199,1.0167,1.0154,1.0154,1.0180,1.0179,1.0154,1.0163,1.0163,1.0163,1.0197,1.0197,1.0197,0.9853,0.9854,1.0194,1.0195,1.0241,0.9762,0.9763,0.9932,0.9933
9.7526,1.0247,1.0245,1.0247,1.0246,1.0247,1.0246,1.0199,1.0199,1.0199,1.0199,1.0200,1.0200,1.0200,1.0199,1.0199,1.0196,1.0183,1.0183,1.0199,1.0198,1.0189,1.0193,1.0193,1.0199,1.0199,1.0167,1.0154,1.0154,1.0180,1.0179,1.0154,1.0163,1.0163,1.0163,1.0197,1.0197,1.0197,0.9853,0.9854,1.0194,1.0195,1.0241,0.9762,0.9763,0.9932,0.9933
9.7626,1.0247,1.0245,1.0247,1.0246,1.0247,1.0246,1.0199,1.0199,1.0199,1.0199,1.0200,1.0200,1.0200,1.0199,1.0199,1.0196,1.0183,1.0183,1.0199,1.0198,1.0189,1.0193,1.0193,1.0199,1.0199,1.0167,1.0154,1.0154,1.0180,1.0179,1.0154,1.0163,1.0163,1.0163,1.0197,1.0197,1.0197,0.9853,0.9854,1.0194,1.0195,1.0241,0.9762,0.9763,0.9932,0.9933
9.7726,1.0247,1.0245,1.0247,1.0246,1.0247,1.0246,1.0199,1.0199,1.0199,1.0199,1.0200,1.0200,1.0200,1.0199,1.0199,1.0196,1.0183,1.0183,1.0199,1.0198,1.0189,1.0193,1.0193,1.0199,1.0199,1.0167,1.0154,1.0154,1.0180,1.0179,1.0154,1.0163,1.0163,1.0163,1.0197,1.0197,1.0197,0.9853,0.9854,1.0194,1.0195,1.0241,0.9762,0.9763,0.9932,0.9933
9.7826,1.0247,1.0245,1.0247,1.0246,1.0247,1.0246,1.0199,1.0199,1.0199,1.0199,1.0200,1.0200,1.0200,1.0199,1.0199,1.0196,1.0183,1.0183,1.0199,1.0198,1.0189,1.0193,1.0193,1.0199,1.0199,1.0167,1.0154,1.0154,1.0180,1.0179,1.0154,1.0163,1.0163,1.0163,1.0197,1.0197,1.0197,0.9853,0.9854,1.0194,1.0195,1.0241,0.9762,0.9763,0.9932,0.9933
9.7926,1.0247,1.0245,1.0247,1.0246,1.0247,1.0246,1.0199,1.0199,1.0199,1.0199,1.0200,1.0200,1.0200,1.0199,1.0199,1.0196,1.0183,1.0183,1.0199,1.0198,1.0189,1.0193,1.0193,1.0199,1.0199,1.0167,1.0154,1.0154,1.0180,1.0179,1.0154,1.0163,1.0163,1.0163,1.0197,1.0197,1.0197,0.9853,0.9854,1.0194,1.0195,1.0241,0.9762,0.9763,0.9932,0.9933
9.8026,1.0247,1.0245,1.0247,1.0246,1.0247,1.0246,1.0199,1.0199,1.0199,1.0199,1.0200,1.0200,1.0200,1.0199,1.0199,1.0196,1.0183,1.0183,1.0199,1.0198,1.0189,1.0193,1.0193,1.0199,1.0199,1.0167,1.0154,1.0154,1.0180,1.0179,1.0154,1.0163,1.0163,1.0163,1.0197,1.0197,1.0197,0.9853,0.9854,1.0194,1.0195,1.0241,0.9762,0.9763,0.9932,0.9933
9.8126,1.0247,1.0245,1.0247,1.0246,1.0247,1.0246,1.0199,1.0199,1.0199,1.0199,1.0200,1.0200,1.0200,1.0199,1.0199,1.0196,1.0183,1.0183,1.0199,1.0198,1.0189,1.0193,1.0193,1.0199,1.0199,1.0167,1.0154,1.0154,1.0180,1.0179,1.0154,1.0163,1.0163,1.0163,1.0197,1.0197,1.0197,0.9853,0.9854,1.0194,1.0195,1.0241,0.9762,0.9763,0.9932,0.9933
9.8226,1.0247,1.0245,1.0247,1.0246,1.0247,1.0246,1.0199,1.0199,1.0199,1.0199,1.0200,1.0200,1.0200,1.0199,1.0199,1.0196,1.0183,1.0183,1.0199,1.0198,1.0189,1.0193,1.0193,1.0199,1.0199,1.0167,1.0154,1.0154,1.0180,1.0179,1.0154,1.0163,1.0163,1.0163,1.0197,1.0197,1.0197,0.9853,0.9854,1.0194,1.0195,1.0241,0.9762,0.9763,0.9932,0.9933
9.8326,1.0247,1.0245,1.0247,1.0246,1.0247,1.0246,1.0199,1.0199,1.0199,1.0199,1.0200,1.0200,1.0200,1.0199,1.0199,1.0196,1.0183,1.0183,1.0199,1.0198,1.0189,1.0193,1.0193,1.0199,1.0199,1.0167,1.0154,1.0154,1.0180,1.0179,1.0154,1.0163,1.0163,1.0163,1.0196,1.0196,1.0197,0.9853,0.9854,1.0194,1.0195,1.0241,0.9762,0.9763,0.9932,0.9933
9.8426,1.0247,1.0245,1.0247,1.0246,1.0247,1.0246,1.0199,1.0199,1.0199,1.0199,1.0200,1.0200,1.0200,1.0199,1.0199,1.0196,1.0183,1.0183,1.0199,1.0198,1.0189,1.0193,1.0193,1.0199,1.0199,1.0167,1.0154,1.0154,1.0180,1.0179,1.0154,1.0163,1.0163,1.0163,1.0196,1.0196,1.0197,0.9853,0.9854,1.0194,1.0195,1.0241,0.9762,0.9763,0.9932,0.9933
9.8526,1.0247,1.0245,1.0247,1.0246,1.0247,1.0246,1.0199,1.0199,1.0199,1.0199,1.0200,1.0200,1.0200,1.0199,1.0199,1.0196,1.0183,1.0183,1.0199,1.0198,1.0189,1.0193,1.0193,1.0199,1.0199,1.0167,1.0154,1.0154,1.0180,1.0179,1.0154,1.0163,1.0163,1.0163,1.0196,1.0196,1.0197,0.9853,0.9854,1.0194,1.0195,1.0241,0.9762,0.9763,0.9932,0.9933
9.8626,1.0247,1.0245,1.0247,1.0246,1.0247,1.0246,1.0199,1.0199,1.0199,1.0199,1.0200,1.0200,1.0200,1.0199,1.0199,1.0196,1.0183,1.0183,1.0199,1.0198,1.0189,1.0193,1.0193,1.0199,1.0199,1.0167,1.0154,1.0154,1.0180,1.0179,1.0154,1.0163,1.0163,1.0163,1.0196,1.0196,1.0197,0.9853,0.9854,1.0194,1.0195,1.0241,0.9762,0.9763,0.9932,0.9933
9.8726,1.0247,1.0245,1.0247,1.0246,1.0247,1.0246,1.0199,1.0199,1.0199,1.0199,1.0200,1.0200,1.0200,1.0199,1.0199,1.0196,1.0183,1.0183,1.0199,1.0198,1.0189,1.0193,1.0193,1.0199,1.0199,1.0167,1.0154,1.0154,1.0180,1.0179,1.0154,1.0163,1.0163,1.0163,1.0196,1.0196,1.0197,0.9853,0.9854,1.0194,1.0195,1.0241,0.9762,0.9763,0.9932,0.9933
9.8826,1.0247,1.0245,1.0247,1.0246,1.0247,1.0246,1.0199,1.0199,1.0199,1.0199,1.0200,1.0200,1.0200,1.0199,1.0199,1.0196,1.0183,1.0183,1.0199,1.0198,1.0189,1.0193,1.0193,1.0199,1.0199,1.0167,1.0154,1.0154,1.0180,1.0179,1.0154,1.0163,1.0163,1.0163,1.0196,1.0196,1.0197,0.9853,0.9854,1.0194,1.0195,1.0241,0.9762,0.9763,0.9932,0.9933
9.8926,1.0247,1.0245,1.0247,1.0246,1.0247,1.0246,1.0199,1.0199,1.0199,1.0199,1.0200,1.0200,1.0200,1.0199,1.0199,1.0196,1.0183,1.0183,1.0199,1.0198,1.0189,1.0193,1.0193,1.0199,1.0199,1.0167,1.0154,1.0154,1.0180,1.0179,1.0154,1.0163,1.0163,1.0163,1.0196,1.0196,1.0197,0.9853,0.9854,1.0194,1.0195,1.0241,0.9762,0.9763,0.9932,0.9933
9.9026,1.0247,1.0245,1.0247,1.0246,1.0247,1.0246,1.0199,1.0199,1.0199,1.0199,1.0200,1.0200,1.0200,1.0199,1.0199,1.0196,1.0183,1.0183,1.0199,1.0198,1.0189,1.0193,1.0193,1.0199,1.0199,1.0167,1.0154,1.0154,1.0180,1.0179,1.0154,1.0163,1.0163,1.0163,1.0196,1.0196,1.0197,0.9853,0.9854,1.0194,1.0195,1.0241,0.9762,0.9763,0.9932,0.9933
9.9126,1.0247,1.0245,1.0247,1.0246,1.0247,1.0246,1.0199,1.0199,1.0199,1.0199,1.0200,1.0200,1.0200,1.0199,1.0199,1.0196,1.0183,1.0183,1.0199,1.0198,1.0189,1.0193,1.0193,1.0199,1.0199,1.0167,1.0154,1.0154,1.0180,1.0179,1.0154,1.0163,1.0163,1.0163,1.0196,1.0196,1.0197,0.9853,0.9854,1.0194,1.0195,1.0241,0.9762,0.9763,0.9932,0.9933
9.9226,1.0247,1.0245,1.0247,1.0246,1.0247,1.0246,1.0199,1.0199,1.0199,1.0199,1.0200,1.0200,1.0200,1.0199,1.0199,1.0196,1.0183,1.0183,1.0199,1.0198,1.0189,1.0193,1.0193,1.0199,1.0199,1.0167,1.0154,1.0154,1.0180,1.0179,1.0154,1.0163,1.0163,1.0163,1.0196,1.0196,1.0197,0.9853,0.9854,1.0194,1.0195,1.0241,0.9762,0.9763,0.9932,0.9933
9.9326,1.0247,1.0245,1.0247,1.0246,1.0247,1.0246,1.0199,1.0199,1.0199,1.0199,1.0200,1.0200,1.0200,1.0199,1.0199,1.0196,1.0183,1.0183,1.0199,1.0198,1.0189,1.0193,1.0193,1.0199,1.0199,1.0167,1.0154,1.0154,1.0180,1.0179,1.0154,1.0163,1.0163,1.0163,1.0196,1.0196,1.0197,0.9853,0.9854,1.0194,1.0195,1.0241,0.9762,0.9763,0.9932,0.9933
9.9426,1.0247,1.0245,1.0247,1.0246,1.0247,1.0246,1.0199,1.0199,1.0199,1.0199,1.0200,1.0200,1.0200,1.0199,1.0199,1.0196,1.0183,1.0183,1.0199,1.0198,1.0189,1.0193,1.0193,1.0199,1.0199,1.0167,1.0154,1.0154,1.0180,1.0179,1.0154,1.0163,1.0163,1.0163,1.0196,1.0196,1.0197,0.9853,0.9854,1.0194,1.0195,1.0241,0.9762,0.9763,0.9932,0.9933
9.9526,1.0247,1.0245,1.0247,1.0246,1.0247,1.0246,1.0199,1.0199,1.0199,1.0199,1.0200,1.0200,1.0200,1.0199,1.0199,1.0196,1.0183,1.0183,1.0199,1.0198,1.0189,1.0193,1.0193,1.0199,1.0199,1.0167,1.0154,1.0154,1.0180,1.0179,1.0154,1.0163,1.0163,1.0163,1.0196,1.0196,1.0197,0.9853,0.9854,1.0194,1.0195,1.0241,0.9762,0.9763,0.9932,0.9933
9.9626,1.0247,1.0245,1.0247,1.0246,1.0247,1.0246,1.0199,1.0199,1.0199,1.0199,1.0200,1.0200,1.0200,1.0199,1.0199,1.0196,1.0183,1.0183,1.0199,1.0198,1.0189,1.0193,1.0193,1.0199,1.0199,1.0167,1.0154,1.0154,1.0180,1.0179,1.0154,1.0163,1.0163,1.0163,1.0196,1.0196,1.0197,0.9853,0.9854,1.0194,1.0195,1.0241,0.9762,0.9763,0.9932,0.9933
9.9726,1.0247,1.0245,1.0247,1.0246,1.0247,1.0246,1.0199,1.0199,1.0199,1.0199,1.0200,1.0200,1.0200,1.0199,1.0199,1.0196,1.0183,1.0183,1.0199,1.0198,1.0189,1.0193,1.0193,1.0199,1.0199,1.0167,1.0154,1.0154,1.0180,1.0179,1.0154,1.0163,1.0163,1.0163,1.0196,1.0196,1.0197,0.9853,0.9854,1.0194,1.0195,1.0241,0.9762,0.9763,0.9932,0.9933
9.9826,1.0247,1.0245,1.0247,1.0246,1.0247,1.0246,1.0199,1.0199,1.0199,1.0199,1.0200,1.0200,1.0200,1.0199,1.0199,1.0196,1.0183,1.0183,1.0199,1.0198,1.0189,1.0193,1.0193,1.0199,1.0199,1.0167,1.0154,1.0154,1.0180,1.0179,1.0154,1.0163,1.0163,1.0163,1.0196,1.0196,1.0197,0.9853,0.9854,1.0194,1.0195,1.0241,0.9762,0.9763,0.9932,0.9933
9.9926,1.0247,1.0245,1.0247,1.0246,1.0247,1.0246,1.0199,1.0199,1.0199,1.0199,1.0200,1.0200,1.0200,1.0199,1.0199,1.0196,1.0183,1.0183,1.0199,1.0198,1.0189,1.0193,1.0193,1.0199,1.0199,1.0167,1.0154,1.0154,1.0180,1.0179,1.0154,1.0163,1.0163,1.0163,1.0196,1.0196,1.0197,0.9853,0.9854,1.0194,1.0195,1.0241,0.9762,0.9763,0.9932,0.9933
10.0000,1.0247,1.0245,1.0247,1.0246,1.0247,1.0246,1.0199,1.0199,1.0199,1.0199,1.0200,1.0200,1.0200,1.0199,1.0199,1.0196,1.0183,1.0183,1.0199,1.0198,1.0189,1.0193,1.0193,1.0199,1.0199,1.0167,1.0154,1.0154,1.0180,1.0179,1.0154,1.0163,1.0163,1.0163,1.0196,1.0196,1.0197,0.9853,0.9854,1.0194,1.0195,1.0241,0.9762,0.9763,0.9932,0.9933
